solid OpenSCAD_Model
  facet normal -0.827080574274575 -0.562083377852111 0
    outer loop
      vertex -20.568033988749896 -17.225570504584947 0.050000000000000044
      vertex -20.638655851004028 -17.121653589957994 -1
      vertex -20.568033988749896 -17.225570504584947 -1
    endloop
  endfacet
  facet normal -0.8910065241883602 -0.45399049973956196 0
    outer loop
      vertex -20.702613360087724 -17.013507348203433 0.050000000000000044
      vertex -20.75965410493204 -16.901558583130146 -1
      vertex -20.702613360087724 -17.013507348203433 -1
    endloop
  endfacet
  facet normal -0.8607420270039422 -0.5090414157503736 0
    outer loop
      vertex -20.638655851004028 -17.121653589957994 0.050000000000000044
      vertex -20.702613360087724 -17.013507348203433 -1
      vertex -20.638655851004028 -17.121653589957994 -1
    endloop
  endfacet
  facet normal -0.9177546256839866 -0.3971478906347683 0
    outer loop
      vertex -20.75965410493204 -16.901558583130146 0.050000000000000044
      vertex -20.8095529717765 -16.786249105369357 -1
      vertex -20.75965410493204 -16.901558583130146 -1
    endloop
  endfacet
  facet normal -0.9408807689542249 -0.338737920245293 0
    outer loop
      vertex -20.8095529717765 -16.786249105369357 0.050000000000000044
      vertex -20.852113032590307 -16.668033988749894 -1
      vertex -20.8095529717765 -16.786249105369357 -1
    endloop
  endfacet
  facet normal -0.3971478906347683 -0.9177546256839866 0
    outer loop
      vertex -19.686249105369356 -17.909552971776503 0.050000000000000044
      vertex -19.801558583130145 -17.85965410493204 -1
      vertex -19.686249105369356 -17.909552971776503 -1
    endloop
  endfacet
  facet normal -0.338737920245293 -0.9408807689542249 0
    outer loop
      vertex -19.568033988749892 -17.952113032590308 0.050000000000000044
      vertex -19.686249105369356 -17.909552971776503 -1
      vertex -19.568033988749892 -17.952113032590308 -1
    endloop
  endfacet
  facet normal -0.2789911060392287 -0.9602936856769433 0
    outer loop
      vertex -19.447379774329708 -17.987166322257263 0.050000000000000044
      vertex -19.568033988749892 -17.952113032590308 -1
      vertex -19.447379774329708 -17.987166322257263 -1
    endloop
  endfacet
  facet normal -0.1564344650402214 -0.9876883405951393 0
    outer loop
      vertex -19.200666467128606 -18.034229402628956 0.050000000000000044
      vertex -19.32476262917145 -18.01457450145738 -1
      vertex -19.200666467128606 -18.034229402628956 -1
    endloop
  endfacet
  facet normal -0.21814324139654823 -0.9759167619387462 0
    outer loop
      vertex -19.32476262917145 -18.01457450145738 0.050000000000000044
      vertex -19.447379774329708 -17.987166322257263 -1
      vertex -19.32476262917145 -18.01457450145738 -1
    endloop
  endfacet
  facet normal -0.6613118653236706 -0.750111069630443 0
    outer loop
      vertex -20.22484797949738 -17.59102648555158 0.050000000000000044
      vertex -20.319094211857376 -17.507937254842822 -1
      vertex -20.22484797949738 -17.59102648555158 -1
    endloop
  endfacet
  facet normal -0.7901550123756901 -0.6129070536529768 0
    outer loop
      vertex -20.49102648555158 -17.32484797949738 0.050000000000000044
      vertex -20.568033988749896 -17.225570504584947 -1
      vertex -20.49102648555158 -17.32484797949738 -1
    endloop
  endfacet
  facet normal -0.750111069630443 -0.6613118653236706 0
    outer loop
      vertex -20.40793725484282 -17.419094211857377 0.050000000000000044
      vertex -20.49102648555158 -17.32484797949738 -1
      vertex -20.40793725484282 -17.419094211857377 -1
    endloop
  endfacet
  facet normal -0.7071067811865476 -0.7071067811865476 0
    outer loop
      vertex -20.319094211857376 -17.507937254842822 0.050000000000000044
      vertex -20.40793725484282 -17.419094211857377 -1
      vertex -20.319094211857376 -17.507937254842822 -1
    endloop
  endfacet
  facet normal -0.6129070536529768 -0.7901550123756901 0
    outer loop
      vertex -20.125570504584946 -17.668033988749897 0.050000000000000044
      vertex -20.22484797949738 -17.59102648555158 -1
      vertex -20.125570504584946 -17.668033988749897 -1
    endloop
  endfacet
  facet normal -0.562083377852111 -0.827080574274575 0
    outer loop
      vertex -20.021653589957992 -17.73865585100403 0.050000000000000044
      vertex -20.125570504584946 -17.668033988749897 -1
      vertex -20.021653589957992 -17.73865585100403 -1
    endloop
  endfacet
  facet normal -0.5090414157503736 -0.8607420270039422 0
    outer loop
      vertex -19.91350734820343 -17.802613360087726 0.050000000000000044
      vertex -20.021653589957992 -17.73865585100403 -1
      vertex -19.91350734820343 -17.802613360087726 -1
    endloop
  endfacet
  facet normal -0.45399049973956196 -0.8910065241883602 0
    outer loop
      vertex -19.801558583130145 -17.85965410493204 0.050000000000000044
      vertex -19.91350734820343 -17.802613360087726 -1
      vertex -19.801558583130145 -17.85965410493204 -1
    endloop
  endfacet
  facet normal -0.9876883405951393 -0.1564344650402214 0
    outer loop
      vertex -20.914574501457377 -16.42476262917145 0.050000000000000044
      vertex -20.934229402628954 -16.300666467128607 -1
      vertex -20.914574501457377 -16.42476262917145 -1
    endloop
  endfacet
  facet normal -0.9955619646030792 -0.09410831331852379 0
    outer loop
      vertex -20.934229402628954 -16.300666467128607 0.050000000000000044
      vertex -20.946053456856543 -16.175581039058628 -1
      vertex -20.934229402628954 -16.300666467128607 -1
    endloop
  endfacet
  facet normal -0.9995065603657317 -0.03141075907812477 0
    outer loop
      vertex -20.946053456856543 -16.175581039058628 0.050000000000000044
      vertex -20.95 -16.05 -1
      vertex -20.946053456856543 -16.175581039058628 -1
    endloop
  endfacet
  facet normal -0.9602936856769433 -0.2789911060392287 0
    outer loop
      vertex -20.852113032590307 -16.668033988749894 0.050000000000000044
      vertex -20.88716632225726 -16.54737977432971 -1
      vertex -20.852113032590307 -16.668033988749894 -1
    endloop
  endfacet
  facet normal -0.9759167619387462 -0.21814324139654823 0
    outer loop
      vertex -20.88716632225726 -16.54737977432971 0.050000000000000044
      vertex -20.914574501457377 -16.42476262917145 -1
      vertex -20.88716632225726 -16.54737977432971 -1
    endloop
  endfacet
  facet normal -0.09410831331852379 -0.9955619646030792 0
    outer loop
      vertex -19.075581039058626 -18.046053456856544 0.050000000000000044
      vertex -19.200666467128606 -18.034229402628956 -1
      vertex -19.075581039058626 -18.046053456856544 -1
    endloop
  endfacet
  facet normal -0.03141075907812477 -0.9995065603657317 0
    outer loop
      vertex -18.95 -18.05 0.050000000000000044
      vertex -19.075581039058626 -18.046053456856544 -1
      vertex -18.95 -18.05 -1
    endloop
  endfacet
  facet normal -0.827080574274575 -0.562083377852111 0
    outer loop
      vertex -20.638655851004028 -17.121653589957994 0.050000000000000044
      vertex -20.638655851004028 -17.121653589957994 -1
      vertex -20.568033988749896 -17.225570504584947 0.050000000000000044
    endloop
  endfacet
  facet normal -0.8607420270039422 -0.5090414157503736 0
    outer loop
      vertex -20.638655851004028 -17.121653589957994 0.050000000000000044
      vertex -20.702613360087724 -17.013507348203433 0.050000000000000044
      vertex -20.702613360087724 -17.013507348203433 -1
    endloop
  endfacet
  facet normal -0.9177546256839866 -0.3971478906347683 0
    outer loop
      vertex -20.75965410493204 -16.901558583130146 0.050000000000000044
      vertex -20.8095529717765 -16.786249105369357 0.050000000000000044
      vertex -20.8095529717765 -16.786249105369357 -1
    endloop
  endfacet
  facet normal -0.9408807689542249 -0.338737920245293 0
    outer loop
      vertex -20.8095529717765 -16.786249105369357 0.050000000000000044
      vertex -20.852113032590307 -16.668033988749894 0.050000000000000044
      vertex -20.852113032590307 -16.668033988749894 -1
    endloop
  endfacet
  facet normal -0.8910065241883602 -0.45399049973956196 0
    outer loop
      vertex -20.702613360087724 -17.013507348203433 0.050000000000000044
      vertex -20.75965410493204 -16.901558583130146 0.050000000000000044
      vertex -20.75965410493204 -16.901558583130146 -1
    endloop
  endfacet
  facet normal -0.3971478906347683 -0.9177546256839866 0
    outer loop
      vertex -19.686249105369356 -17.909552971776503 0.050000000000000044
      vertex -19.801558583130145 -17.85965410493204 0.050000000000000044
      vertex -19.801558583130145 -17.85965410493204 -1
    endloop
  endfacet
  facet normal -0.338737920245293 -0.9408807689542249 0
    outer loop
      vertex -19.686249105369356 -17.909552971776503 0.050000000000000044
      vertex -19.686249105369356 -17.909552971776503 -1
      vertex -19.568033988749892 -17.952113032590308 0.050000000000000044
    endloop
  endfacet
  facet normal -0.2789911060392287 -0.9602936856769433 0
    outer loop
      vertex -19.568033988749892 -17.952113032590308 0.050000000000000044
      vertex -19.568033988749892 -17.952113032590308 -1
      vertex -19.447379774329708 -17.987166322257263 0.050000000000000044
    endloop
  endfacet
  facet normal -0.21814324139654823 -0.9759167619387462 0
    outer loop
      vertex -19.447379774329708 -17.987166322257263 0.050000000000000044
      vertex -19.447379774329708 -17.987166322257263 -1
      vertex -19.32476262917145 -18.01457450145738 0.050000000000000044
    endloop
  endfacet
  facet normal -0.1564344650402214 -0.9876883405951393 0
    outer loop
      vertex -19.32476262917145 -18.01457450145738 0.050000000000000044
      vertex -19.32476262917145 -18.01457450145738 -1
      vertex -19.200666467128606 -18.034229402628956 0.050000000000000044
    endloop
  endfacet
  facet normal -0.750111069630443 -0.6613118653236706 0
    outer loop
      vertex -20.40793725484282 -17.419094211857377 0.050000000000000044
      vertex -20.49102648555158 -17.32484797949738 0.050000000000000044
      vertex -20.49102648555158 -17.32484797949738 -1
    endloop
  endfacet
  facet normal -0.7071067811865476 -0.7071067811865476 0
    outer loop
      vertex -20.40793725484282 -17.419094211857377 0.050000000000000044
      vertex -20.40793725484282 -17.419094211857377 -1
      vertex -20.319094211857376 -17.507937254842822 0.050000000000000044
    endloop
  endfacet
  facet normal -0.6613118653236706 -0.750111069630443 0
    outer loop
      vertex -20.22484797949738 -17.59102648555158 0.050000000000000044
      vertex -20.319094211857376 -17.507937254842822 0.050000000000000044
      vertex -20.319094211857376 -17.507937254842822 -1
    endloop
  endfacet
  facet normal -0.6129070536529768 -0.7901550123756901 0
    outer loop
      vertex -20.22484797949738 -17.59102648555158 0.050000000000000044
      vertex -20.22484797949738 -17.59102648555158 -1
      vertex -20.125570504584946 -17.668033988749897 0.050000000000000044
    endloop
  endfacet
  facet normal -0.562083377852111 -0.827080574274575 0
    outer loop
      vertex -20.021653589957992 -17.73865585100403 0.050000000000000044
      vertex -20.125570504584946 -17.668033988749897 0.050000000000000044
      vertex -20.125570504584946 -17.668033988749897 -1
    endloop
  endfacet
  facet normal -0.5090414157503736 -0.8607420270039422 0
    outer loop
      vertex -20.021653589957992 -17.73865585100403 0.050000000000000044
      vertex -20.021653589957992 -17.73865585100403 -1
      vertex -19.91350734820343 -17.802613360087726 0.050000000000000044
    endloop
  endfacet
  facet normal -0.7901550123756901 -0.6129070536529768 0
    outer loop
      vertex -20.568033988749896 -17.225570504584947 0.050000000000000044
      vertex -20.568033988749896 -17.225570504584947 -1
      vertex -20.49102648555158 -17.32484797949738 0.050000000000000044
    endloop
  endfacet
  facet normal -0.45399049973956196 -0.8910065241883602 0
    outer loop
      vertex -19.91350734820343 -17.802613360087726 0.050000000000000044
      vertex -19.91350734820343 -17.802613360087726 -1
      vertex -19.801558583130145 -17.85965410493204 0.050000000000000044
    endloop
  endfacet
  facet normal -0.9876883405951393 -0.1564344650402214 0
    outer loop
      vertex -20.914574501457377 -16.42476262917145 0.050000000000000044
      vertex -20.934229402628954 -16.300666467128607 0.050000000000000044
      vertex -20.934229402628954 -16.300666467128607 -1
    endloop
  endfacet
  facet normal -0.9955619646030792 -0.09410831331852379 0
    outer loop
      vertex -20.934229402628954 -16.300666467128607 0.050000000000000044
      vertex -20.946053456856543 -16.175581039058628 0.050000000000000044
      vertex -20.946053456856543 -16.175581039058628 -1
    endloop
  endfacet
  facet normal -0.9995065603657317 -0.03141075907812477 0
    outer loop
      vertex -20.946053456856543 -16.175581039058628 0.050000000000000044
      vertex -20.95 -16.05 0.050000000000000044
      vertex -20.95 -16.05 -1
    endloop
  endfacet
  facet normal -0.9602936856769433 -0.2789911060392287 0
    outer loop
      vertex -20.88716632225726 -16.54737977432971 0.050000000000000044
      vertex -20.88716632225726 -16.54737977432971 -1
      vertex -20.852113032590307 -16.668033988749894 0.050000000000000044
    endloop
  endfacet
  facet normal -0.9759167619387462 -0.21814324139654823 0
    outer loop
      vertex -20.88716632225726 -16.54737977432971 0.050000000000000044
      vertex -20.914574501457377 -16.42476262917145 0.050000000000000044
      vertex -20.914574501457377 -16.42476262917145 -1
    endloop
  endfacet
  facet normal -0.09410831331852379 -0.9955619646030792 0
    outer loop
      vertex -19.200666467128606 -18.034229402628956 0.050000000000000044
      vertex -19.200666467128606 -18.034229402628956 -1
      vertex -19.075581039058626 -18.046053456856544 0.050000000000000044
    endloop
  endfacet
  facet normal -0.03141075907812477 -0.9995065603657317 0
    outer loop
      vertex -19.075581039058626 -18.046053456856544 0.050000000000000044
      vertex -19.075581039058626 -18.046053456856544 -1
      vertex -18.95 -18.05 0.050000000000000044
    endloop
  endfacet
  facet normal 0 0 -1
    outer loop
      vertex -20.125570504584946 17.668033988749897 -1
      vertex -20.8095529717765 -16.786249105369357 -1
      vertex -20.852113032590307 -16.668033988749894 -1
    endloop
  endfacet
  facet normal 0 0 -1
    outer loop
      vertex -20.22484797949738 17.59102648555158 -1
      vertex -20.88716632225726 -16.54737977432971 -1
      vertex -20.914574501457377 -16.42476262917145 -1
    endloop
  endfacet
  facet normal 0 0 -1
    outer loop
      vertex -20.125570504584946 17.668033988749897 -1
      vertex -20.852113032590307 -16.668033988749894 -1
      vertex -20.88716632225726 -16.54737977432971 -1
    endloop
  endfacet
  facet normal 0 0 -1
    outer loop
      vertex -20.22484797949738 17.59102648555158 -1
      vertex -20.914574501457377 -16.42476262917145 -1
      vertex -20.934229402628954 -16.300666467128607 -1
    endloop
  endfacet
  facet normal 0 0 -1
    outer loop
      vertex -20.22484797949738 17.59102648555158 -1
      vertex -20.934229402628954 -16.300666467128607 -1
      vertex -20.946053456856543 -16.175581039058628 -1
    endloop
  endfacet
  facet normal 0 0 -1
    outer loop
      vertex -20.22484797949738 17.59102648555158 -1
      vertex -20.946053456856543 -16.175581039058628 -1
      vertex -20.95 -16.05 -1
    endloop
  endfacet
  facet normal 0 0 -1
    outer loop
      vertex -20.125570504584946 17.668033988749897 -1
      vertex -19.91350734820343 -17.802613360087726 -1
      vertex -20.021653589957992 -17.73865585100403 -1
    endloop
  endfacet
  facet normal 0 0 -1
    outer loop
      vertex -19.801558583130145 -17.85965410493204 -1
      vertex -19.91350734820343 -17.802613360087726 -1
      vertex -20.021653589957992 17.73865585100403 -1
    endloop
  endfacet
  facet normal 0 0 -1
    outer loop
      vertex -19.686249105369356 -17.909552971776503 -1
      vertex -19.801558583130145 -17.85965410493204 -1
      vertex -19.91350734820343 17.80261336008773 -1
    endloop
  endfacet
  facet normal 0 0 -1
    outer loop
      vertex -19.568033988749892 -17.952113032590308 -1
      vertex -19.686249105369356 -17.909552971776503 -1
      vertex -19.91350734820343 17.80261336008773 -1
    endloop
  endfacet
  facet normal 0 0 -1
    outer loop
      vertex -19.447379774329708 -17.987166322257263 -1
      vertex -19.568033988749892 -17.952113032590308 -1
      vertex -19.801558583130145 17.85965410493204 -1
    endloop
  endfacet
  facet normal 0 0 -1
    outer loop
      vertex -19.32476262917145 -18.01457450145738 -1
      vertex -19.447379774329708 -17.987166322257263 -1
      vertex -19.686249105369356 17.909552971776503 -1
    endloop
  endfacet
  facet normal 0 0 -1
    outer loop
      vertex -19.200666467128606 -18.034229402628956 -1
      vertex -19.32476262917145 -18.01457450145738 -1
      vertex -19.686249105369356 17.909552971776503 -1
    endloop
  endfacet
  facet normal 0 0 -1
    outer loop
      vertex -19.075581039058626 -18.046053456856544 -1
      vertex -19.200666467128606 -18.034229402628956 -1
      vertex -19.686249105369356 17.909552971776503 -1
    endloop
  endfacet
  facet normal 0 0 -1
    outer loop
      vertex -18.95 -18.05 -1
      vertex -19.075581039058626 -18.046053456856544 -1
      vertex -19.686249105369356 17.909552971776503 -1
    endloop
  endfacet
  facet normal 0 0 -1
    outer loop
      vertex -20.125570504584946 17.668033988749897 -1
      vertex -20.40793725484282 -17.419094211857377 -1
      vertex -20.49102648555158 -17.32484797949738 -1
    endloop
  endfacet
  facet normal 0 0 -1
    outer loop
      vertex -20.40793725484282 -17.419094211857377 -1
      vertex -20.125570504584946 17.668033988749897 -1
      vertex -20.319094211857376 -17.507937254842822 -1
    endloop
  endfacet
  facet normal 0 0 -1
    outer loop
      vertex -20.125570504584946 17.668033988749897 -1
      vertex -20.568033988749896 -17.225570504584947 -1
      vertex -20.638655851004028 -17.121653589957994 -1
    endloop
  endfacet
  facet normal 0 0 -1
    outer loop
      vertex -20.125570504584946 17.668033988749897 -1
      vertex -20.702613360087724 -17.013507348203433 -1
      vertex -20.75965410493204 -16.901558583130146 -1
    endloop
  endfacet
  facet normal 0 0 -1
    outer loop
      vertex -20.125570504584946 17.668033988749897 -1
      vertex -20.638655851004028 -17.121653589957994 -1
      vertex -20.702613360087724 -17.013507348203433 -1
    endloop
  endfacet
  facet normal 0 0 -1
    outer loop
      vertex -20.125570504584946 17.668033988749897 -1
      vertex -20.49102648555158 -17.32484797949738 -1
      vertex -20.568033988749896 -17.225570504584947 -1
    endloop
  endfacet
  facet normal 0 0 -1
    outer loop
      vertex -20.125570504584946 17.668033988749897 -1
      vertex -20.22484797949738 -17.59102648555158 -1
      vertex -20.319094211857376 -17.507937254842822 -1
    endloop
  endfacet
  facet normal 0 0 -1
    outer loop
      vertex -20.125570504584946 17.668033988749897 -1
      vertex -20.125570504584946 -17.668033988749897 -1
      vertex -20.22484797949738 -17.59102648555158 -1
    endloop
  endfacet
  facet normal 0 0 -1
    outer loop
      vertex -20.125570504584946 17.668033988749897 -1
      vertex -20.021653589957992 -17.73865585100403 -1
      vertex -20.125570504584946 -17.668033988749897 -1
    endloop
  endfacet
  facet normal 0 0 -1
    outer loop
      vertex -20.125570504584946 17.668033988749897 -1
      vertex -20.75965410493204 -16.901558583130146 -1
      vertex -20.8095529717765 -16.786249105369357 -1
    endloop
  endfacet
  facet normal -1 0 0
    outer loop
      vertex -20.95 -16.05 0.050000000000000044
      vertex -20.95 16.05 -1
      vertex -20.95 -16.05 -1
    endloop
  endfacet
  facet normal 0 -1 0
    outer loop
      vertex -18.95 -18.05 0.050000000000000044
      vertex -18.95 -18.05 -1
      vertex 18.95 -18.05 0.050000000000000044
    endloop
  endfacet
  facet normal 0 0 -1
    outer loop
      vertex -18.95 -18.05 -1
      vertex -19.075581039058626 18.046053456856544 -1
      vertex 18.95 -18.05 -1
    endloop
  endfacet
  facet normal 0 0 -1
    outer loop
      vertex -20.319094211857376 -17.507937254842822 0.050000000000000044
      vertex -21.22484797949738 -18.59102648555158 0.050000000000000044
      vertex -21.319094211857376 -18.507937254842822 0.050000000000000044
    endloop
  endfacet
  facet normal 0 0 -1
    outer loop
      vertex -20.568033988749896 -17.225570504584947 0.050000000000000044
      vertex -21.40793725484282 -18.419094211857377 0.050000000000000044
      vertex -21.49102648555158 -18.32484797949738 0.050000000000000044
    endloop
  endfacet
  facet normal 0 0 -1
    outer loop
      vertex -20.40793725484282 -17.419094211857377 0.050000000000000044
      vertex -21.319094211857376 -18.507937254842822 0.050000000000000044
      vertex -21.40793725484282 -18.419094211857377 0.050000000000000044
    endloop
  endfacet
  facet normal 0 0 -1
    outer loop
      vertex -20.125570504584946 -17.668033988749897 0.050000000000000044
      vertex -21.125570504584946 -18.668033988749897 0.050000000000000044
      vertex -21.22484797949738 -18.59102648555158 0.050000000000000044
    endloop
  endfacet
  facet normal 0 0 -1
    outer loop
      vertex -19.91350734820343 -17.802613360087726 0.050000000000000044
      vertex -21.021653589957992 -18.73865585100403 0.050000000000000044
      vertex -21.125570504584946 -18.668033988749897 0.050000000000000044
    endloop
  endfacet
  facet normal 0 0 -1
    outer loop
      vertex -20.22484797949738 -17.59102648555158 0.050000000000000044
      vertex -21.22484797949738 -18.59102648555158 0.050000000000000044
      vertex -20.319094211857376 -17.507937254842822 0.050000000000000044
    endloop
  endfacet
  facet normal 0 0 -1
    outer loop
      vertex -20.8095529717765 -16.786249105369357 0.050000000000000044
      vertex -21.568033988749896 -18.225570504584947 0.050000000000000044
      vertex -21.638655851004028 -18.121653589957994 0.050000000000000044
    endloop
  endfacet
  facet normal 0 0 -1
    outer loop
      vertex -20.95 -16.05 0.050000000000000044
      vertex -21.702613360087724 -18.013507348203433 0.050000000000000044
      vertex -21.75965410493204 -17.901558583130146 0.050000000000000044
    endloop
  endfacet
  facet normal 0 0 -1
    outer loop
      vertex -20.914574501457377 -16.42476262917145 0.050000000000000044
      vertex -21.638655851004028 -18.121653589957994 0.050000000000000044
      vertex -21.702613360087724 -18.013507348203433 0.050000000000000044
    endloop
  endfacet
  facet normal 0 0 -1
    outer loop
      vertex -20.95 -16.05 0.050000000000000044
      vertex -21.934229402628954 -17.300666467128607 0.050000000000000044
      vertex -21.946053456856543 -17.175581039058628 0.050000000000000044
    endloop
  endfacet
  facet normal 0 0 -1
    outer loop
      vertex -20.95 -16.05 0.050000000000000044
      vertex -21.946053456856543 -17.175581039058628 0.050000000000000044
      vertex -21.95 -17.05 0.050000000000000044
    endloop
  endfacet
  facet normal 0 0 -1
    outer loop
      vertex -20.95 -16.05 0.050000000000000044
      vertex -21.8095529717765 -17.786249105369357 0.050000000000000044
      vertex -21.852113032590307 -17.668033988749894 0.050000000000000044
    endloop
  endfacet
  facet normal 0 0 -1
    outer loop
      vertex -20.95 -16.05 0.050000000000000044
      vertex -21.75965410493204 -17.901558583130146 0.050000000000000044
      vertex -21.8095529717765 -17.786249105369357 0.050000000000000044
    endloop
  endfacet
  facet normal 0 0 -1
    outer loop
      vertex -20.95 -16.05 0.050000000000000044
      vertex -21.852113032590307 -17.668033988749894 0.050000000000000044
      vertex -21.88716632225726 -17.54737977432971 0.050000000000000044
    endloop
  endfacet
  facet normal 0 0 -1
    outer loop
      vertex -20.95 -16.05 0.050000000000000044
      vertex -21.88716632225726 -17.54737977432971 0.050000000000000044
      vertex -21.914574501457377 -17.42476262917145 0.050000000000000044
    endloop
  endfacet
  facet normal 0 0 -1
    outer loop
      vertex -20.95 -16.05 0.050000000000000044
      vertex -21.914574501457377 -17.42476262917145 0.050000000000000044
      vertex -21.934229402628954 -17.300666467128607 0.050000000000000044
    endloop
  endfacet
  facet normal 0 0 -1
    outer loop
      vertex -20.702613360087724 -17.013507348203433 0.050000000000000044
      vertex -21.49102648555158 -18.32484797949738 0.050000000000000044
      vertex -21.568033988749896 -18.225570504584947 0.050000000000000044
    endloop
  endfacet
  facet normal 0 0 -1
    outer loop
      vertex -20.638655851004028 -17.121653589957994 0.050000000000000044
      vertex -21.49102648555158 -18.32484797949738 0.050000000000000044
      vertex -20.702613360087724 -17.013507348203433 0.050000000000000044
    endloop
  endfacet
  facet normal 0 0 -1
    outer loop
      vertex -20.702613360087724 -17.013507348203433 0.050000000000000044
      vertex -21.568033988749896 -18.225570504584947 0.050000000000000044
      vertex -20.75965410493204 -16.901558583130146 0.050000000000000044
    endloop
  endfacet
  facet normal 0 0 -1
    outer loop
      vertex -20.75965410493204 -16.901558583130146 0.050000000000000044
      vertex -21.568033988749896 -18.225570504584947 0.050000000000000044
      vertex -20.8095529717765 -16.786249105369357 0.050000000000000044
    endloop
  endfacet
  facet normal 0 0 -1
    outer loop
      vertex -20.40793725484282 -17.419094211857377 0.050000000000000044
      vertex -21.40793725484282 -18.419094211857377 0.050000000000000044
      vertex -20.49102648555158 -17.32484797949738 0.050000000000000044
    endloop
  endfacet
  facet normal 0 0 -1
    outer loop
      vertex -20.568033988749896 -17.225570504584947 0.050000000000000044
      vertex -20.49102648555158 -17.32484797949738 0.050000000000000044
      vertex -21.40793725484282 -18.419094211857377 0.050000000000000044
    endloop
  endfacet
  facet normal 0 0 -1
    outer loop
      vertex -20.40793725484282 -17.419094211857377 0.050000000000000044
      vertex -20.319094211857376 -17.507937254842822 0.050000000000000044
      vertex -21.319094211857376 -18.507937254842822 0.050000000000000044
    endloop
  endfacet
  facet normal 0 0 -1
    outer loop
      vertex -20.638655851004028 -17.121653589957994 0.050000000000000044
      vertex -20.568033988749896 -17.225570504584947 0.050000000000000044
      vertex -21.49102648555158 -18.32484797949738 0.050000000000000044
    endloop
  endfacet
  facet normal 0 0 -1
    outer loop
      vertex -20.8095529717765 -16.786249105369357 0.050000000000000044
      vertex -21.638655851004028 -18.121653589957994 0.050000000000000044
      vertex -20.852113032590307 -16.668033988749894 0.050000000000000044
    endloop
  endfacet
  facet normal 0 0 -1
    outer loop
      vertex -20.88716632225726 -16.54737977432971 0.050000000000000044
      vertex -20.852113032590307 -16.668033988749894 0.050000000000000044
      vertex -21.638655851004028 -18.121653589957994 0.050000000000000044
    endloop
  endfacet
  facet normal 0 0 -1
    outer loop
      vertex -20.88716632225726 -16.54737977432971 0.050000000000000044
      vertex -21.638655851004028 -18.121653589957994 0.050000000000000044
      vertex -20.914574501457377 -16.42476262917145 0.050000000000000044
    endloop
  endfacet
  facet normal 0 0 -1
    outer loop
      vertex -20.914574501457377 -16.42476262917145 0.050000000000000044
      vertex -21.702613360087724 -18.013507348203433 0.050000000000000044
      vertex -20.934229402628954 -16.300666467128607 0.050000000000000044
    endloop
  endfacet
  facet normal 0 0 -1
    outer loop
      vertex -20.934229402628954 -16.300666467128607 0.050000000000000044
      vertex -21.702613360087724 -18.013507348203433 0.050000000000000044
      vertex -20.946053456856543 -16.175581039058628 0.050000000000000044
    endloop
  endfacet
  facet normal 0 0 -1
    outer loop
      vertex -20.946053456856543 -16.175581039058628 0.050000000000000044
      vertex -21.702613360087724 -18.013507348203433 0.050000000000000044
      vertex -20.95 -16.05 0.050000000000000044
    endloop
  endfacet
  facet normal 0 0 -1
    outer loop
      vertex -19.686249105369356 -17.909552971776503 0.050000000000000044
      vertex -20.91350734820343 -18.802613360087726 0.050000000000000044
      vertex -21.021653589957992 -18.73865585100403 0.050000000000000044
    endloop
  endfacet
  facet normal 0 0 -1
    outer loop
      vertex -19.32476262917145 -18.01457450145738 0.050000000000000044
      vertex -20.801558583130145 -18.85965410493204 0.050000000000000044
      vertex -20.91350734820343 -18.802613360087726 0.050000000000000044
    endloop
  endfacet
  facet normal 0 0 -1
    outer loop
      vertex -19.075581039058626 -18.046053456856544 0.050000000000000044
      vertex -20.686249105369356 -18.909552971776503 0.050000000000000044
      vertex -20.801558583130145 -18.85965410493204 0.050000000000000044
    endloop
  endfacet
  facet normal 0 0 -1
    outer loop
      vertex -19.075581039058626 -18.046053456856544 0.050000000000000044
      vertex -20.568033988749892 -18.952113032590308 0.050000000000000044
      vertex -20.686249105369356 -18.909552971776503 0.050000000000000044
    endloop
  endfacet
  facet normal 0 0 -1
    outer loop
      vertex -19.075581039058626 -18.046053456856544 0.050000000000000044
      vertex -20.447379774329708 -18.987166322257263 0.050000000000000044
      vertex -20.568033988749892 -18.952113032590308 0.050000000000000044
    endloop
  endfacet
  facet normal 0 0 -1
    outer loop
      vertex -19.075581039058626 -18.046053456856544 0.050000000000000044
      vertex -20.32476262917145 -19.01457450145738 0.050000000000000044
      vertex -20.447379774329708 -18.987166322257263 0.050000000000000044
    endloop
  endfacet
  facet normal 0 0 -1
    outer loop
      vertex -20.021653589957992 -17.73865585100403 0.050000000000000044
      vertex -21.125570504584946 -18.668033988749897 0.050000000000000044
      vertex -20.125570504584946 -17.668033988749897 0.050000000000000044
    endloop
  endfacet
  facet normal 0 0 -1
    outer loop
      vertex -20.22484797949738 -17.59102648555158 0.050000000000000044
      vertex -20.125570504584946 -17.668033988749897 0.050000000000000044
      vertex -21.22484797949738 -18.59102648555158 0.050000000000000044
    endloop
  endfacet
  facet normal 0 0 -1
    outer loop
      vertex -20.021653589957992 -17.73865585100403 0.050000000000000044
      vertex -19.91350734820343 -17.802613360087726 0.050000000000000044
      vertex -21.125570504584946 -18.668033988749897 0.050000000000000044
    endloop
  endfacet
  facet normal 0 0 -1
    outer loop
      vertex -19.91350734820343 -17.802613360087726 0.050000000000000044
      vertex -19.801558583130145 -17.85965410493204 0.050000000000000044
      vertex -21.021653589957992 -18.73865585100403 0.050000000000000044
    endloop
  endfacet
  facet normal 0 0 -1
    outer loop
      vertex -19.686249105369356 -17.909552971776503 0.050000000000000044
      vertex -21.021653589957992 -18.73865585100403 0.050000000000000044
      vertex -19.801558583130145 -17.85965410493204 0.050000000000000044
    endloop
  endfacet
  facet normal 0 0 -1
    outer loop
      vertex -19.686249105369356 -17.909552971776503 0.050000000000000044
      vertex -19.568033988749892 -17.952113032590308 0.050000000000000044
      vertex -20.91350734820343 -18.802613360087726 0.050000000000000044
    endloop
  endfacet
  facet normal 0 0 -1
    outer loop
      vertex -19.568033988749892 -17.952113032590308 0.050000000000000044
      vertex -19.447379774329708 -17.987166322257263 0.050000000000000044
      vertex -20.91350734820343 -18.802613360087726 0.050000000000000044
    endloop
  endfacet
  facet normal 0 0 -1
    outer loop
      vertex -19.447379774329708 -17.987166322257263 0.050000000000000044
      vertex -19.32476262917145 -18.01457450145738 0.050000000000000044
      vertex -20.91350734820343 -18.802613360087726 0.050000000000000044
    endloop
  endfacet
  facet normal 0 0 -1
    outer loop
      vertex -19.075581039058626 -18.046053456856544 0.050000000000000044
      vertex -20.200666467128606 -19.034229402628956 0.050000000000000044
      vertex -20.32476262917145 -19.01457450145738 0.050000000000000044
    endloop
  endfacet
  facet normal 0 0 -1
    outer loop
      vertex -19.075581039058626 -18.046053456856544 0.050000000000000044
      vertex -20.075581039058626 -19.046053456856544 0.050000000000000044
      vertex -20.200666467128606 -19.034229402628956 0.050000000000000044
    endloop
  endfacet
  facet normal 0 0 -1
    outer loop
      vertex -19.075581039058626 -18.046053456856544 0.050000000000000044
      vertex -19.95 -19.05 0.050000000000000044
      vertex -20.075581039058626 -19.046053456856544 0.050000000000000044
    endloop
  endfacet
  facet normal 0 0 -1
    outer loop
      vertex -19.32476262917145 -18.01457450145738 0.050000000000000044
      vertex -19.200666467128606 -18.034229402628956 0.050000000000000044
      vertex -20.801558583130145 -18.85965410493204 0.050000000000000044
    endloop
  endfacet
  facet normal 0 0 -1
    outer loop
      vertex -19.200666467128606 -18.034229402628956 0.050000000000000044
      vertex -19.075581039058626 -18.046053456856544 0.050000000000000044
      vertex -20.801558583130145 -18.85965410493204 0.050000000000000044
    endloop
  endfacet
  facet normal 0 0 -1
    outer loop
      vertex -19.075581039058626 -18.046053456856544 0.050000000000000044
      vertex -18.95 -18.05 0.050000000000000044
      vertex -19.95 -19.05 0.050000000000000044
    endloop
  endfacet
  facet normal -0.6613118653236707 -0.750111069630443 0
    outer loop
      vertex -21.319094211857376 -18.507937254842822 1
      vertex -21.319094211857376 -18.507937254842822 0.050000000000000044
      vertex -21.22484797949738 -18.59102648555158 0.050000000000000044
    endloop
  endfacet
  facet normal -0.827080574274575 -0.5620833778521112 0
    outer loop
      vertex -21.638655851004028 -18.121653589957994 1
      vertex -21.638655851004028 -18.121653589957994 0.050000000000000044
      vertex -21.568033988749896 -18.225570504584947 0.050000000000000044
    endloop
  endfacet
  facet normal -0.8607420270039422 -0.5090414157503736 0
    outer loop
      vertex -21.702613360087724 -18.013507348203433 1
      vertex -21.702613360087724 -18.013507348203433 0.050000000000000044
      vertex -21.638655851004028 -18.121653589957994 0.050000000000000044
    endloop
  endfacet
  facet normal -0.8910065241883602 -0.45399049973956185 0
    outer loop
      vertex -21.75965410493204 -17.901558583130146 1
      vertex -21.75965410493204 -17.901558583130146 0.050000000000000044
      vertex -21.702613360087724 -18.013507348203433 0.050000000000000044
    endloop
  endfacet
  facet normal -0.750111069630443 -0.6613118653236707 0
    outer loop
      vertex -21.49102648555158 -18.32484797949738 1
      vertex -21.49102648555158 -18.32484797949738 0.050000000000000044
      vertex -21.40793725484282 -18.419094211857377 0.050000000000000044
    endloop
  endfacet
  facet normal -0.7901550123756901 -0.6129070536529768 0
    outer loop
      vertex -21.568033988749896 -18.225570504584947 1
      vertex -21.568033988749896 -18.225570504584947 0.050000000000000044
      vertex -21.49102648555158 -18.32484797949738 0.050000000000000044
    endloop
  endfacet
  facet normal -0.7071067811865475 -0.7071067811865475 0
    outer loop
      vertex -21.40793725484282 -18.419094211857377 1
      vertex -21.40793725484282 -18.419094211857377 0.050000000000000044
      vertex -21.319094211857376 -18.507937254842822 0.050000000000000044
    endloop
  endfacet
  facet normal -0.5090414157503736 -0.8607420270039422 0
    outer loop
      vertex -21.021653589957992 -18.73865585100403 1
      vertex -21.021653589957992 -18.73865585100403 0.050000000000000044
      vertex -20.91350734820343 -18.802613360087726 0.050000000000000044
    endloop
  endfacet
  facet normal -0.6129070536529768 -0.7901550123756901 0
    outer loop
      vertex -21.22484797949738 -18.59102648555158 1
      vertex -21.22484797949738 -18.59102648555158 0.050000000000000044
      vertex -21.125570504584946 -18.668033988749897 0.050000000000000044
    endloop
  endfacet
  facet normal -0.5620833778521112 -0.827080574274575 0
    outer loop
      vertex -21.125570504584946 -18.668033988749897 1
      vertex -21.125570504584946 -18.668033988749897 0.050000000000000044
      vertex -21.021653589957992 -18.73865585100403 0.050000000000000044
    endloop
  endfacet
  facet normal -0.45399049973956185 -0.8910065241883602 0
    outer loop
      vertex -20.91350734820343 -18.802613360087726 1
      vertex -20.91350734820343 -18.802613360087726 0.050000000000000044
      vertex -20.801558583130145 -18.85965410493204 0.050000000000000044
    endloop
  endfacet
  facet normal -0.3971478906347683 -0.9177546256839865 0
    outer loop
      vertex -20.801558583130145 -18.85965410493204 1
      vertex -20.801558583130145 -18.85965410493204 0.050000000000000044
      vertex -20.686249105369356 -18.909552971776503 0.050000000000000044
    endloop
  endfacet
  facet normal -0.33873792024529303 -0.9408807689542249 0
    outer loop
      vertex -20.686249105369356 -18.909552971776503 1
      vertex -20.686249105369356 -18.909552971776503 0.050000000000000044
      vertex -20.568033988749892 -18.952113032590308 0.050000000000000044
    endloop
  endfacet
  facet normal -0.9177546256839865 -0.3971478906347683 0
    outer loop
      vertex -21.8095529717765 -17.786249105369357 1
      vertex -21.8095529717765 -17.786249105369357 0.050000000000000044
      vertex -21.75965410493204 -17.901558583130146 0.050000000000000044
    endloop
  endfacet
  facet normal -0.9602936856769433 -0.2789911060392287 0
    outer loop
      vertex -21.88716632225726 -17.54737977432971 1
      vertex -21.88716632225726 -17.54737977432971 0.050000000000000044
      vertex -21.852113032590307 -17.668033988749894 0.050000000000000044
    endloop
  endfacet
  facet normal -0.9408807689542249 -0.33873792024529303 0
    outer loop
      vertex -21.852113032590307 -17.668033988749894 1
      vertex -21.852113032590307 -17.668033988749894 0.050000000000000044
      vertex -21.8095529717765 -17.786249105369357 0.050000000000000044
    endloop
  endfacet
  facet normal -0.9759167619387461 -0.2181432413965482 0
    outer loop
      vertex -21.914574501457377 -17.42476262917145 1
      vertex -21.914574501457377 -17.42476262917145 0.050000000000000044
      vertex -21.88716632225726 -17.54737977432971 0.050000000000000044
    endloop
  endfacet
  facet normal -0.9876883405951392 -0.15643446504022143 0
    outer loop
      vertex -21.934229402628954 -17.300666467128607 1
      vertex -21.934229402628954 -17.300666467128607 0.050000000000000044
      vertex -21.914574501457377 -17.42476262917145 0.050000000000000044
    endloop
  endfacet
  facet normal -0.9955619646030791 -0.09410831331852376 0
    outer loop
      vertex -21.946053456856543 -17.175581039058628 1
      vertex -21.946053456856543 -17.175581039058628 0.050000000000000044
      vertex -21.934229402628954 -17.300666467128607 0.050000000000000044
    endloop
  endfacet
  facet normal -0.9995065603657316 -0.03141075907812476 0
    outer loop
      vertex -21.95 -17.05 1
      vertex -21.95 -17.05 0.050000000000000044
      vertex -21.946053456856543 -17.175581039058628 0.050000000000000044
    endloop
  endfacet
  facet normal -0.2789911060392287 -0.9602936856769433 0
    outer loop
      vertex -20.568033988749892 -18.952113032590308 1
      vertex -20.568033988749892 -18.952113032590308 0.050000000000000044
      vertex -20.447379774329708 -18.987166322257263 0.050000000000000044
    endloop
  endfacet
  facet normal -0.2181432413965482 -0.9759167619387461 0
    outer loop
      vertex -20.447379774329708 -18.987166322257263 1
      vertex -20.447379774329708 -18.987166322257263 0.050000000000000044
      vertex -20.32476262917145 -19.01457450145738 0.050000000000000044
    endloop
  endfacet
  facet normal -0.15643446504022143 -0.9876883405951392 0
    outer loop
      vertex -20.32476262917145 -19.01457450145738 1
      vertex -20.32476262917145 -19.01457450145738 0.050000000000000044
      vertex -20.200666467128606 -19.034229402628956 0.050000000000000044
    endloop
  endfacet
  facet normal -0.09410831331852376 -0.9955619646030791 0
    outer loop
      vertex -20.200666467128606 -19.034229402628956 1
      vertex -20.200666467128606 -19.034229402628956 0.050000000000000044
      vertex -20.075581039058626 -19.046053456856544 0.050000000000000044
    endloop
  endfacet
  facet normal -0.03141075907812476 -0.9995065603657316 0
    outer loop
      vertex -20.075581039058626 -19.046053456856544 1
      vertex -20.075581039058626 -19.046053456856544 0.050000000000000044
      vertex -19.95 -19.05 0.050000000000000044
    endloop
  endfacet
  facet normal -0.7071067811865475 -0.7071067811865475 0
    outer loop
      vertex -21.319094211857376 -18.507937254842822 1
      vertex -21.40793725484282 -18.419094211857377 1
      vertex -21.319094211857376 -18.507937254842822 0.050000000000000044
    endloop
  endfacet
  facet normal -0.8607420270039422 -0.5090414157503736 0
    outer loop
      vertex -21.702613360087724 -18.013507348203433 1
      vertex -21.638655851004028 -18.121653589957994 0.050000000000000044
      vertex -21.638655851004028 -18.121653589957994 1
    endloop
  endfacet
  facet normal -0.8910065241883602 -0.45399049973956185 0
    outer loop
      vertex -21.702613360087724 -18.013507348203433 1
      vertex -21.75965410493204 -17.901558583130146 1
      vertex -21.702613360087724 -18.013507348203433 0.050000000000000044
    endloop
  endfacet
  facet normal -0.9177546256839865 -0.3971478906347683 0
    outer loop
      vertex -21.75965410493204 -17.901558583130146 1
      vertex -21.8095529717765 -17.786249105369357 1
      vertex -21.75965410493204 -17.901558583130146 0.050000000000000044
    endloop
  endfacet
  facet normal -0.750111069630443 -0.6613118653236707 0
    outer loop
      vertex -21.49102648555158 -18.32484797949738 1
      vertex -21.40793725484282 -18.419094211857377 0.050000000000000044
      vertex -21.40793725484282 -18.419094211857377 1
    endloop
  endfacet
  facet normal -0.827080574274575 -0.5620833778521112 0
    outer loop
      vertex -21.638655851004028 -18.121653589957994 1
      vertex -21.568033988749896 -18.225570504584947 0.050000000000000044
      vertex -21.568033988749896 -18.225570504584947 1
    endloop
  endfacet
  facet normal -0.7901550123756901 -0.6129070536529768 0
    outer loop
      vertex -21.49102648555158 -18.32484797949738 1
      vertex -21.568033988749896 -18.225570504584947 1
      vertex -21.49102648555158 -18.32484797949738 0.050000000000000044
    endloop
  endfacet
  facet normal -0.5090414157503736 -0.8607420270039422 0
    outer loop
      vertex -21.021653589957992 -18.73865585100403 1
      vertex -20.91350734820343 -18.802613360087726 0.050000000000000044
      vertex -20.91350734820343 -18.802613360087726 1
    endloop
  endfacet
  facet normal -0.6129070536529768 -0.7901550123756901 0
    outer loop
      vertex -21.125570504584946 -18.668033988749897 1
      vertex -21.22484797949738 -18.59102648555158 1
      vertex -21.125570504584946 -18.668033988749897 0.050000000000000044
    endloop
  endfacet
  facet normal -0.6613118653236707 -0.750111069630443 0
    outer loop
      vertex -21.319094211857376 -18.507937254842822 1
      vertex -21.22484797949738 -18.59102648555158 0.050000000000000044
      vertex -21.22484797949738 -18.59102648555158 1
    endloop
  endfacet
  facet normal -0.5620833778521112 -0.827080574274575 0
    outer loop
      vertex -21.125570504584946 -18.668033988749897 1
      vertex -21.021653589957992 -18.73865585100403 0.050000000000000044
      vertex -21.021653589957992 -18.73865585100403 1
    endloop
  endfacet
  facet normal -0.45399049973956185 -0.8910065241883602 0
    outer loop
      vertex -20.91350734820343 -18.802613360087726 1
      vertex -20.801558583130145 -18.85965410493204 0.050000000000000044
      vertex -20.801558583130145 -18.85965410493204 1
    endloop
  endfacet
  facet normal -0.33873792024529303 -0.9408807689542249 0
    outer loop
      vertex -20.686249105369356 -18.909552971776503 1
      vertex -20.568033988749892 -18.952113032590308 0.050000000000000044
      vertex -20.568033988749892 -18.952113032590308 1
    endloop
  endfacet
  facet normal -0.3971478906347683 -0.9177546256839865 0
    outer loop
      vertex -20.801558583130145 -18.85965410493204 1
      vertex -20.686249105369356 -18.909552971776503 0.050000000000000044
      vertex -20.686249105369356 -18.909552971776503 1
    endloop
  endfacet
  facet normal -0.9408807689542249 -0.33873792024529303 0
    outer loop
      vertex -21.8095529717765 -17.786249105369357 1
      vertex -21.852113032590307 -17.668033988749894 1
      vertex -21.8095529717765 -17.786249105369357 0.050000000000000044
    endloop
  endfacet
  facet normal -0.9602936856769433 -0.2789911060392287 0
    outer loop
      vertex -21.852113032590307 -17.668033988749894 1
      vertex -21.88716632225726 -17.54737977432971 1
      vertex -21.852113032590307 -17.668033988749894 0.050000000000000044
    endloop
  endfacet
  facet normal -0.9759167619387461 -0.2181432413965482 0
    outer loop
      vertex -21.88716632225726 -17.54737977432971 1
      vertex -21.914574501457377 -17.42476262917145 1
      vertex -21.88716632225726 -17.54737977432971 0.050000000000000044
    endloop
  endfacet
  facet normal -0.9876883405951392 -0.15643446504022143 0
    outer loop
      vertex -21.914574501457377 -17.42476262917145 1
      vertex -21.934229402628954 -17.300666467128607 1
      vertex -21.914574501457377 -17.42476262917145 0.050000000000000044
    endloop
  endfacet
  facet normal -0.9955619646030791 -0.09410831331852376 0
    outer loop
      vertex -21.934229402628954 -17.300666467128607 1
      vertex -21.946053456856543 -17.175581039058628 1
      vertex -21.934229402628954 -17.300666467128607 0.050000000000000044
    endloop
  endfacet
  facet normal -0.9995065603657316 -0.03141075907812476 0
    outer loop
      vertex -21.946053456856543 -17.175581039058628 1
      vertex -21.95 -17.05 1
      vertex -21.946053456856543 -17.175581039058628 0.050000000000000044
    endloop
  endfacet
  facet normal -0.2789911060392287 -0.9602936856769433 0
    outer loop
      vertex -20.568033988749892 -18.952113032590308 1
      vertex -20.447379774329708 -18.987166322257263 0.050000000000000044
      vertex -20.447379774329708 -18.987166322257263 1
    endloop
  endfacet
  facet normal -0.2181432413965482 -0.9759167619387461 0
    outer loop
      vertex -20.447379774329708 -18.987166322257263 1
      vertex -20.32476262917145 -19.01457450145738 0.050000000000000044
      vertex -20.32476262917145 -19.01457450145738 1
    endloop
  endfacet
  facet normal -0.15643446504022143 -0.9876883405951392 0
    outer loop
      vertex -20.32476262917145 -19.01457450145738 1
      vertex -20.200666467128606 -19.034229402628956 0.050000000000000044
      vertex -20.200666467128606 -19.034229402628956 1
    endloop
  endfacet
  facet normal -0.09410831331852376 -0.9955619646030791 0
    outer loop
      vertex -20.200666467128606 -19.034229402628956 1
      vertex -20.075581039058626 -19.046053456856544 0.050000000000000044
      vertex -20.075581039058626 -19.046053456856544 1
    endloop
  endfacet
  facet normal -0.03141075907812476 -0.9995065603657316 0
    outer loop
      vertex -20.075581039058626 -19.046053456856544 1
      vertex -19.95 -19.05 0.050000000000000044
      vertex -19.95 -19.05 1
    endloop
  endfacet
  facet normal 0 0 -1
    outer loop
      vertex -20.95 -16.05 0.050000000000000044
      vertex -21.95 -17.05 0.050000000000000044
      vertex -20.95 16.05 0.050000000000000044
    endloop
  endfacet
  facet normal -1 0 0
    outer loop
      vertex -21.95 -17.05 1
      vertex -21.95 17.05 0.050000000000000044
      vertex -21.95 -17.05 0.050000000000000044
    endloop
  endfacet
  facet normal 0 0 1
    outer loop
      vertex -21.319094211857376 -18.507937254842822 1
      vertex -20.20066646712861 19.034229402628956 1
      vertex -21.40793725484282 -18.419094211857377 1
    endloop
  endfacet
  facet normal 0 0 1
    outer loop
      vertex -21.125570504584946 -18.668033988749897 1
      vertex -21.021653589957992 -18.73865585100403 1
      vertex -20.20066646712861 19.034229402628956 1
    endloop
  endfacet
  facet normal 0 0 1
    outer loop
      vertex -21.125570504584946 -18.668033988749897 1
      vertex -20.20066646712861 19.034229402628956 1
      vertex -21.22484797949738 -18.59102648555158 1
    endloop
  endfacet
  facet normal 0 0 1
    outer loop
      vertex -21.319094211857376 -18.507937254842822 1
      vertex -21.22484797949738 -18.59102648555158 1
      vertex -20.20066646712861 19.034229402628956 1
    endloop
  endfacet
  facet normal 0 0 1
    outer loop
      vertex -21.021653589957992 -18.73865585100403 1
      vertex -20.91350734820343 -18.802613360087726 1
      vertex -20.20066646712861 19.034229402628956 1
    endloop
  endfacet
  facet normal 0 0 1
    outer loop
      vertex -20.91350734820343 -18.802613360087726 1
      vertex -20.801558583130145 -18.85965410493204 1
      vertex -20.20066646712861 19.034229402628956 1
    endloop
  endfacet
  facet normal 0 0 1
    outer loop
      vertex -21.8095529717765 -17.786249105369357 1
      vertex -20.20066646712861 19.034229402628956 1
      vertex -21.852113032590307 -17.668033988749894 1
    endloop
  endfacet
  facet normal 0 0 1
    outer loop
      vertex -21.852113032590307 -17.668033988749894 1
      vertex -20.20066646712861 19.034229402628956 1
      vertex -21.88716632225726 -17.54737977432971 1
    endloop
  endfacet
  facet normal 0 0 1
    outer loop
      vertex -21.914574501457377 -17.42476262917145 1
      vertex -20.20066646712861 19.034229402628956 1
      vertex -21.934229402628954 -17.300666467128607 1
    endloop
  endfacet
  facet normal 0 0 1
    outer loop
      vertex -21.88716632225726 -17.54737977432971 1
      vertex -20.20066646712861 19.034229402628956 1
      vertex -21.914574501457377 -17.42476262917145 1
    endloop
  endfacet
  facet normal 0 0 1
    outer loop
      vertex -21.934229402628954 -17.300666467128607 1
      vertex -20.20066646712861 19.034229402628956 1
      vertex -21.946053456856543 -17.175581039058628 1
    endloop
  endfacet
  facet normal 0 0 1
    outer loop
      vertex -21.946053456856543 -17.175581039058628 1
      vertex -20.20066646712861 19.034229402628956 1
      vertex -21.95 -17.05 1
    endloop
  endfacet
  facet normal 0 0 1
    outer loop
      vertex -21.702613360087724 -18.013507348203433 1
      vertex -21.638655851004028 -18.121653589957994 1
      vertex -20.20066646712861 19.034229402628956 1
    endloop
  endfacet
  facet normal 0 0 1
    outer loop
      vertex -21.638655851004028 -18.121653589957994 1
      vertex -21.568033988749896 -18.225570504584947 1
      vertex -20.20066646712861 19.034229402628956 1
    endloop
  endfacet
  facet normal 0 0 1
    outer loop
      vertex -21.49102648555158 -18.32484797949738 1
      vertex -21.40793725484282 -18.419094211857377 1
      vertex -20.20066646712861 19.034229402628956 1
    endloop
  endfacet
  facet normal 0 0 1
    outer loop
      vertex -21.49102648555158 -18.32484797949738 1
      vertex -20.20066646712861 19.034229402628956 1
      vertex -21.568033988749896 -18.225570504584947 1
    endloop
  endfacet
  facet normal 0 0 1
    outer loop
      vertex -21.702613360087724 -18.013507348203433 1
      vertex -20.20066646712861 19.034229402628956 1
      vertex -21.75965410493204 -17.901558583130146 1
    endloop
  endfacet
  facet normal 0 0 1
    outer loop
      vertex -21.75965410493204 -17.901558583130146 1
      vertex -20.20066646712861 19.034229402628956 1
      vertex -21.8095529717765 -17.786249105369357 1
    endloop
  endfacet
  facet normal 0 0 1
    outer loop
      vertex -20.686249105369356 -18.909552971776503 1
      vertex -20.568033988749892 -18.952113032590308 1
      vertex -20.20066646712861 19.034229402628956 1
    endloop
  endfacet
  facet normal 0 0 1
    outer loop
      vertex -20.568033988749892 -18.952113032590308 1
      vertex -20.447379774329708 -18.987166322257263 1
      vertex -20.20066646712861 19.034229402628956 1
    endloop
  endfacet
  facet normal 0 0 1
    outer loop
      vertex -20.447379774329708 -18.987166322257263 1
      vertex -20.32476262917145 -19.01457450145738 1
      vertex -20.20066646712861 19.034229402628956 1
    endloop
  endfacet
  facet normal 0 0 1
    outer loop
      vertex -20.32476262917145 -19.01457450145738 1
      vertex -20.200666467128606 -19.034229402628956 1
      vertex -20.20066646712861 19.034229402628956 1
    endloop
  endfacet
  facet normal 0 0 1
    outer loop
      vertex -20.801558583130145 -18.85965410493204 1
      vertex -20.686249105369356 -18.909552971776503 1
      vertex -20.20066646712861 19.034229402628956 1
    endloop
  endfacet
  facet normal 0 0 1
    outer loop
      vertex -20.200666467128606 -19.034229402628956 1
      vertex -20.075581039058626 -19.046053456856544 1
      vertex -20.20066646712861 19.034229402628956 1
    endloop
  endfacet
  facet normal 0 0 1
    outer loop
      vertex -20.075581039058626 -19.046053456856544 1
      vertex -19.95 -19.05 1
      vertex -20.20066646712861 19.034229402628956 1
    endloop
  endfacet
  facet normal 0 0 -1
    outer loop
      vertex -18.95 -18.05 0.050000000000000044
      vertex 19.95 -19.05 0.050000000000000044
      vertex -19.95 -19.05 0.050000000000000044
    endloop
  endfacet
  facet normal 0 -1 0
    outer loop
      vertex -19.95 -19.05 1
      vertex -19.95 -19.05 0.050000000000000044
      vertex 19.95 -19.05 0.050000000000000044
    endloop
  endfacet
  facet normal 0 0 1
    outer loop
      vertex -19.95 -19.05 1
      vertex 19.95 -19.05 1
      vertex -20.20066646712861 19.034229402628956 1
    endloop
  endfacet
  facet normal 0 0 -1
    outer loop
      vertex -20.95 16.05 -1
      vertex -20.22484797949738 17.59102648555158 -1
      vertex -20.95 -16.05 -1
    endloop
  endfacet
  facet normal 0 0 -1
    outer loop
      vertex -19.91350734820343 -17.802613360087726 -1
      vertex -20.125570504584946 17.668033988749897 -1
      vertex -20.021653589957992 17.73865585100403 -1
    endloop
  endfacet
  facet normal 0 0 -1
    outer loop
      vertex -19.801558583130145 -17.85965410493204 -1
      vertex -20.021653589957992 17.73865585100403 -1
      vertex -19.91350734820343 17.80261336008773 -1
    endloop
  endfacet
  facet normal 0 0 -1
    outer loop
      vertex -19.568033988749892 -17.952113032590308 -1
      vertex -19.91350734820343 17.80261336008773 -1
      vertex -19.801558583130145 17.85965410493204 -1
    endloop
  endfacet
  facet normal 0 0 -1
    outer loop
      vertex -19.447379774329708 -17.987166322257263 -1
      vertex -19.801558583130145 17.85965410493204 -1
      vertex -19.686249105369356 17.909552971776503 -1
    endloop
  endfacet
  facet normal 0 0 -1
    outer loop
      vertex -18.95 -18.05 -1
      vertex -19.686249105369356 17.909552971776503 -1
      vertex -19.568033988749892 17.952113032590308 -1
    endloop
  endfacet
  facet normal 0 0 -1
    outer loop
      vertex -20.88716632225726 -16.54737977432971 -1
      vertex -20.22484797949738 17.59102648555158 -1
      vertex -20.125570504584946 17.668033988749897 -1
    endloop
  endfacet
  facet normal 0 0 -1
    outer loop
      vertex -18.95 -18.05 -1
      vertex -19.568033988749892 17.952113032590308 -1
      vertex -19.447379774329708 17.987166322257263 -1
    endloop
  endfacet
  facet normal 0 0 -1
    outer loop
      vertex -18.95 -18.05 -1
      vertex -19.447379774329708 17.987166322257263 -1
      vertex -19.32476262917145 18.01457450145738 -1
    endloop
  endfacet
  facet normal 0 0 -1
    outer loop
      vertex -18.95 -18.05 -1
      vertex -19.32476262917145 18.01457450145738 -1
      vertex -19.20066646712861 18.034229402628956 -1
    endloop
  endfacet
  facet normal 0 0 -1
    outer loop
      vertex -18.95 -18.05 -1
      vertex -19.20066646712861 18.034229402628956 -1
      vertex -19.075581039058626 18.046053456856544 -1
    endloop
  endfacet
  facet normal -1 0 0
    outer loop
      vertex -20.95 -16.05 0.050000000000000044
      vertex -20.95 16.05 0.050000000000000044
      vertex -20.95 16.05 -1
    endloop
  endfacet
  facet normal 0 0 -1
    outer loop
      vertex -20.95 16.05 -1
      vertex -20.946053456856543 16.175581039058628 -1
      vertex -20.934229402628954 16.300666467128607 -1
    endloop
  endfacet
  facet normal 0 0 -1
    outer loop
      vertex -20.95 16.05 -1
      vertex -20.934229402628954 16.300666467128607 -1
      vertex -20.914574501457377 16.42476262917145 -1
    endloop
  endfacet
  facet normal 0 0 -1
    outer loop
      vertex -20.95 16.05 -1
      vertex -20.914574501457377 16.42476262917145 -1
      vertex -20.88716632225726 16.54737977432971 -1
    endloop
  endfacet
  facet normal 0 0 -1
    outer loop
      vertex -20.95 16.05 -1
      vertex -20.88716632225726 16.54737977432971 -1
      vertex -20.852113032590307 16.668033988749894 -1
    endloop
  endfacet
  facet normal 0 0 -1
    outer loop
      vertex -20.95 16.05 -1
      vertex -20.852113032590307 16.668033988749894 -1
      vertex -20.8095529717765 16.786249105369357 -1
    endloop
  endfacet
  facet normal 0 0 -1
    outer loop
      vertex -20.95 16.05 -1
      vertex -20.8095529717765 16.786249105369357 -1
      vertex -20.75965410493204 16.901558583130146 -1
    endloop
  endfacet
  facet normal 0 0 -1
    outer loop
      vertex -20.95 16.05 -1
      vertex -20.75965410493204 16.901558583130146 -1
      vertex -20.702613360087724 17.013507348203433 -1
    endloop
  endfacet
  facet normal 0 0 -1
    outer loop
      vertex -20.95 16.05 -1
      vertex -20.702613360087724 17.013507348203433 -1
      vertex -20.638655851004028 17.121653589957994 -1
    endloop
  endfacet
  facet normal 0 0 -1
    outer loop
      vertex -20.95 16.05 -1
      vertex -20.638655851004028 17.121653589957994 -1
      vertex -20.568033988749896 17.225570504584947 -1
    endloop
  endfacet
  facet normal 0 0 -1
    outer loop
      vertex -20.95 16.05 -1
      vertex -20.568033988749896 17.225570504584947 -1
      vertex -20.49102648555158 17.32484797949738 -1
    endloop
  endfacet
  facet normal 0 0 -1
    outer loop
      vertex -20.95 16.05 -1
      vertex -20.49102648555158 17.32484797949738 -1
      vertex -20.40793725484282 17.419094211857377 -1
    endloop
  endfacet
  facet normal 0 0 -1
    outer loop
      vertex -20.95 16.05 -1
      vertex -20.40793725484282 17.419094211857377 -1
      vertex -20.319094211857376 17.507937254842822 -1
    endloop
  endfacet
  facet normal 0 0 -1
    outer loop
      vertex -20.95 16.05 -1
      vertex -20.319094211857376 17.507937254842822 -1
      vertex -20.22484797949738 17.59102648555158 -1
    endloop
  endfacet
  facet normal -0.9995065603657317 0.03141075907812477 0
    outer loop
      vertex -20.95 16.05 0.050000000000000044
      vertex -20.946053456856543 16.175581039058628 -1
      vertex -20.95 16.05 -1
    endloop
  endfacet
  facet normal -0.9955619646030792 0.09410831331852379 0
    outer loop
      vertex -20.946053456856543 16.175581039058628 0.050000000000000044
      vertex -20.934229402628954 16.300666467128607 -1
      vertex -20.946053456856543 16.175581039058628 -1
    endloop
  endfacet
  facet normal -0.9876883405951393 0.1564344650402214 0
    outer loop
      vertex -20.934229402628954 16.300666467128607 0.050000000000000044
      vertex -20.914574501457377 16.42476262917145 -1
      vertex -20.934229402628954 16.300666467128607 -1
    endloop
  endfacet
  facet normal -0.9759167619387462 0.21814324139654823 0
    outer loop
      vertex -20.914574501457377 16.42476262917145 0.050000000000000044
      vertex -20.88716632225726 16.54737977432971 -1
      vertex -20.914574501457377 16.42476262917145 -1
    endloop
  endfacet
  facet normal -0.9602936856769433 0.2789911060392287 0
    outer loop
      vertex -20.88716632225726 16.54737977432971 0.050000000000000044
      vertex -20.852113032590307 16.668033988749894 -1
      vertex -20.88716632225726 16.54737977432971 -1
    endloop
  endfacet
  facet normal -0.9408807689542249 0.338737920245293 0
    outer loop
      vertex -20.852113032590307 16.668033988749894 0.050000000000000044
      vertex -20.8095529717765 16.786249105369357 -1
      vertex -20.852113032590307 16.668033988749894 -1
    endloop
  endfacet
  facet normal -0.9177546256839866 0.3971478906347683 0
    outer loop
      vertex -20.8095529717765 16.786249105369357 0.050000000000000044
      vertex -20.75965410493204 16.901558583130146 -1
      vertex -20.8095529717765 16.786249105369357 -1
    endloop
  endfacet
  facet normal -0.8910065241883602 0.45399049973956196 0
    outer loop
      vertex -20.75965410493204 16.901558583130146 0.050000000000000044
      vertex -20.702613360087724 17.013507348203433 -1
      vertex -20.75965410493204 16.901558583130146 -1
    endloop
  endfacet
  facet normal -0.8607420270039422 0.5090414157503736 0
    outer loop
      vertex -20.702613360087724 17.013507348203433 0.050000000000000044
      vertex -20.638655851004028 17.121653589957994 -1
      vertex -20.702613360087724 17.013507348203433 -1
    endloop
  endfacet
  facet normal -0.827080574274575 0.562083377852111 0
    outer loop
      vertex -20.638655851004028 17.121653589957994 0.050000000000000044
      vertex -20.568033988749896 17.225570504584947 -1
      vertex -20.638655851004028 17.121653589957994 -1
    endloop
  endfacet
  facet normal -0.7901550123756901 0.6129070536529768 0
    outer loop
      vertex -20.568033988749896 17.225570504584947 0.050000000000000044
      vertex -20.49102648555158 17.32484797949738 -1
      vertex -20.568033988749896 17.225570504584947 -1
    endloop
  endfacet
  facet normal -0.750111069630443 0.6613118653236706 0
    outer loop
      vertex -20.49102648555158 17.32484797949738 0.050000000000000044
      vertex -20.40793725484282 17.419094211857377 -1
      vertex -20.49102648555158 17.32484797949738 -1
    endloop
  endfacet
  facet normal -0.7071067811865476 0.7071067811865476 0
    outer loop
      vertex -20.40793725484282 17.419094211857377 0.050000000000000044
      vertex -20.319094211857376 17.507937254842822 -1
      vertex -20.40793725484282 17.419094211857377 -1
    endloop
  endfacet
  facet normal -0.6613118653236706 0.750111069630443 0
    outer loop
      vertex -20.319094211857376 17.507937254842822 0.050000000000000044
      vertex -20.22484797949738 17.59102648555158 -1
      vertex -20.319094211857376 17.507937254842822 -1
    endloop
  endfacet
  facet normal -0.6129070536529768 0.7901550123756901 0
    outer loop
      vertex -20.22484797949738 17.59102648555158 0.050000000000000044
      vertex -20.125570504584946 17.668033988749897 -1
      vertex -20.22484797949738 17.59102648555158 -1
    endloop
  endfacet
  facet normal -0.562083377852111 0.827080574274575 0
    outer loop
      vertex -20.125570504584946 17.668033988749897 0.050000000000000044
      vertex -20.021653589957992 17.73865585100403 -1
      vertex -20.125570504584946 17.668033988749897 -1
    endloop
  endfacet
  facet normal -0.5090414157503946 0.8607420270039299 0
    outer loop
      vertex -20.021653589957992 17.73865585100403 0.050000000000000044
      vertex -19.91350734820343 17.80261336008773 -1
      vertex -20.021653589957992 17.73865585100403 -1
    endloop
  endfacet
  facet normal -0.4539904997395395 0.8910065241883717 0
    outer loop
      vertex -19.91350734820343 17.80261336008773 0.050000000000000044
      vertex -19.801558583130145 17.85965410493204 -1
      vertex -19.91350734820343 17.80261336008773 -1
    endloop
  endfacet
  facet normal -0.3971478906347683 0.9177546256839866 0
    outer loop
      vertex -19.801558583130145 17.85965410493204 0.050000000000000044
      vertex -19.686249105369356 17.909552971776503 -1
      vertex -19.801558583130145 17.85965410493204 -1
    endloop
  endfacet
  facet normal -0.338737920245293 0.9408807689542249 0
    outer loop
      vertex -19.686249105369356 17.909552971776503 0.050000000000000044
      vertex -19.568033988749892 17.952113032590308 -1
      vertex -19.686249105369356 17.909552971776503 -1
    endloop
  endfacet
  facet normal -0.2789911060392287 0.9602936856769433 0
    outer loop
      vertex -19.568033988749892 17.952113032590308 0.050000000000000044
      vertex -19.447379774329708 17.987166322257263 -1
      vertex -19.568033988749892 17.952113032590308 -1
    endloop
  endfacet
  facet normal -0.21814324139654823 0.9759167619387462 0
    outer loop
      vertex -19.447379774329708 17.987166322257263 0.050000000000000044
      vertex -19.32476262917145 18.01457450145738 -1
      vertex -19.447379774329708 17.987166322257263 -1
    endloop
  endfacet
  facet normal -0.1564344650402258 0.9876883405951385 0
    outer loop
      vertex -19.32476262917145 18.01457450145738 0.050000000000000044
      vertex -19.20066646712861 18.034229402628956 -1
      vertex -19.32476262917145 18.01457450145738 -1
    endloop
  endfacet
  facet normal -0.09410831331852111 0.9955619646030793 0
    outer loop
      vertex -19.20066646712861 18.034229402628956 0.050000000000000044
      vertex -19.075581039058626 18.046053456856544 -1
      vertex -19.20066646712861 18.034229402628956 -1
    endloop
  endfacet
  facet normal -0.03141075907812477 0.9995065603657317 0
    outer loop
      vertex -19.075581039058626 18.046053456856544 0.050000000000000044
      vertex -18.95 18.05 -1
      vertex -19.075581039058626 18.046053456856544 -1
    endloop
  endfacet
  facet normal -0.9995065603657317 0.03141075907812477 0
    outer loop
      vertex -20.95 16.05 0.050000000000000044
      vertex -20.946053456856543 16.175581039058628 0.050000000000000044
      vertex -20.946053456856543 16.175581039058628 -1
    endloop
  endfacet
  facet normal -0.9955619646030792 0.09410831331852379 0
    outer loop
      vertex -20.946053456856543 16.175581039058628 0.050000000000000044
      vertex -20.934229402628954 16.300666467128607 0.050000000000000044
      vertex -20.934229402628954 16.300666467128607 -1
    endloop
  endfacet
  facet normal -0.9876883405951393 0.1564344650402214 0
    outer loop
      vertex -20.934229402628954 16.300666467128607 0.050000000000000044
      vertex -20.914574501457377 16.42476262917145 0.050000000000000044
      vertex -20.914574501457377 16.42476262917145 -1
    endloop
  endfacet
  facet normal -0.9759167619387462 0.21814324139654823 0
    outer loop
      vertex -20.914574501457377 16.42476262917145 0.050000000000000044
      vertex -20.88716632225726 16.54737977432971 0.050000000000000044
      vertex -20.88716632225726 16.54737977432971 -1
    endloop
  endfacet
  facet normal -0.9602936856769433 0.2789911060392287 0
    outer loop
      vertex -20.88716632225726 16.54737977432971 0.050000000000000044
      vertex -20.852113032590307 16.668033988749894 0.050000000000000044
      vertex -20.852113032590307 16.668033988749894 -1
    endloop
  endfacet
  facet normal -0.9408807689542249 0.338737920245293 0
    outer loop
      vertex -20.852113032590307 16.668033988749894 0.050000000000000044
      vertex -20.8095529717765 16.786249105369357 0.050000000000000044
      vertex -20.8095529717765 16.786249105369357 -1
    endloop
  endfacet
  facet normal -0.9177546256839866 0.3971478906347683 0
    outer loop
      vertex -20.8095529717765 16.786249105369357 0.050000000000000044
      vertex -20.75965410493204 16.901558583130146 0.050000000000000044
      vertex -20.75965410493204 16.901558583130146 -1
    endloop
  endfacet
  facet normal -0.8910065241883602 0.45399049973956196 0
    outer loop
      vertex -20.75965410493204 16.901558583130146 0.050000000000000044
      vertex -20.702613360087724 17.013507348203433 0.050000000000000044
      vertex -20.702613360087724 17.013507348203433 -1
    endloop
  endfacet
  facet normal -0.8607420270039422 0.5090414157503736 0
    outer loop
      vertex -20.702613360087724 17.013507348203433 0.050000000000000044
      vertex -20.638655851004028 17.121653589957994 0.050000000000000044
      vertex -20.638655851004028 17.121653589957994 -1
    endloop
  endfacet
  facet normal -0.827080574274575 0.562083377852111 0
    outer loop
      vertex -20.638655851004028 17.121653589957994 0.050000000000000044
      vertex -20.568033988749896 17.225570504584947 0.050000000000000044
      vertex -20.568033988749896 17.225570504584947 -1
    endloop
  endfacet
  facet normal -0.7901550123756901 0.6129070536529768 0
    outer loop
      vertex -20.568033988749896 17.225570504584947 0.050000000000000044
      vertex -20.49102648555158 17.32484797949738 0.050000000000000044
      vertex -20.49102648555158 17.32484797949738 -1
    endloop
  endfacet
  facet normal -0.750111069630443 0.6613118653236706 0
    outer loop
      vertex -20.49102648555158 17.32484797949738 0.050000000000000044
      vertex -20.40793725484282 17.419094211857377 0.050000000000000044
      vertex -20.40793725484282 17.419094211857377 -1
    endloop
  endfacet
  facet normal -0.7071067811865476 0.7071067811865476 0
    outer loop
      vertex -20.40793725484282 17.419094211857377 0.050000000000000044
      vertex -20.319094211857376 17.507937254842822 0.050000000000000044
      vertex -20.319094211857376 17.507937254842822 -1
    endloop
  endfacet
  facet normal -0.6613118653236706 0.750111069630443 0
    outer loop
      vertex -20.319094211857376 17.507937254842822 0.050000000000000044
      vertex -20.22484797949738 17.59102648555158 0.050000000000000044
      vertex -20.22484797949738 17.59102648555158 -1
    endloop
  endfacet
  facet normal -0.6129070536529768 0.7901550123756901 0
    outer loop
      vertex -20.22484797949738 17.59102648555158 0.050000000000000044
      vertex -20.125570504584946 17.668033988749897 0.050000000000000044
      vertex -20.125570504584946 17.668033988749897 -1
    endloop
  endfacet
  facet normal -0.562083377852111 0.827080574274575 0
    outer loop
      vertex -20.125570504584946 17.668033988749897 0.050000000000000044
      vertex -20.021653589957992 17.73865585100403 0.050000000000000044
      vertex -20.021653589957992 17.73865585100403 -1
    endloop
  endfacet
  facet normal -0.5090414157503946 0.8607420270039299 0
    outer loop
      vertex -20.021653589957992 17.73865585100403 0.050000000000000044
      vertex -19.91350734820343 17.80261336008773 0.050000000000000044
      vertex -19.91350734820343 17.80261336008773 -1
    endloop
  endfacet
  facet normal -0.4539904997395395 0.8910065241883717 0
    outer loop
      vertex -19.91350734820343 17.80261336008773 0.050000000000000044
      vertex -19.801558583130145 17.85965410493204 0.050000000000000044
      vertex -19.801558583130145 17.85965410493204 -1
    endloop
  endfacet
  facet normal -0.3971478906347683 0.9177546256839866 0
    outer loop
      vertex -19.801558583130145 17.85965410493204 0.050000000000000044
      vertex -19.686249105369356 17.909552971776503 0.050000000000000044
      vertex -19.686249105369356 17.909552971776503 -1
    endloop
  endfacet
  facet normal -0.338737920245293 0.9408807689542249 0
    outer loop
      vertex -19.686249105369356 17.909552971776503 0.050000000000000044
      vertex -19.568033988749892 17.952113032590308 0.050000000000000044
      vertex -19.568033988749892 17.952113032590308 -1
    endloop
  endfacet
  facet normal -0.2789911060392287 0.9602936856769433 0
    outer loop
      vertex -19.568033988749892 17.952113032590308 0.050000000000000044
      vertex -19.447379774329708 17.987166322257263 0.050000000000000044
      vertex -19.447379774329708 17.987166322257263 -1
    endloop
  endfacet
  facet normal -0.21814324139654823 0.9759167619387462 0
    outer loop
      vertex -19.447379774329708 17.987166322257263 0.050000000000000044
      vertex -19.32476262917145 18.01457450145738 0.050000000000000044
      vertex -19.32476262917145 18.01457450145738 -1
    endloop
  endfacet
  facet normal -0.1564344650402258 0.9876883405951385 0
    outer loop
      vertex -19.32476262917145 18.01457450145738 0.050000000000000044
      vertex -19.20066646712861 18.034229402628956 0.050000000000000044
      vertex -19.20066646712861 18.034229402628956 -1
    endloop
  endfacet
  facet normal -0.09410831331852111 0.9955619646030793 0
    outer loop
      vertex -19.20066646712861 18.034229402628956 0.050000000000000044
      vertex -19.075581039058626 18.046053456856544 0.050000000000000044
      vertex -19.075581039058626 18.046053456856544 -1
    endloop
  endfacet
  facet normal -0.03141075907812477 0.9995065603657317 0
    outer loop
      vertex -19.075581039058626 18.046053456856544 0.050000000000000044
      vertex -18.95 18.05 0.050000000000000044
      vertex -18.95 18.05 -1
    endloop
  endfacet
  facet normal 0 0 -1
    outer loop
      vertex -18.95 18.05 -1
      vertex 20.75965410493204 -16.901558583130146 -1
      vertex -19.075581039058626 18.046053456856544 -1
    endloop
  endfacet
  facet normal 0 1 0
    outer loop
      vertex -18.95 18.05 0.050000000000000044
      vertex 18.95 18.05 -1
      vertex -18.95 18.05 -1
    endloop
  endfacet
  facet normal 0 0 -1
    outer loop
      vertex -20.95 16.05 0.050000000000000044
      vertex -21.95 -17.05 0.050000000000000044
      vertex -21.95 17.05 0.050000000000000044
    endloop
  endfacet
  facet normal -1 0 0
    outer loop
      vertex -21.95 -17.05 1
      vertex -21.95 17.05 1
      vertex -21.95 17.05 0.050000000000000044
    endloop
  endfacet
  facet normal 0 0 1
    outer loop
      vertex -21.95 -17.05 1
      vertex -20.20066646712861 19.034229402628956 1
      vertex -21.95 17.05 1
    endloop
  endfacet
  facet normal 0 0 -1
    outer loop
      vertex -20.95 16.05 0.050000000000000044
      vertex -21.95 17.05 0.050000000000000044
      vertex -20.946053456856543 16.175581039058628 0.050000000000000044
    endloop
  endfacet
  facet normal 0 0 -1
    outer loop
      vertex -20.946053456856543 16.175581039058628 0.050000000000000044
      vertex -21.95 17.05 0.050000000000000044
      vertex -21.946053456856543 17.175581039058628 0.050000000000000044
    endloop
  endfacet
  facet normal 0 0 -1
    outer loop
      vertex -20.946053456856543 16.175581039058628 0.050000000000000044
      vertex -21.946053456856543 17.175581039058628 0.050000000000000044
      vertex -21.934229402628954 17.300666467128607 0.050000000000000044
    endloop
  endfacet
  facet normal 0 0 -1
    outer loop
      vertex -20.946053456856543 16.175581039058628 0.050000000000000044
      vertex -21.934229402628954 17.300666467128607 0.050000000000000044
      vertex -21.914574501457377 17.42476262917145 0.050000000000000044
    endloop
  endfacet
  facet normal 0 0 -1
    outer loop
      vertex -20.946053456856543 16.175581039058628 0.050000000000000044
      vertex -21.914574501457377 17.42476262917145 0.050000000000000044
      vertex -21.88716632225726 17.54737977432971 0.050000000000000044
    endloop
  endfacet
  facet normal 0 0 -1
    outer loop
      vertex -20.946053456856543 16.175581039058628 0.050000000000000044
      vertex -21.88716632225726 17.54737977432971 0.050000000000000044
      vertex -21.852113032590307 17.668033988749894 0.050000000000000044
    endloop
  endfacet
  facet normal 0 0 -1
    outer loop
      vertex -20.946053456856543 16.175581039058628 0.050000000000000044
      vertex -21.852113032590307 17.668033988749894 0.050000000000000044
      vertex -21.8095529717765 17.786249105369357 0.050000000000000044
    endloop
  endfacet
  facet normal 0 0 -1
    outer loop
      vertex -20.946053456856543 16.175581039058628 0.050000000000000044
      vertex -21.8095529717765 17.786249105369357 0.050000000000000044
      vertex -21.75965410493204 17.901558583130146 0.050000000000000044
    endloop
  endfacet
  facet normal 0 0 -1
    outer loop
      vertex -20.914574501457377 16.42476262917145 0.050000000000000044
      vertex -21.75965410493204 17.901558583130146 0.050000000000000044
      vertex -21.702613360087724 18.013507348203433 0.050000000000000044
    endloop
  endfacet
  facet normal 0 0 -1
    outer loop
      vertex -20.8095529717765 16.786249105369357 0.050000000000000044
      vertex -21.702613360087724 18.013507348203433 0.050000000000000044
      vertex -21.638655851004028 18.121653589957994 0.050000000000000044
    endloop
  endfacet
  facet normal 0 0 -1
    outer loop
      vertex -20.702613360087724 17.013507348203433 0.050000000000000044
      vertex -21.638655851004028 18.121653589957994 0.050000000000000044
      vertex -21.568033988749896 18.225570504584947 0.050000000000000044
    endloop
  endfacet
  facet normal 0 0 -1
    outer loop
      vertex -20.946053456856543 16.175581039058628 0.050000000000000044
      vertex -21.75965410493204 17.901558583130146 0.050000000000000044
      vertex -20.934229402628954 16.300666467128607 0.050000000000000044
    endloop
  endfacet
  facet normal 0 0 -1
    outer loop
      vertex -20.934229402628954 16.300666467128607 0.050000000000000044
      vertex -21.75965410493204 17.901558583130146 0.050000000000000044
      vertex -20.914574501457377 16.42476262917145 0.050000000000000044
    endloop
  endfacet
  facet normal 0 0 -1
    outer loop
      vertex -20.914574501457377 16.42476262917145 0.050000000000000044
      vertex -21.702613360087724 18.013507348203433 0.050000000000000044
      vertex -20.88716632225726 16.54737977432971 0.050000000000000044
    endloop
  endfacet
  facet normal 0 0 -1
    outer loop
      vertex -20.88716632225726 16.54737977432971 0.050000000000000044
      vertex -21.702613360087724 18.013507348203433 0.050000000000000044
      vertex -20.852113032590307 16.668033988749894 0.050000000000000044
    endloop
  endfacet
  facet normal 0 0 -1
    outer loop
      vertex -20.852113032590307 16.668033988749894 0.050000000000000044
      vertex -21.702613360087724 18.013507348203433 0.050000000000000044
      vertex -20.8095529717765 16.786249105369357 0.050000000000000044
    endloop
  endfacet
  facet normal 0 0 -1
    outer loop
      vertex -20.8095529717765 16.786249105369357 0.050000000000000044
      vertex -21.638655851004028 18.121653589957994 0.050000000000000044
      vertex -20.75965410493204 16.901558583130146 0.050000000000000044
    endloop
  endfacet
  facet normal 0 0 -1
    outer loop
      vertex -20.75965410493204 16.901558583130146 0.050000000000000044
      vertex -21.638655851004028 18.121653589957994 0.050000000000000044
      vertex -20.702613360087724 17.013507348203433 0.050000000000000044
    endloop
  endfacet
  facet normal 0 0 -1
    outer loop
      vertex -20.702613360087724 17.013507348203433 0.050000000000000044
      vertex -21.568033988749896 18.225570504584947 0.050000000000000044
      vertex -20.638655851004028 17.121653589957994 0.050000000000000044
    endloop
  endfacet
  facet normal 0 0 -1
    outer loop
      vertex -20.638655851004028 17.121653589957994 0.050000000000000044
      vertex -21.568033988749896 18.225570504584947 0.050000000000000044
      vertex -20.568033988749896 17.225570504584947 0.050000000000000044
    endloop
  endfacet
  facet normal 0 0 -1
    outer loop
      vertex -20.568033988749896 17.225570504584947 0.050000000000000044
      vertex -21.49102648555158 18.32484797949738 0.050000000000000044
      vertex -20.49102648555158 17.32484797949738 0.050000000000000044
    endloop
  endfacet
  facet normal 0 0 -1
    outer loop
      vertex -20.49102648555158 17.32484797949738 0.050000000000000044
      vertex -21.49102648555158 18.32484797949738 0.050000000000000044
      vertex -20.40793725484282 17.419094211857377 0.050000000000000044
    endloop
  endfacet
  facet normal 0 0 -1
    outer loop
      vertex -20.40793725484282 17.419094211857377 0.050000000000000044
      vertex -21.40793725484282 18.419094211857377 0.050000000000000044
      vertex -20.319094211857376 17.507937254842822 0.050000000000000044
    endloop
  endfacet
  facet normal 0 0 -1
    outer loop
      vertex -20.568033988749896 17.225570504584947 0.050000000000000044
      vertex -21.568033988749896 18.225570504584947 0.050000000000000044
      vertex -21.49102648555158 18.32484797949738 0.050000000000000044
    endloop
  endfacet
  facet normal 0 0 -1
    outer loop
      vertex -20.40793725484282 17.419094211857377 0.050000000000000044
      vertex -21.49102648555158 18.32484797949738 0.050000000000000044
      vertex -21.40793725484282 18.419094211857377 0.050000000000000044
    endloop
  endfacet
  facet normal 0 0 -1
    outer loop
      vertex -20.319094211857376 17.507937254842822 0.050000000000000044
      vertex -21.40793725484282 18.419094211857377 0.050000000000000044
      vertex -21.319094211857376 18.507937254842822 0.050000000000000044
    endloop
  endfacet
  facet normal 0 0 -1
    outer loop
      vertex -20.319094211857376 17.507937254842822 0.050000000000000044
      vertex -21.319094211857376 18.507937254842822 0.050000000000000044
      vertex -20.22484797949738 17.59102648555158 0.050000000000000044
    endloop
  endfacet
  facet normal 0 0 -1
    outer loop
      vertex -20.125570504584946 17.668033988749897 0.050000000000000044
      vertex -21.319094211857376 18.507937254842822 0.050000000000000044
      vertex -21.22484797949738 18.59102648555158 0.050000000000000044
    endloop
  endfacet
  facet normal 0 0 -1
    outer loop
      vertex -19.91350734820343 17.80261336008773 0.050000000000000044
      vertex -21.22484797949738 18.59102648555158 0.050000000000000044
      vertex -21.125570504584946 18.668033988749897 0.050000000000000044
    endloop
  endfacet
  facet normal 0 0 -1
    outer loop
      vertex -19.686249105369356 17.909552971776503 0.050000000000000044
      vertex -21.125570504584946 18.668033988749897 0.050000000000000044
      vertex -21.021653589957992 18.73865585100403 0.050000000000000044
    endloop
  endfacet
  facet normal 0 0 -1
    outer loop
      vertex -20.22484797949738 17.59102648555158 0.050000000000000044
      vertex -21.319094211857376 18.507937254842822 0.050000000000000044
      vertex -20.125570504584946 17.668033988749897 0.050000000000000044
    endloop
  endfacet
  facet normal 0 0 -1
    outer loop
      vertex -20.125570504584946 17.668033988749897 0.050000000000000044
      vertex -21.22484797949738 18.59102648555158 0.050000000000000044
      vertex -20.021653589957992 17.73865585100403 0.050000000000000044
    endloop
  endfacet
  facet normal 0 0 -1
    outer loop
      vertex -20.021653589957992 17.73865585100403 0.050000000000000044
      vertex -21.22484797949738 18.59102648555158 0.050000000000000044
      vertex -19.91350734820343 17.80261336008773 0.050000000000000044
    endloop
  endfacet
  facet normal 0 0 -1
    outer loop
      vertex -19.91350734820343 17.80261336008773 0.050000000000000044
      vertex -21.125570504584946 18.668033988749897 0.050000000000000044
      vertex -19.801558583130145 17.85965410493204 0.050000000000000044
    endloop
  endfacet
  facet normal 0 0 -1
    outer loop
      vertex -19.801558583130145 17.85965410493204 0.050000000000000044
      vertex -21.125570504584946 18.668033988749897 0.050000000000000044
      vertex -19.686249105369356 17.909552971776503 0.050000000000000044
    endloop
  endfacet
  facet normal 0 0 -1
    outer loop
      vertex -19.686249105369356 17.909552971776503 0.050000000000000044
      vertex -21.021653589957992 18.73865585100403 0.050000000000000044
      vertex -19.568033988749892 17.952113032590308 0.050000000000000044
    endloop
  endfacet
  facet normal 0 0 -1
    outer loop
      vertex -19.568033988749892 17.952113032590308 0.050000000000000044
      vertex -21.021653589957992 18.73865585100403 0.050000000000000044
      vertex -19.447379774329708 17.987166322257263 0.050000000000000044
    endloop
  endfacet
  facet normal 0 0 -1
    outer loop
      vertex -19.447379774329708 17.987166322257263 0.050000000000000044
      vertex -21.021653589957992 18.73865585100403 0.050000000000000044
      vertex -19.32476262917145 18.01457450145738 0.050000000000000044
    endloop
  endfacet
  facet normal 0 0 -1
    outer loop
      vertex -19.32476262917145 18.01457450145738 0.050000000000000044
      vertex -21.021653589957992 18.73865585100403 0.050000000000000044
      vertex -20.91350734820343 18.80261336008773 0.050000000000000044
    endloop
  endfacet
  facet normal 0 0 -1
    outer loop
      vertex -19.075581039058626 18.046053456856544 0.050000000000000044
      vertex -20.91350734820343 18.80261336008773 0.050000000000000044
      vertex -20.801558583130145 18.85965410493204 0.050000000000000044
    endloop
  endfacet
  facet normal 0 0 -1
    outer loop
      vertex -19.075581039058626 18.046053456856544 0.050000000000000044
      vertex -20.801558583130145 18.85965410493204 0.050000000000000044
      vertex -20.686249105369356 18.909552971776503 0.050000000000000044
    endloop
  endfacet
  facet normal 0 0 -1
    outer loop
      vertex -19.075581039058626 18.046053456856544 0.050000000000000044
      vertex -20.686249105369356 18.909552971776503 0.050000000000000044
      vertex -20.568033988749892 18.952113032590308 0.050000000000000044
    endloop
  endfacet
  facet normal 0 0 -1
    outer loop
      vertex -19.075581039058626 18.046053456856544 0.050000000000000044
      vertex -20.568033988749892 18.952113032590308 0.050000000000000044
      vertex -20.447379774329708 18.987166322257263 0.050000000000000044
    endloop
  endfacet
  facet normal 0 0 -1
    outer loop
      vertex -19.075581039058626 18.046053456856544 0.050000000000000044
      vertex -20.447379774329708 18.987166322257263 0.050000000000000044
      vertex -20.32476262917145 19.01457450145738 0.050000000000000044
    endloop
  endfacet
  facet normal 0 0 -1
    outer loop
      vertex -19.32476262917145 18.01457450145738 0.050000000000000044
      vertex -20.91350734820343 18.80261336008773 0.050000000000000044
      vertex -19.20066646712861 18.034229402628956 0.050000000000000044
    endloop
  endfacet
  facet normal 0 0 -1
    outer loop
      vertex -19.20066646712861 18.034229402628956 0.050000000000000044
      vertex -20.91350734820343 18.80261336008773 0.050000000000000044
      vertex -19.075581039058626 18.046053456856544 0.050000000000000044
    endloop
  endfacet
  facet normal 0 0 -1
    outer loop
      vertex -19.075581039058626 18.046053456856544 0.050000000000000044
      vertex -19.95 19.05 0.050000000000000044
      vertex -18.95 18.05 0.050000000000000044
    endloop
  endfacet
  facet normal 0 0 -1
    outer loop
      vertex -19.075581039058626 18.046053456856544 0.050000000000000044
      vertex -20.32476262917145 19.01457450145738 0.050000000000000044
      vertex -20.20066646712861 19.034229402628956 0.050000000000000044
    endloop
  endfacet
  facet normal 0 0 -1
    outer loop
      vertex -19.075581039058626 18.046053456856544 0.050000000000000044
      vertex -20.20066646712861 19.034229402628956 0.050000000000000044
      vertex -20.075581039058626 19.046053456856544 0.050000000000000044
    endloop
  endfacet
  facet normal 0 0 -1
    outer loop
      vertex -19.075581039058626 18.046053456856544 0.050000000000000044
      vertex -20.075581039058626 19.046053456856544 0.050000000000000044
      vertex -19.95 19.05 0.050000000000000044
    endloop
  endfacet
  facet normal -0.9995065603657316 0.03141075907812476 0
    outer loop
      vertex -21.946053456856543 17.175581039058628 1
      vertex -21.946053456856543 17.175581039058628 0.050000000000000044
      vertex -21.95 17.05 0.050000000000000044
    endloop
  endfacet
  facet normal -0.9955619646030791 0.09410831331852376 0
    outer loop
      vertex -21.934229402628954 17.300666467128607 1
      vertex -21.934229402628954 17.300666467128607 0.050000000000000044
      vertex -21.946053456856543 17.175581039058628 0.050000000000000044
    endloop
  endfacet
  facet normal -0.9876883405951392 0.15643446504022143 0
    outer loop
      vertex -21.914574501457377 17.42476262917145 1
      vertex -21.914574501457377 17.42476262917145 0.050000000000000044
      vertex -21.934229402628954 17.300666467128607 0.050000000000000044
    endloop
  endfacet
  facet normal -0.9759167619387461 0.2181432413965482 0
    outer loop
      vertex -21.88716632225726 17.54737977432971 1
      vertex -21.88716632225726 17.54737977432971 0.050000000000000044
      vertex -21.914574501457377 17.42476262917145 0.050000000000000044
    endloop
  endfacet
  facet normal -0.9602936856769433 0.2789911060392287 0
    outer loop
      vertex -21.852113032590307 17.668033988749894 1
      vertex -21.852113032590307 17.668033988749894 0.050000000000000044
      vertex -21.88716632225726 17.54737977432971 0.050000000000000044
    endloop
  endfacet
  facet normal -0.9408807689542249 0.33873792024529303 0
    outer loop
      vertex -21.8095529717765 17.786249105369357 1
      vertex -21.8095529717765 17.786249105369357 0.050000000000000044
      vertex -21.852113032590307 17.668033988749894 0.050000000000000044
    endloop
  endfacet
  facet normal -0.9177546256839865 0.3971478906347683 0
    outer loop
      vertex -21.75965410493204 17.901558583130146 1
      vertex -21.75965410493204 17.901558583130146 0.050000000000000044
      vertex -21.8095529717765 17.786249105369357 0.050000000000000044
    endloop
  endfacet
  facet normal -0.8910065241883602 0.45399049973956185 0
    outer loop
      vertex -21.702613360087724 18.013507348203433 1
      vertex -21.702613360087724 18.013507348203433 0.050000000000000044
      vertex -21.75965410493204 17.901558583130146 0.050000000000000044
    endloop
  endfacet
  facet normal -0.8607420270039422 0.5090414157503736 0
    outer loop
      vertex -21.638655851004028 18.121653589957994 1
      vertex -21.638655851004028 18.121653589957994 0.050000000000000044
      vertex -21.702613360087724 18.013507348203433 0.050000000000000044
    endloop
  endfacet
  facet normal -0.827080574274575 0.5620833778521112 0
    outer loop
      vertex -21.568033988749896 18.225570504584947 1
      vertex -21.568033988749896 18.225570504584947 0.050000000000000044
      vertex -21.638655851004028 18.121653589957994 0.050000000000000044
    endloop
  endfacet
  facet normal -0.7901550123756901 0.6129070536529768 0
    outer loop
      vertex -21.49102648555158 18.32484797949738 1
      vertex -21.49102648555158 18.32484797949738 0.050000000000000044
      vertex -21.568033988749896 18.225570504584947 0.050000000000000044
    endloop
  endfacet
  facet normal -0.750111069630443 0.6613118653236707 0
    outer loop
      vertex -21.40793725484282 18.419094211857377 1
      vertex -21.40793725484282 18.419094211857377 0.050000000000000044
      vertex -21.49102648555158 18.32484797949738 0.050000000000000044
    endloop
  endfacet
  facet normal -0.7071067811865475 0.7071067811865475 0
    outer loop
      vertex -21.319094211857376 18.507937254842822 1
      vertex -21.319094211857376 18.507937254842822 0.050000000000000044
      vertex -21.40793725484282 18.419094211857377 0.050000000000000044
    endloop
  endfacet
  facet normal -0.6613118653236707 0.750111069630443 0
    outer loop
      vertex -21.22484797949738 18.59102648555158 1
      vertex -21.22484797949738 18.59102648555158 0.050000000000000044
      vertex -21.319094211857376 18.507937254842822 0.050000000000000044
    endloop
  endfacet
  facet normal -0.6129070536529768 0.7901550123756901 0
    outer loop
      vertex -21.125570504584946 18.668033988749897 1
      vertex -21.125570504584946 18.668033988749897 0.050000000000000044
      vertex -21.22484797949738 18.59102648555158 0.050000000000000044
    endloop
  endfacet
  facet normal -0.5620833778521112 0.827080574274575 0
    outer loop
      vertex -21.021653589957992 18.73865585100403 1
      vertex -21.021653589957992 18.73865585100403 0.050000000000000044
      vertex -21.125570504584946 18.668033988749897 0.050000000000000044
    endloop
  endfacet
  facet normal -0.5090414157503945 0.8607420270039299 0
    outer loop
      vertex -20.91350734820343 18.80261336008773 1
      vertex -20.91350734820343 18.80261336008773 0.050000000000000044
      vertex -21.021653589957992 18.73865585100403 0.050000000000000044
    endloop
  endfacet
  facet normal -0.4539904997395394 0.8910065241883716 0
    outer loop
      vertex -20.801558583130145 18.85965410493204 1
      vertex -20.801558583130145 18.85965410493204 0.050000000000000044
      vertex -20.91350734820343 18.80261336008773 0.050000000000000044
    endloop
  endfacet
  facet normal -0.3971478906347683 0.9177546256839865 0
    outer loop
      vertex -20.686249105369356 18.909552971776503 1
      vertex -20.686249105369356 18.909552971776503 0.050000000000000044
      vertex -20.801558583130145 18.85965410493204 0.050000000000000044
    endloop
  endfacet
  facet normal -0.33873792024529303 0.9408807689542249 0
    outer loop
      vertex -20.568033988749892 18.952113032590308 1
      vertex -20.568033988749892 18.952113032590308 0.050000000000000044
      vertex -20.686249105369356 18.909552971776503 0.050000000000000044
    endloop
  endfacet
  facet normal -0.2789911060392287 0.9602936856769433 0
    outer loop
      vertex -20.447379774329708 18.987166322257263 1
      vertex -20.447379774329708 18.987166322257263 0.050000000000000044
      vertex -20.568033988749892 18.952113032590308 0.050000000000000044
    endloop
  endfacet
  facet normal -0.2181432413965482 0.9759167619387461 0
    outer loop
      vertex -20.32476262917145 19.01457450145738 1
      vertex -20.32476262917145 19.01457450145738 0.050000000000000044
      vertex -20.447379774329708 18.987166322257263 0.050000000000000044
    endloop
  endfacet
  facet normal -0.1564344650402258 0.9876883405951387 0
    outer loop
      vertex -20.20066646712861 19.034229402628956 1
      vertex -20.20066646712861 19.034229402628956 0.050000000000000044
      vertex -20.32476262917145 19.01457450145738 0.050000000000000044
    endloop
  endfacet
  facet normal -0.09410831331852111 0.9955619646030794 0
    outer loop
      vertex -20.075581039058626 19.046053456856544 1
      vertex -20.075581039058626 19.046053456856544 0.050000000000000044
      vertex -20.20066646712861 19.034229402628956 0.050000000000000044
    endloop
  endfacet
  facet normal -0.03141075907812476 0.9995065603657316 0
    outer loop
      vertex -19.95 19.05 1
      vertex -19.95 19.05 0.050000000000000044
      vertex -20.075581039058626 19.046053456856544 0.050000000000000044
    endloop
  endfacet
  facet normal -0.9995065603657316 0.03141075907812476 0
    outer loop
      vertex -21.95 17.05 1
      vertex -21.946053456856543 17.175581039058628 1
      vertex -21.95 17.05 0.050000000000000044
    endloop
  endfacet
  facet normal -0.9955619646030791 0.09410831331852376 0
    outer loop
      vertex -21.946053456856543 17.175581039058628 1
      vertex -21.934229402628954 17.300666467128607 1
      vertex -21.946053456856543 17.175581039058628 0.050000000000000044
    endloop
  endfacet
  facet normal -0.9876883405951392 0.15643446504022143 0
    outer loop
      vertex -21.934229402628954 17.300666467128607 1
      vertex -21.914574501457377 17.42476262917145 1
      vertex -21.934229402628954 17.300666467128607 0.050000000000000044
    endloop
  endfacet
  facet normal -0.9759167619387461 0.2181432413965482 0
    outer loop
      vertex -21.914574501457377 17.42476262917145 1
      vertex -21.88716632225726 17.54737977432971 1
      vertex -21.914574501457377 17.42476262917145 0.050000000000000044
    endloop
  endfacet
  facet normal -0.9602936856769433 0.2789911060392287 0
    outer loop
      vertex -21.88716632225726 17.54737977432971 1
      vertex -21.852113032590307 17.668033988749894 1
      vertex -21.88716632225726 17.54737977432971 0.050000000000000044
    endloop
  endfacet
  facet normal -0.9408807689542249 0.33873792024529303 0
    outer loop
      vertex -21.852113032590307 17.668033988749894 1
      vertex -21.8095529717765 17.786249105369357 1
      vertex -21.852113032590307 17.668033988749894 0.050000000000000044
    endloop
  endfacet
  facet normal -0.9177546256839865 0.3971478906347683 0
    outer loop
      vertex -21.8095529717765 17.786249105369357 1
      vertex -21.75965410493204 17.901558583130146 1
      vertex -21.8095529717765 17.786249105369357 0.050000000000000044
    endloop
  endfacet
  facet normal -0.8910065241883602 0.45399049973956185 0
    outer loop
      vertex -21.75965410493204 17.901558583130146 1
      vertex -21.702613360087724 18.013507348203433 1
      vertex -21.75965410493204 17.901558583130146 0.050000000000000044
    endloop
  endfacet
  facet normal -0.8607420270039422 0.5090414157503736 0
    outer loop
      vertex -21.702613360087724 18.013507348203433 1
      vertex -21.638655851004028 18.121653589957994 1
      vertex -21.702613360087724 18.013507348203433 0.050000000000000044
    endloop
  endfacet
  facet normal -0.827080574274575 0.5620833778521112 0
    outer loop
      vertex -21.638655851004028 18.121653589957994 1
      vertex -21.568033988749896 18.225570504584947 1
      vertex -21.638655851004028 18.121653589957994 0.050000000000000044
    endloop
  endfacet
  facet normal -0.7901550123756901 0.6129070536529768 0
    outer loop
      vertex -21.568033988749896 18.225570504584947 1
      vertex -21.49102648555158 18.32484797949738 1
      vertex -21.568033988749896 18.225570504584947 0.050000000000000044
    endloop
  endfacet
  facet normal -0.750111069630443 0.6613118653236707 0
    outer loop
      vertex -21.49102648555158 18.32484797949738 1
      vertex -21.40793725484282 18.419094211857377 1
      vertex -21.49102648555158 18.32484797949738 0.050000000000000044
    endloop
  endfacet
  facet normal -0.7071067811865475 0.7071067811865475 0
    outer loop
      vertex -21.40793725484282 18.419094211857377 1
      vertex -21.319094211857376 18.507937254842822 1
      vertex -21.40793725484282 18.419094211857377 0.050000000000000044
    endloop
  endfacet
  facet normal -0.6613118653236707 0.750111069630443 0
    outer loop
      vertex -21.319094211857376 18.507937254842822 1
      vertex -21.22484797949738 18.59102648555158 1
      vertex -21.319094211857376 18.507937254842822 0.050000000000000044
    endloop
  endfacet
  facet normal -0.6129070536529768 0.7901550123756901 0
    outer loop
      vertex -21.22484797949738 18.59102648555158 1
      vertex -21.125570504584946 18.668033988749897 1
      vertex -21.22484797949738 18.59102648555158 0.050000000000000044
    endloop
  endfacet
  facet normal -0.5620833778521112 0.827080574274575 0
    outer loop
      vertex -21.125570504584946 18.668033988749897 1
      vertex -21.021653589957992 18.73865585100403 1
      vertex -21.125570504584946 18.668033988749897 0.050000000000000044
    endloop
  endfacet
  facet normal -0.5090414157503945 0.8607420270039299 0
    outer loop
      vertex -21.021653589957992 18.73865585100403 1
      vertex -20.91350734820343 18.80261336008773 1
      vertex -21.021653589957992 18.73865585100403 0.050000000000000044
    endloop
  endfacet
  facet normal -0.4539904997395394 0.8910065241883716 0
    outer loop
      vertex -20.91350734820343 18.80261336008773 1
      vertex -20.801558583130145 18.85965410493204 1
      vertex -20.91350734820343 18.80261336008773 0.050000000000000044
    endloop
  endfacet
  facet normal -0.3971478906347683 0.9177546256839865 0
    outer loop
      vertex -20.801558583130145 18.85965410493204 1
      vertex -20.686249105369356 18.909552971776503 1
      vertex -20.801558583130145 18.85965410493204 0.050000000000000044
    endloop
  endfacet
  facet normal -0.33873792024529303 0.9408807689542249 0
    outer loop
      vertex -20.686249105369356 18.909552971776503 1
      vertex -20.568033988749892 18.952113032590308 1
      vertex -20.686249105369356 18.909552971776503 0.050000000000000044
    endloop
  endfacet
  facet normal -0.2789911060392287 0.9602936856769433 0
    outer loop
      vertex -20.568033988749892 18.952113032590308 1
      vertex -20.447379774329708 18.987166322257263 1
      vertex -20.568033988749892 18.952113032590308 0.050000000000000044
    endloop
  endfacet
  facet normal -0.2181432413965482 0.9759167619387461 0
    outer loop
      vertex -20.447379774329708 18.987166322257263 1
      vertex -20.32476262917145 19.01457450145738 1
      vertex -20.447379774329708 18.987166322257263 0.050000000000000044
    endloop
  endfacet
  facet normal -0.1564344650402258 0.9876883405951387 0
    outer loop
      vertex -20.32476262917145 19.01457450145738 1
      vertex -20.20066646712861 19.034229402628956 1
      vertex -20.32476262917145 19.01457450145738 0.050000000000000044
    endloop
  endfacet
  facet normal -0.09410831331852111 0.9955619646030794 0
    outer loop
      vertex -20.20066646712861 19.034229402628956 1
      vertex -20.075581039058626 19.046053456856544 1
      vertex -20.20066646712861 19.034229402628956 0.050000000000000044
    endloop
  endfacet
  facet normal -0.03141075907812476 0.9995065603657316 0
    outer loop
      vertex -20.075581039058626 19.046053456856544 1
      vertex -19.95 19.05 1
      vertex -20.075581039058626 19.046053456856544 0.050000000000000044
    endloop
  endfacet
  facet normal 0 0 1
    outer loop
      vertex -21.95 17.05 1
      vertex -20.20066646712861 19.034229402628956 1
      vertex -21.946053456856543 17.175581039058628 1
    endloop
  endfacet
  facet normal 0 0 1
    outer loop
      vertex -21.946053456856543 17.175581039058628 1
      vertex -20.20066646712861 19.034229402628956 1
      vertex -21.934229402628954 17.300666467128607 1
    endloop
  endfacet
  facet normal 0 0 1
    outer loop
      vertex -21.934229402628954 17.300666467128607 1
      vertex -20.20066646712861 19.034229402628956 1
      vertex -21.914574501457377 17.42476262917145 1
    endloop
  endfacet
  facet normal 0 0 1
    outer loop
      vertex -21.914574501457377 17.42476262917145 1
      vertex -20.20066646712861 19.034229402628956 1
      vertex -21.88716632225726 17.54737977432971 1
    endloop
  endfacet
  facet normal 0 0 1
    outer loop
      vertex -21.88716632225726 17.54737977432971 1
      vertex -20.20066646712861 19.034229402628956 1
      vertex -21.852113032590307 17.668033988749894 1
    endloop
  endfacet
  facet normal 0 0 1
    outer loop
      vertex -21.852113032590307 17.668033988749894 1
      vertex -20.20066646712861 19.034229402628956 1
      vertex -21.8095529717765 17.786249105369357 1
    endloop
  endfacet
  facet normal 0 0 1
    outer loop
      vertex -21.8095529717765 17.786249105369357 1
      vertex -20.20066646712861 19.034229402628956 1
      vertex -21.75965410493204 17.901558583130146 1
    endloop
  endfacet
  facet normal 0 0 1
    outer loop
      vertex -21.75965410493204 17.901558583130146 1
      vertex -20.20066646712861 19.034229402628956 1
      vertex -21.702613360087724 18.013507348203433 1
    endloop
  endfacet
  facet normal 0 0 1
    outer loop
      vertex -21.702613360087724 18.013507348203433 1
      vertex -20.20066646712861 19.034229402628956 1
      vertex -21.638655851004028 18.121653589957994 1
    endloop
  endfacet
  facet normal 0 0 1
    outer loop
      vertex -21.638655851004028 18.121653589957994 1
      vertex -20.20066646712861 19.034229402628956 1
      vertex -21.568033988749896 18.225570504584947 1
    endloop
  endfacet
  facet normal 0 0 1
    outer loop
      vertex -21.568033988749896 18.225570504584947 1
      vertex -20.20066646712861 19.034229402628956 1
      vertex -21.49102648555158 18.32484797949738 1
    endloop
  endfacet
  facet normal 0 0 1
    outer loop
      vertex -21.49102648555158 18.32484797949738 1
      vertex -20.20066646712861 19.034229402628956 1
      vertex -21.40793725484282 18.419094211857377 1
    endloop
  endfacet
  facet normal 0 0 1
    outer loop
      vertex -21.40793725484282 18.419094211857377 1
      vertex -20.20066646712861 19.034229402628956 1
      vertex -21.319094211857376 18.507937254842822 1
    endloop
  endfacet
  facet normal 0 0 1
    outer loop
      vertex -21.319094211857376 18.507937254842822 1
      vertex -20.20066646712861 19.034229402628956 1
      vertex -21.22484797949738 18.59102648555158 1
    endloop
  endfacet
  facet normal 0 0 1
    outer loop
      vertex -21.22484797949738 18.59102648555158 1
      vertex -20.20066646712861 19.034229402628956 1
      vertex -21.125570504584946 18.668033988749897 1
    endloop
  endfacet
  facet normal 0 0 1
    outer loop
      vertex -21.125570504584946 18.668033988749897 1
      vertex -20.20066646712861 19.034229402628956 1
      vertex -21.021653589957992 18.73865585100403 1
    endloop
  endfacet
  facet normal 0 0 1
    outer loop
      vertex -21.021653589957992 18.73865585100403 1
      vertex -20.20066646712861 19.034229402628956 1
      vertex -20.91350734820343 18.80261336008773 1
    endloop
  endfacet
  facet normal 0 0 1
    outer loop
      vertex -20.91350734820343 18.80261336008773 1
      vertex -20.20066646712861 19.034229402628956 1
      vertex -20.801558583130145 18.85965410493204 1
    endloop
  endfacet
  facet normal 0 0 1
    outer loop
      vertex -20.801558583130145 18.85965410493204 1
      vertex -20.20066646712861 19.034229402628956 1
      vertex -20.686249105369356 18.909552971776503 1
    endloop
  endfacet
  facet normal 0 0 1
    outer loop
      vertex -20.686249105369356 18.909552971776503 1
      vertex -20.20066646712861 19.034229402628956 1
      vertex -20.568033988749892 18.952113032590308 1
    endloop
  endfacet
  facet normal 0 0 1
    outer loop
      vertex -20.568033988749892 18.952113032590308 1
      vertex -20.20066646712861 19.034229402628956 1
      vertex -20.447379774329708 18.987166322257263 1
    endloop
  endfacet
  facet normal 0 0 1
    outer loop
      vertex -20.447379774329708 18.987166322257263 1
      vertex -20.20066646712861 19.034229402628956 1
      vertex -20.32476262917145 19.01457450145738 1
    endloop
  endfacet
  facet normal 0 0 1
    outer loop
      vertex -20.20066646712861 19.034229402628956 1
      vertex -19.95 19.05 1
      vertex -20.075581039058626 19.046053456856544 1
    endloop
  endfacet
  facet normal 0 0 -1
    outer loop
      vertex -18.95 18.05 0.050000000000000044
      vertex -19.95 19.05 0.050000000000000044
      vertex 18.95 18.05 0.050000000000000044
    endloop
  endfacet
  facet normal 0 1 0
    outer loop
      vertex -19.95 19.05 1
      vertex 19.95 19.05 1
      vertex -19.95 19.05 0.050000000000000044
    endloop
  endfacet
  facet normal 0 0 1
    outer loop
      vertex -20.20066646712861 19.034229402628956 1
      vertex 19.95 19.05 1
      vertex -19.95 19.05 1
    endloop
  endfacet
  facet normal 0 -1 0
    outer loop
      vertex 18.95 -18.05 0.050000000000000044
      vertex -18.95 -18.05 -1
      vertex 18.95 -18.05 -1
    endloop
  endfacet
  facet normal 0 0 -1
    outer loop
      vertex -19.075581039058626 18.046053456856544 -1
      vertex 19.075581039058626 -18.046053456856544 -1
      vertex 18.95 -18.05 -1
    endloop
  endfacet
  facet normal 0 0 -1
    outer loop
      vertex -19.075581039058626 18.046053456856544 -1
      vertex 19.200666467128606 -18.034229402628956 -1
      vertex 19.075581039058626 -18.046053456856544 -1
    endloop
  endfacet
  facet normal 0 0 -1
    outer loop
      vertex -19.075581039058626 18.046053456856544 -1
      vertex 19.32476262917145 -18.01457450145738 -1
      vertex 19.200666467128606 -18.034229402628956 -1
    endloop
  endfacet
  facet normal 0 0 -1
    outer loop
      vertex -19.075581039058626 18.046053456856544 -1
      vertex 19.447379774329708 -17.987166322257263 -1
      vertex 19.32476262917145 -18.01457450145738 -1
    endloop
  endfacet
  facet normal 0 0 -1
    outer loop
      vertex -19.075581039058626 18.046053456856544 -1
      vertex 19.568033988749892 -17.952113032590308 -1
      vertex 19.447379774329708 -17.987166322257263 -1
    endloop
  endfacet
  facet normal 0 0 -1
    outer loop
      vertex -19.075581039058626 18.046053456856544 -1
      vertex 19.686249105369356 -17.909552971776503 -1
      vertex 19.568033988749892 -17.952113032590308 -1
    endloop
  endfacet
  facet normal 0 0 -1
    outer loop
      vertex -19.075581039058626 18.046053456856544 -1
      vertex 19.801558583130145 -17.85965410493204 -1
      vertex 19.686249105369356 -17.909552971776503 -1
    endloop
  endfacet
  facet normal 0 0 -1
    outer loop
      vertex -19.075581039058626 18.046053456856544 -1
      vertex 19.91350734820343 -17.802613360087726 -1
      vertex 19.801558583130145 -17.85965410493204 -1
    endloop
  endfacet
  facet normal 0 0 -1
    outer loop
      vertex -19.075581039058626 18.046053456856544 -1
      vertex 20.021653589957992 -17.738655851004033 -1
      vertex 19.91350734820343 -17.802613360087726 -1
    endloop
  endfacet
  facet normal 0 0 -1
    outer loop
      vertex -19.075581039058626 18.046053456856544 -1
      vertex 20.125570504584946 -17.668033988749897 -1
      vertex 20.021653589957992 -17.738655851004033 -1
    endloop
  endfacet
  facet normal 0 0 -1
    outer loop
      vertex -19.075581039058626 18.046053456856544 -1
      vertex 20.22484797949738 -17.59102648555158 -1
      vertex 20.125570504584946 -17.668033988749897 -1
    endloop
  endfacet
  facet normal 0 0 -1
    outer loop
      vertex -19.075581039058626 18.046053456856544 -1
      vertex 20.319094211857376 -17.507937254842822 -1
      vertex 20.22484797949738 -17.59102648555158 -1
    endloop
  endfacet
  facet normal 0 0 -1
    outer loop
      vertex -19.075581039058626 18.046053456856544 -1
      vertex 20.40793725484282 -17.419094211857377 -1
      vertex 20.319094211857376 -17.507937254842822 -1
    endloop
  endfacet
  facet normal 0 0 -1
    outer loop
      vertex -19.075581039058626 18.046053456856544 -1
      vertex 20.49102648555158 -17.32484797949738 -1
      vertex 20.40793725484282 -17.419094211857377 -1
    endloop
  endfacet
  facet normal 0 0 -1
    outer loop
      vertex -19.075581039058626 18.046053456856544 -1
      vertex 20.568033988749896 -17.225570504584947 -1
      vertex 20.49102648555158 -17.32484797949738 -1
    endloop
  endfacet
  facet normal 0 0 -1
    outer loop
      vertex -19.075581039058626 18.046053456856544 -1
      vertex 20.63865585100403 -17.121653589957994 -1
      vertex 20.568033988749896 -17.225570504584947 -1
    endloop
  endfacet
  facet normal 0 0 -1
    outer loop
      vertex -19.075581039058626 18.046053456856544 -1
      vertex 20.702613360087724 -17.013507348203433 -1
      vertex 20.63865585100403 -17.121653589957994 -1
    endloop
  endfacet
  facet normal 0 0 -1
    outer loop
      vertex -19.075581039058626 18.046053456856544 -1
      vertex 20.75965410493204 -16.901558583130146 -1
      vertex 20.702613360087724 -17.013507348203433 -1
    endloop
  endfacet
  facet normal 0 0 -1
    outer loop
      vertex -18.95 18.05 -1
      vertex 20.8095529717765 -16.786249105369357 -1
      vertex 20.75965410493204 -16.901558583130146 -1
    endloop
  endfacet
  facet normal 0 0 -1
    outer loop
      vertex -18.95 18.05 -1
      vertex 20.852113032590307 -16.668033988749894 -1
      vertex 20.8095529717765 -16.786249105369357 -1
    endloop
  endfacet
  facet normal 0 0 -1
    outer loop
      vertex -18.95 18.05 -1
      vertex 20.88716632225726 -16.54737977432971 -1
      vertex 20.852113032590307 -16.668033988749894 -1
    endloop
  endfacet
  facet normal 0 0 -1
    outer loop
      vertex -18.95 18.05 -1
      vertex 20.914574501457377 -16.42476262917145 -1
      vertex 20.88716632225726 -16.54737977432971 -1
    endloop
  endfacet
  facet normal 0 0 -1
    outer loop
      vertex -18.95 18.05 -1
      vertex 20.934229402628954 -16.300666467128607 -1
      vertex 20.914574501457377 -16.42476262917145 -1
    endloop
  endfacet
  facet normal 0.03141075907812477 -0.9995065603657317 0
    outer loop
      vertex 19.075581039058626 -18.046053456856544 0.050000000000000044
      vertex 18.95 -18.05 -1
      vertex 19.075581039058626 -18.046053456856544 -1
    endloop
  endfacet
  facet normal 0.09410831331852379 -0.9955619646030792 0
    outer loop
      vertex 19.200666467128606 -18.034229402628956 0.050000000000000044
      vertex 19.075581039058626 -18.046053456856544 -1
      vertex 19.200666467128606 -18.034229402628956 -1
    endloop
  endfacet
  facet normal 0.1564344650402214 -0.9876883405951393 0
    outer loop
      vertex 19.32476262917145 -18.01457450145738 0.050000000000000044
      vertex 19.200666467128606 -18.034229402628956 -1
      vertex 19.32476262917145 -18.01457450145738 -1
    endloop
  endfacet
  facet normal 0.21814324139654823 -0.9759167619387462 0
    outer loop
      vertex 19.447379774329708 -17.987166322257263 0.050000000000000044
      vertex 19.32476262917145 -18.01457450145738 -1
      vertex 19.447379774329708 -17.987166322257263 -1
    endloop
  endfacet
  facet normal 0.2789911060392287 -0.9602936856769433 0
    outer loop
      vertex 19.568033988749892 -17.952113032590308 0.050000000000000044
      vertex 19.447379774329708 -17.987166322257263 -1
      vertex 19.568033988749892 -17.952113032590308 -1
    endloop
  endfacet
  facet normal 0.338737920245293 -0.9408807689542249 0
    outer loop
      vertex 19.686249105369356 -17.909552971776503 0.050000000000000044
      vertex 19.568033988749892 -17.952113032590308 -1
      vertex 19.686249105369356 -17.909552971776503 -1
    endloop
  endfacet
  facet normal 0.3971478906347683 -0.9177546256839866 0
    outer loop
      vertex 19.801558583130145 -17.85965410493204 0.050000000000000044
      vertex 19.686249105369356 -17.909552971776503 -1
      vertex 19.801558583130145 -17.85965410493204 -1
    endloop
  endfacet
  facet normal 0.45399049973956196 -0.8910065241883602 0
    outer loop
      vertex 19.91350734820343 -17.802613360087726 0.050000000000000044
      vertex 19.801558583130145 -17.85965410493204 -1
      vertex 19.91350734820343 -17.802613360087726 -1
    endloop
  endfacet
  facet normal 0.5090414157503527 -0.8607420270039547 0
    outer loop
      vertex 20.021653589957992 -17.738655851004033 0.050000000000000044
      vertex 19.91350734820343 -17.802613360087726 -1
      vertex 20.021653589957992 -17.738655851004033 -1
    endloop
  endfacet
  facet normal 0.5620833778521305 -0.8270805742745619 0
    outer loop
      vertex 20.125570504584946 -17.668033988749897 0.050000000000000044
      vertex 20.021653589957992 -17.738655851004033 -1
      vertex 20.125570504584946 -17.668033988749897 -1
    endloop
  endfacet
  facet normal 0.6129070536529768 -0.7901550123756901 0
    outer loop
      vertex 20.22484797949738 -17.59102648555158 0.050000000000000044
      vertex 20.125570504584946 -17.668033988749897 -1
      vertex 20.22484797949738 -17.59102648555158 -1
    endloop
  endfacet
  facet normal 0.6613118653236706 -0.750111069630443 0
    outer loop
      vertex 20.319094211857376 -17.507937254842822 0.050000000000000044
      vertex 20.22484797949738 -17.59102648555158 -1
      vertex 20.319094211857376 -17.507937254842822 -1
    endloop
  endfacet
  facet normal 0.7071067811865476 -0.7071067811865476 0
    outer loop
      vertex 20.40793725484282 -17.419094211857377 0.050000000000000044
      vertex 20.319094211857376 -17.507937254842822 -1
      vertex 20.40793725484282 -17.419094211857377 -1
    endloop
  endfacet
  facet normal 0.750111069630443 -0.6613118653236706 0
    outer loop
      vertex 20.49102648555158 -17.32484797949738 0.050000000000000044
      vertex 20.40793725484282 -17.419094211857377 -1
      vertex 20.49102648555158 -17.32484797949738 -1
    endloop
  endfacet
  facet normal 0.7901550123756901 -0.6129070536529768 0
    outer loop
      vertex 20.568033988749896 -17.225570504584947 0.050000000000000044
      vertex 20.49102648555158 -17.32484797949738 -1
      vertex 20.568033988749896 -17.225570504584947 -1
    endloop
  endfacet
  facet normal 0.8270805742745619 -0.5620833778521305 0
    outer loop
      vertex 20.63865585100403 -17.121653589957994 0.050000000000000044
      vertex 20.568033988749896 -17.225570504584947 -1
      vertex 20.63865585100403 -17.121653589957994 -1
    endloop
  endfacet
  facet normal 0.8607420270039547 -0.5090414157503527 0
    outer loop
      vertex 20.702613360087724 -17.013507348203433 0.050000000000000044
      vertex 20.63865585100403 -17.121653589957994 -1
      vertex 20.702613360087724 -17.013507348203433 -1
    endloop
  endfacet
  facet normal 0.8910065241883602 -0.45399049973956196 0
    outer loop
      vertex 20.75965410493204 -16.901558583130146 0.050000000000000044
      vertex 20.702613360087724 -17.013507348203433 -1
      vertex 20.75965410493204 -16.901558583130146 -1
    endloop
  endfacet
  facet normal 0.9177546256839866 -0.3971478906347683 0
    outer loop
      vertex 20.8095529717765 -16.786249105369357 0.050000000000000044
      vertex 20.75965410493204 -16.901558583130146 -1
      vertex 20.8095529717765 -16.786249105369357 -1
    endloop
  endfacet
  facet normal 0.9408807689542249 -0.338737920245293 0
    outer loop
      vertex 20.852113032590307 -16.668033988749894 0.050000000000000044
      vertex 20.8095529717765 -16.786249105369357 -1
      vertex 20.852113032590307 -16.668033988749894 -1
    endloop
  endfacet
  facet normal 0.9602936856769433 -0.2789911060392287 0
    outer loop
      vertex 20.88716632225726 -16.54737977432971 0.050000000000000044
      vertex 20.852113032590307 -16.668033988749894 -1
      vertex 20.88716632225726 -16.54737977432971 -1
    endloop
  endfacet
  facet normal 0.9759167619387462 -0.21814324139654823 0
    outer loop
      vertex 20.914574501457377 -16.42476262917145 0.050000000000000044
      vertex 20.88716632225726 -16.54737977432971 -1
      vertex 20.914574501457377 -16.42476262917145 -1
    endloop
  endfacet
  facet normal 0.9876883405951393 -0.1564344650402214 0
    outer loop
      vertex 20.934229402628954 -16.300666467128607 0.050000000000000044
      vertex 20.914574501457377 -16.42476262917145 -1
      vertex 20.934229402628954 -16.300666467128607 -1
    endloop
  endfacet
  facet normal 0.9955619646030792 -0.09410831331852379 0
    outer loop
      vertex 20.946053456856543 -16.175581039058628 0.050000000000000044
      vertex 20.934229402628954 -16.300666467128607 -1
      vertex 20.946053456856543 -16.175581039058628 -1
    endloop
  endfacet
  facet normal 0.9995065603657317 -0.03141075907812477 0
    outer loop
      vertex 20.95 -16.05 0.050000000000000044
      vertex 20.946053456856543 -16.175581039058628 -1
      vertex 20.95 -16.05 -1
    endloop
  endfacet
  facet normal 0.03141075907812477 -0.9995065603657317 0
    outer loop
      vertex 18.95 -18.05 0.050000000000000044
      vertex 18.95 -18.05 -1
      vertex 19.075581039058626 -18.046053456856544 0.050000000000000044
    endloop
  endfacet
  facet normal 0.09410831331852379 -0.9955619646030792 0
    outer loop
      vertex 19.075581039058626 -18.046053456856544 0.050000000000000044
      vertex 19.075581039058626 -18.046053456856544 -1
      vertex 19.200666467128606 -18.034229402628956 0.050000000000000044
    endloop
  endfacet
  facet normal 0.1564344650402214 -0.9876883405951393 0
    outer loop
      vertex 19.200666467128606 -18.034229402628956 0.050000000000000044
      vertex 19.200666467128606 -18.034229402628956 -1
      vertex 19.32476262917145 -18.01457450145738 0.050000000000000044
    endloop
  endfacet
  facet normal 0.21814324139654823 -0.9759167619387462 0
    outer loop
      vertex 19.32476262917145 -18.01457450145738 0.050000000000000044
      vertex 19.32476262917145 -18.01457450145738 -1
      vertex 19.447379774329708 -17.987166322257263 0.050000000000000044
    endloop
  endfacet
  facet normal 0.2789911060392287 -0.9602936856769433 0
    outer loop
      vertex 19.447379774329708 -17.987166322257263 0.050000000000000044
      vertex 19.447379774329708 -17.987166322257263 -1
      vertex 19.568033988749892 -17.952113032590308 0.050000000000000044
    endloop
  endfacet
  facet normal 0.338737920245293 -0.9408807689542249 0
    outer loop
      vertex 19.568033988749892 -17.952113032590308 0.050000000000000044
      vertex 19.568033988749892 -17.952113032590308 -1
      vertex 19.686249105369356 -17.909552971776503 0.050000000000000044
    endloop
  endfacet
  facet normal 0.3971478906347683 -0.9177546256839866 0
    outer loop
      vertex 19.686249105369356 -17.909552971776503 0.050000000000000044
      vertex 19.686249105369356 -17.909552971776503 -1
      vertex 19.801558583130145 -17.85965410493204 0.050000000000000044
    endloop
  endfacet
  facet normal 0.45399049973956196 -0.8910065241883602 0
    outer loop
      vertex 19.801558583130145 -17.85965410493204 0.050000000000000044
      vertex 19.801558583130145 -17.85965410493204 -1
      vertex 19.91350734820343 -17.802613360087726 0.050000000000000044
    endloop
  endfacet
  facet normal 0.5090414157503527 -0.8607420270039547 0
    outer loop
      vertex 19.91350734820343 -17.802613360087726 0.050000000000000044
      vertex 19.91350734820343 -17.802613360087726 -1
      vertex 20.021653589957992 -17.738655851004033 0.050000000000000044
    endloop
  endfacet
  facet normal 0.5620833778521305 -0.8270805742745619 0
    outer loop
      vertex 20.021653589957992 -17.738655851004033 0.050000000000000044
      vertex 20.021653589957992 -17.738655851004033 -1
      vertex 20.125570504584946 -17.668033988749897 0.050000000000000044
    endloop
  endfacet
  facet normal 0.6129070536529768 -0.7901550123756901 0
    outer loop
      vertex 20.125570504584946 -17.668033988749897 0.050000000000000044
      vertex 20.125570504584946 -17.668033988749897 -1
      vertex 20.22484797949738 -17.59102648555158 0.050000000000000044
    endloop
  endfacet
  facet normal 0.6613118653236706 -0.750111069630443 0
    outer loop
      vertex 20.22484797949738 -17.59102648555158 0.050000000000000044
      vertex 20.22484797949738 -17.59102648555158 -1
      vertex 20.319094211857376 -17.507937254842822 0.050000000000000044
    endloop
  endfacet
  facet normal 0.7071067811865476 -0.7071067811865476 0
    outer loop
      vertex 20.319094211857376 -17.507937254842822 0.050000000000000044
      vertex 20.319094211857376 -17.507937254842822 -1
      vertex 20.40793725484282 -17.419094211857377 0.050000000000000044
    endloop
  endfacet
  facet normal 0.750111069630443 -0.6613118653236706 0
    outer loop
      vertex 20.40793725484282 -17.419094211857377 0.050000000000000044
      vertex 20.40793725484282 -17.419094211857377 -1
      vertex 20.49102648555158 -17.32484797949738 0.050000000000000044
    endloop
  endfacet
  facet normal 0.7901550123756901 -0.6129070536529768 0
    outer loop
      vertex 20.49102648555158 -17.32484797949738 0.050000000000000044
      vertex 20.49102648555158 -17.32484797949738 -1
      vertex 20.568033988749896 -17.225570504584947 0.050000000000000044
    endloop
  endfacet
  facet normal 0.8270805742745619 -0.5620833778521305 0
    outer loop
      vertex 20.568033988749896 -17.225570504584947 0.050000000000000044
      vertex 20.568033988749896 -17.225570504584947 -1
      vertex 20.63865585100403 -17.121653589957994 0.050000000000000044
    endloop
  endfacet
  facet normal 0.8607420270039547 -0.5090414157503527 0
    outer loop
      vertex 20.63865585100403 -17.121653589957994 0.050000000000000044
      vertex 20.63865585100403 -17.121653589957994 -1
      vertex 20.702613360087724 -17.013507348203433 0.050000000000000044
    endloop
  endfacet
  facet normal 0.8910065241883602 -0.45399049973956196 0
    outer loop
      vertex 20.702613360087724 -17.013507348203433 0.050000000000000044
      vertex 20.702613360087724 -17.013507348203433 -1
      vertex 20.75965410493204 -16.901558583130146 0.050000000000000044
    endloop
  endfacet
  facet normal 0.9177546256839866 -0.3971478906347683 0
    outer loop
      vertex 20.75965410493204 -16.901558583130146 0.050000000000000044
      vertex 20.75965410493204 -16.901558583130146 -1
      vertex 20.8095529717765 -16.786249105369357 0.050000000000000044
    endloop
  endfacet
  facet normal 0.9408807689542249 -0.338737920245293 0
    outer loop
      vertex 20.8095529717765 -16.786249105369357 0.050000000000000044
      vertex 20.8095529717765 -16.786249105369357 -1
      vertex 20.852113032590307 -16.668033988749894 0.050000000000000044
    endloop
  endfacet
  facet normal 0.9602936856769433 -0.2789911060392287 0
    outer loop
      vertex 20.852113032590307 -16.668033988749894 0.050000000000000044
      vertex 20.852113032590307 -16.668033988749894 -1
      vertex 20.88716632225726 -16.54737977432971 0.050000000000000044
    endloop
  endfacet
  facet normal 0.9759167619387462 -0.21814324139654823 0
    outer loop
      vertex 20.88716632225726 -16.54737977432971 0.050000000000000044
      vertex 20.88716632225726 -16.54737977432971 -1
      vertex 20.914574501457377 -16.42476262917145 0.050000000000000044
    endloop
  endfacet
  facet normal 0.9876883405951393 -0.1564344650402214 0
    outer loop
      vertex 20.914574501457377 -16.42476262917145 0.050000000000000044
      vertex 20.914574501457377 -16.42476262917145 -1
      vertex 20.934229402628954 -16.300666467128607 0.050000000000000044
    endloop
  endfacet
  facet normal 0.9955619646030792 -0.09410831331852379 0
    outer loop
      vertex 20.934229402628954 -16.300666467128607 0.050000000000000044
      vertex 20.934229402628954 -16.300666467128607 -1
      vertex 20.946053456856543 -16.175581039058628 0.050000000000000044
    endloop
  endfacet
  facet normal 0.9995065603657317 -0.03141075907812477 0
    outer loop
      vertex 20.946053456856543 -16.175581039058628 0.050000000000000044
      vertex 20.946053456856543 -16.175581039058628 -1
      vertex 20.95 -16.05 0.050000000000000044
    endloop
  endfacet
  facet normal 0 0 -1
    outer loop
      vertex 18.95 18.05 -1
      vertex 20.946053456856543 -16.175581039058628 -1
      vertex 20.934229402628954 -16.300666467128607 -1
    endloop
  endfacet
  facet normal 0 0 -1
    outer loop
      vertex 18.95 18.05 -1
      vertex 20.95 -16.05 -1
      vertex 20.946053456856543 -16.175581039058628 -1
    endloop
  endfacet
  facet normal 1 0 0
    outer loop
      vertex 20.95 -16.05 0.050000000000000044
      vertex 20.95 -16.05 -1
      vertex 20.95 16.05 0.050000000000000044
    endloop
  endfacet
  facet normal 0 0 -1
    outer loop
      vertex -18.95 -18.05 0.050000000000000044
      vertex 18.95 -18.05 0.050000000000000044
      vertex 19.95 -19.05 0.050000000000000044
    endloop
  endfacet
  facet normal 0 -1 0
    outer loop
      vertex -19.95 -19.05 1
      vertex 19.95 -19.05 0.050000000000000044
      vertex 19.95 -19.05 1
    endloop
  endfacet
  facet normal 0 0 1
    outer loop
      vertex -20.20066646712861 19.034229402628956 1
      vertex 19.95 -19.05 1
      vertex 20.075581039058626 -19.046053456856544 1
    endloop
  endfacet
  facet normal 0 0 1
    outer loop
      vertex -20.20066646712861 19.034229402628956 1
      vertex 20.075581039058626 -19.046053456856544 1
      vertex 20.200666467128606 -19.034229402628956 1
    endloop
  endfacet
  facet normal 0 0 1
    outer loop
      vertex -20.20066646712861 19.034229402628956 1
      vertex 20.200666467128606 -19.034229402628956 1
      vertex 20.32476262917145 -19.01457450145738 1
    endloop
  endfacet
  facet normal 0 0 1
    outer loop
      vertex -20.20066646712861 19.034229402628956 1
      vertex 20.32476262917145 -19.01457450145738 1
      vertex 20.447379774329708 -18.987166322257263 1
    endloop
  endfacet
  facet normal 0 0 1
    outer loop
      vertex -20.20066646712861 19.034229402628956 1
      vertex 20.447379774329708 -18.987166322257263 1
      vertex 20.568033988749892 -18.952113032590308 1
    endloop
  endfacet
  facet normal 0 0 1
    outer loop
      vertex -20.20066646712861 19.034229402628956 1
      vertex 20.568033988749892 -18.952113032590308 1
      vertex 20.686249105369356 -18.909552971776503 1
    endloop
  endfacet
  facet normal 0 0 1
    outer loop
      vertex -20.20066646712861 19.034229402628956 1
      vertex 20.686249105369356 -18.909552971776503 1
      vertex 20.801558583130145 -18.85965410493204 1
    endloop
  endfacet
  facet normal 0 0 1
    outer loop
      vertex -20.20066646712861 19.034229402628956 1
      vertex 20.801558583130145 -18.85965410493204 1
      vertex 20.91350734820343 -18.802613360087726 1
    endloop
  endfacet
  facet normal 0 0 1
    outer loop
      vertex -20.20066646712861 19.034229402628956 1
      vertex 20.91350734820343 -18.802613360087726 1
      vertex 21.021653589957992 -18.738655851004033 1
    endloop
  endfacet
  facet normal 0 0 1
    outer loop
      vertex -20.20066646712861 19.034229402628956 1
      vertex 21.021653589957992 -18.738655851004033 1
      vertex 21.125570504584946 -18.668033988749897 1
    endloop
  endfacet
  facet normal 0 0 1
    outer loop
      vertex -20.20066646712861 19.034229402628956 1
      vertex 21.125570504584946 -18.668033988749897 1
      vertex 21.22484797949738 -18.59102648555158 1
    endloop
  endfacet
  facet normal 0 0 1
    outer loop
      vertex -20.20066646712861 19.034229402628956 1
      vertex 21.22484797949738 -18.59102648555158 1
      vertex 21.319094211857376 -18.507937254842822 1
    endloop
  endfacet
  facet normal 0 0 1
    outer loop
      vertex -20.20066646712861 19.034229402628956 1
      vertex 21.319094211857376 -18.507937254842822 1
      vertex 21.40793725484282 -18.419094211857377 1
    endloop
  endfacet
  facet normal 0 0 1
    outer loop
      vertex -20.20066646712861 19.034229402628956 1
      vertex 21.40793725484282 -18.419094211857377 1
      vertex 21.49102648555158 -18.32484797949738 1
    endloop
  endfacet
  facet normal 0 0 1
    outer loop
      vertex -20.20066646712861 19.034229402628956 1
      vertex 21.49102648555158 -18.32484797949738 1
      vertex 21.568033988749896 -18.225570504584947 1
    endloop
  endfacet
  facet normal 0 0 1
    outer loop
      vertex -20.20066646712861 19.034229402628956 1
      vertex 21.568033988749896 -18.225570504584947 1
      vertex 21.63865585100403 -18.121653589957994 1
    endloop
  endfacet
  facet normal 0 0 1
    outer loop
      vertex -20.20066646712861 19.034229402628956 1
      vertex 21.63865585100403 -18.121653589957994 1
      vertex 21.702613360087724 -18.013507348203433 1
    endloop
  endfacet
  facet normal 0 0 1
    outer loop
      vertex -20.20066646712861 19.034229402628956 1
      vertex 21.702613360087724 -18.013507348203433 1
      vertex 21.75965410493204 -17.901558583130146 1
    endloop
  endfacet
  facet normal 0 0 1
    outer loop
      vertex -20.20066646712861 19.034229402628956 1
      vertex 21.75965410493204 -17.901558583130146 1
      vertex 21.8095529717765 -17.786249105369357 1
    endloop
  endfacet
  facet normal 0 0 1
    outer loop
      vertex -20.20066646712861 19.034229402628956 1
      vertex 21.8095529717765 -17.786249105369357 1
      vertex 21.852113032590307 -17.668033988749894 1
    endloop
  endfacet
  facet normal 0 0 1
    outer loop
      vertex -20.20066646712861 19.034229402628956 1
      vertex 21.852113032590307 -17.668033988749894 1
      vertex 21.88716632225726 -17.54737977432971 1
    endloop
  endfacet
  facet normal 0 0 1
    outer loop
      vertex -20.20066646712861 19.034229402628956 1
      vertex 21.88716632225726 -17.54737977432971 1
      vertex 21.914574501457377 -17.42476262917145 1
    endloop
  endfacet
  facet normal 0 0 1
    outer loop
      vertex -20.20066646712861 19.034229402628956 1
      vertex 21.914574501457377 -17.42476262917145 1
      vertex 21.934229402628954 -17.300666467128607 1
    endloop
  endfacet
  facet normal 0 0 1
    outer loop
      vertex -20.20066646712861 19.034229402628956 1
      vertex 21.934229402628954 -17.300666467128607 1
      vertex 21.946053456856543 -17.175581039058628 1
    endloop
  endfacet
  facet normal 0 0 1
    outer loop
      vertex -20.20066646712861 19.034229402628956 1
      vertex 21.946053456856543 -17.175581039058628 1
      vertex 21.95 -17.05 1
    endloop
  endfacet
  facet normal 0 0 -1
    outer loop
      vertex 18.95 -18.05 0.050000000000000044
      vertex 20.075581039058626 -19.046053456856544 0.050000000000000044
      vertex 19.95 -19.05 0.050000000000000044
    endloop
  endfacet
  facet normal 0 0 -1
    outer loop
      vertex 18.95 -18.05 0.050000000000000044
      vertex 20.200666467128606 -19.034229402628956 0.050000000000000044
      vertex 20.075581039058626 -19.046053456856544 0.050000000000000044
    endloop
  endfacet
  facet normal 0 0 -1
    outer loop
      vertex 18.95 -18.05 0.050000000000000044
      vertex 20.32476262917145 -19.01457450145738 0.050000000000000044
      vertex 20.200666467128606 -19.034229402628956 0.050000000000000044
    endloop
  endfacet
  facet normal 0 0 -1
    outer loop
      vertex 18.95 -18.05 0.050000000000000044
      vertex 19.075581039058626 -18.046053456856544 0.050000000000000044
      vertex 20.91350734820343 -18.802613360087726 0.050000000000000044
    endloop
  endfacet
  facet normal 0 0 -1
    outer loop
      vertex 19.075581039058626 -18.046053456856544 0.050000000000000044
      vertex 19.200666467128606 -18.034229402628956 0.050000000000000044
      vertex 20.91350734820343 -18.802613360087726 0.050000000000000044
    endloop
  endfacet
  facet normal 0 0 -1
    outer loop
      vertex 19.200666467128606 -18.034229402628956 0.050000000000000044
      vertex 19.32476262917145 -18.01457450145738 0.050000000000000044
      vertex 20.91350734820343 -18.802613360087726 0.050000000000000044
    endloop
  endfacet
  facet normal 0 0 -1
    outer loop
      vertex 18.95 -18.05 0.050000000000000044
      vertex 20.447379774329708 -18.987166322257263 0.050000000000000044
      vertex 20.32476262917145 -19.01457450145738 0.050000000000000044
    endloop
  endfacet
  facet normal 0 0 -1
    outer loop
      vertex 18.95 -18.05 0.050000000000000044
      vertex 20.568033988749892 -18.952113032590308 0.050000000000000044
      vertex 20.447379774329708 -18.987166322257263 0.050000000000000044
    endloop
  endfacet
  facet normal 0 0 -1
    outer loop
      vertex 18.95 -18.05 0.050000000000000044
      vertex 20.686249105369356 -18.909552971776503 0.050000000000000044
      vertex 20.568033988749892 -18.952113032590308 0.050000000000000044
    endloop
  endfacet
  facet normal 0 0 -1
    outer loop
      vertex 18.95 -18.05 0.050000000000000044
      vertex 20.801558583130145 -18.85965410493204 0.050000000000000044
      vertex 20.686249105369356 -18.909552971776503 0.050000000000000044
    endloop
  endfacet
  facet normal 0 0 -1
    outer loop
      vertex 18.95 -18.05 0.050000000000000044
      vertex 20.91350734820343 -18.802613360087726 0.050000000000000044
      vertex 20.801558583130145 -18.85965410493204 0.050000000000000044
    endloop
  endfacet
  facet normal 0 0 -1
    outer loop
      vertex 19.32476262917145 -18.01457450145738 0.050000000000000044
      vertex 21.021653589957992 -18.738655851004033 0.050000000000000044
      vertex 20.91350734820343 -18.802613360087726 0.050000000000000044
    endloop
  endfacet
  facet normal 0 0 -1
    outer loop
      vertex 19.32476262917145 -18.01457450145738 0.050000000000000044
      vertex 19.447379774329708 -17.987166322257263 0.050000000000000044
      vertex 21.021653589957992 -18.738655851004033 0.050000000000000044
    endloop
  endfacet
  facet normal 0 0 -1
    outer loop
      vertex 19.447379774329708 -17.987166322257263 0.050000000000000044
      vertex 19.568033988749892 -17.952113032590308 0.050000000000000044
      vertex 21.021653589957992 -18.738655851004033 0.050000000000000044
    endloop
  endfacet
  facet normal 0 0 -1
    outer loop
      vertex 19.568033988749892 -17.952113032590308 0.050000000000000044
      vertex 19.686249105369356 -17.909552971776503 0.050000000000000044
      vertex 21.021653589957992 -18.738655851004033 0.050000000000000044
    endloop
  endfacet
  facet normal 0 0 -1
    outer loop
      vertex 19.686249105369356 -17.909552971776503 0.050000000000000044
      vertex 19.801558583130145 -17.85965410493204 0.050000000000000044
      vertex 21.125570504584946 -18.668033988749897 0.050000000000000044
    endloop
  endfacet
  facet normal 0 0 -1
    outer loop
      vertex 19.801558583130145 -17.85965410493204 0.050000000000000044
      vertex 19.91350734820343 -17.802613360087726 0.050000000000000044
      vertex 21.125570504584946 -18.668033988749897 0.050000000000000044
    endloop
  endfacet
  facet normal 0 0 -1
    outer loop
      vertex 19.91350734820343 -17.802613360087726 0.050000000000000044
      vertex 20.021653589957992 -17.738655851004033 0.050000000000000044
      vertex 21.22484797949738 -18.59102648555158 0.050000000000000044
    endloop
  endfacet
  facet normal 0 0 -1
    outer loop
      vertex 20.021653589957992 -17.738655851004033 0.050000000000000044
      vertex 20.125570504584946 -17.668033988749897 0.050000000000000044
      vertex 21.22484797949738 -18.59102648555158 0.050000000000000044
    endloop
  endfacet
  facet normal 0 0 -1
    outer loop
      vertex 20.125570504584946 -17.668033988749897 0.050000000000000044
      vertex 20.22484797949738 -17.59102648555158 0.050000000000000044
      vertex 21.319094211857376 -18.507937254842822 0.050000000000000044
    endloop
  endfacet
  facet normal 0 0 -1
    outer loop
      vertex 19.686249105369356 -17.909552971776503 0.050000000000000044
      vertex 21.125570504584946 -18.668033988749897 0.050000000000000044
      vertex 21.021653589957992 -18.738655851004033 0.050000000000000044
    endloop
  endfacet
  facet normal 0 0 -1
    outer loop
      vertex 19.91350734820343 -17.802613360087726 0.050000000000000044
      vertex 21.22484797949738 -18.59102648555158 0.050000000000000044
      vertex 21.125570504584946 -18.668033988749897 0.050000000000000044
    endloop
  endfacet
  facet normal 0 0 -1
    outer loop
      vertex 20.125570504584946 -17.668033988749897 0.050000000000000044
      vertex 21.319094211857376 -18.507937254842822 0.050000000000000044
      vertex 21.22484797949738 -18.59102648555158 0.050000000000000044
    endloop
  endfacet
  facet normal 0 0 -1
    outer loop
      vertex 20.22484797949738 -17.59102648555158 0.050000000000000044
      vertex 20.319094211857376 -17.507937254842822 0.050000000000000044
      vertex 21.319094211857376 -18.507937254842822 0.050000000000000044
    endloop
  endfacet
  facet normal 0 0 -1
    outer loop
      vertex 20.319094211857376 -17.507937254842822 0.050000000000000044
      vertex 21.40793725484282 -18.419094211857377 0.050000000000000044
      vertex 21.319094211857376 -18.507937254842822 0.050000000000000044
    endloop
  endfacet
  facet normal 0 0 -1
    outer loop
      vertex 20.40793725484282 -17.419094211857377 0.050000000000000044
      vertex 21.49102648555158 -18.32484797949738 0.050000000000000044
      vertex 21.40793725484282 -18.419094211857377 0.050000000000000044
    endloop
  endfacet
  facet normal 0 0 -1
    outer loop
      vertex 20.568033988749896 -17.225570504584947 0.050000000000000044
      vertex 21.568033988749896 -18.225570504584947 0.050000000000000044
      vertex 21.49102648555158 -18.32484797949738 0.050000000000000044
    endloop
  endfacet
  facet normal 0 0 -1
    outer loop
      vertex 20.319094211857376 -17.507937254842822 0.050000000000000044
      vertex 20.40793725484282 -17.419094211857377 0.050000000000000044
      vertex 21.40793725484282 -18.419094211857377 0.050000000000000044
    endloop
  endfacet
  facet normal 0 0 -1
    outer loop
      vertex 20.40793725484282 -17.419094211857377 0.050000000000000044
      vertex 20.49102648555158 -17.32484797949738 0.050000000000000044
      vertex 21.49102648555158 -18.32484797949738 0.050000000000000044
    endloop
  endfacet
  facet normal 0 0 -1
    outer loop
      vertex 20.49102648555158 -17.32484797949738 0.050000000000000044
      vertex 20.568033988749896 -17.225570504584947 0.050000000000000044
      vertex 21.49102648555158 -18.32484797949738 0.050000000000000044
    endloop
  endfacet
  facet normal 0 0 -1
    outer loop
      vertex 20.568033988749896 -17.225570504584947 0.050000000000000044
      vertex 20.63865585100403 -17.121653589957994 0.050000000000000044
      vertex 21.568033988749896 -18.225570504584947 0.050000000000000044
    endloop
  endfacet
  facet normal 0 0 -1
    outer loop
      vertex 20.63865585100403 -17.121653589957994 0.050000000000000044
      vertex 20.702613360087724 -17.013507348203433 0.050000000000000044
      vertex 21.568033988749896 -18.225570504584947 0.050000000000000044
    endloop
  endfacet
  facet normal 0 0 -1
    outer loop
      vertex 20.702613360087724 -17.013507348203433 0.050000000000000044
      vertex 20.75965410493204 -16.901558583130146 0.050000000000000044
      vertex 21.63865585100403 -18.121653589957994 0.050000000000000044
    endloop
  endfacet
  facet normal 0 0 -1
    outer loop
      vertex 20.75965410493204 -16.901558583130146 0.050000000000000044
      vertex 20.8095529717765 -16.786249105369357 0.050000000000000044
      vertex 21.63865585100403 -18.121653589957994 0.050000000000000044
    endloop
  endfacet
  facet normal 0 0 -1
    outer loop
      vertex 20.8095529717765 -16.786249105369357 0.050000000000000044
      vertex 20.852113032590307 -16.668033988749894 0.050000000000000044
      vertex 21.702613360087724 -18.013507348203433 0.050000000000000044
    endloop
  endfacet
  facet normal 0 0 -1
    outer loop
      vertex 20.852113032590307 -16.668033988749894 0.050000000000000044
      vertex 20.88716632225726 -16.54737977432971 0.050000000000000044
      vertex 21.702613360087724 -18.013507348203433 0.050000000000000044
    endloop
  endfacet
  facet normal 0 0 -1
    outer loop
      vertex 20.88716632225726 -16.54737977432971 0.050000000000000044
      vertex 20.914574501457377 -16.42476262917145 0.050000000000000044
      vertex 21.702613360087724 -18.013507348203433 0.050000000000000044
    endloop
  endfacet
  facet normal 0 0 -1
    outer loop
      vertex 20.914574501457377 -16.42476262917145 0.050000000000000044
      vertex 20.934229402628954 -16.300666467128607 0.050000000000000044
      vertex 21.75965410493204 -17.901558583130146 0.050000000000000044
    endloop
  endfacet
  facet normal 0 0 -1
    outer loop
      vertex 20.934229402628954 -16.300666467128607 0.050000000000000044
      vertex 20.946053456856543 -16.175581039058628 0.050000000000000044
      vertex 21.75965410493204 -17.901558583130146 0.050000000000000044
    endloop
  endfacet
  facet normal 0 0 -1
    outer loop
      vertex 20.702613360087724 -17.013507348203433 0.050000000000000044
      vertex 21.63865585100403 -18.121653589957994 0.050000000000000044
      vertex 21.568033988749896 -18.225570504584947 0.050000000000000044
    endloop
  endfacet
  facet normal 0 0 -1
    outer loop
      vertex 20.8095529717765 -16.786249105369357 0.050000000000000044
      vertex 21.702613360087724 -18.013507348203433 0.050000000000000044
      vertex 21.63865585100403 -18.121653589957994 0.050000000000000044
    endloop
  endfacet
  facet normal 0 0 -1
    outer loop
      vertex 20.914574501457377 -16.42476262917145 0.050000000000000044
      vertex 21.75965410493204 -17.901558583130146 0.050000000000000044
      vertex 21.702613360087724 -18.013507348203433 0.050000000000000044
    endloop
  endfacet
  facet normal 0 0 -1
    outer loop
      vertex 20.946053456856543 -16.175581039058628 0.050000000000000044
      vertex 21.8095529717765 -17.786249105369357 0.050000000000000044
      vertex 21.75965410493204 -17.901558583130146 0.050000000000000044
    endloop
  endfacet
  facet normal 0 0 -1
    outer loop
      vertex 20.946053456856543 -16.175581039058628 0.050000000000000044
      vertex 21.852113032590307 -17.668033988749894 0.050000000000000044
      vertex 21.8095529717765 -17.786249105369357 0.050000000000000044
    endloop
  endfacet
  facet normal 0 0 -1
    outer loop
      vertex 20.946053456856543 -16.175581039058628 0.050000000000000044
      vertex 21.88716632225726 -17.54737977432971 0.050000000000000044
      vertex 21.852113032590307 -17.668033988749894 0.050000000000000044
    endloop
  endfacet
  facet normal 0 0 -1
    outer loop
      vertex 20.946053456856543 -16.175581039058628 0.050000000000000044
      vertex 21.914574501457377 -17.42476262917145 0.050000000000000044
      vertex 21.88716632225726 -17.54737977432971 0.050000000000000044
    endloop
  endfacet
  facet normal 0 0 -1
    outer loop
      vertex 20.946053456856543 -16.175581039058628 0.050000000000000044
      vertex 21.934229402628954 -17.300666467128607 0.050000000000000044
      vertex 21.914574501457377 -17.42476262917145 0.050000000000000044
    endloop
  endfacet
  facet normal 0 0 -1
    outer loop
      vertex 20.946053456856543 -16.175581039058628 0.050000000000000044
      vertex 21.946053456856543 -17.175581039058628 0.050000000000000044
      vertex 21.934229402628954 -17.300666467128607 0.050000000000000044
    endloop
  endfacet
  facet normal 0 0 -1
    outer loop
      vertex 20.946053456856543 -16.175581039058628 0.050000000000000044
      vertex 21.95 -17.05 0.050000000000000044
      vertex 21.946053456856543 -17.175581039058628 0.050000000000000044
    endloop
  endfacet
  facet normal 0 0 -1
    outer loop
      vertex 20.946053456856543 -16.175581039058628 0.050000000000000044
      vertex 20.95 -16.05 0.050000000000000044
      vertex 21.95 -17.05 0.050000000000000044
    endloop
  endfacet
  facet normal 0.03141075907812476 -0.9995065603657316 0
    outer loop
      vertex 19.95 -19.05 1
      vertex 19.95 -19.05 0.050000000000000044
      vertex 20.075581039058626 -19.046053456856544 0.050000000000000044
    endloop
  endfacet
  facet normal 0.09410831331852376 -0.9955619646030791 0
    outer loop
      vertex 20.075581039058626 -19.046053456856544 1
      vertex 20.075581039058626 -19.046053456856544 0.050000000000000044
      vertex 20.200666467128606 -19.034229402628956 0.050000000000000044
    endloop
  endfacet
  facet normal 0.15643446504022143 -0.9876883405951392 0
    outer loop
      vertex 20.200666467128606 -19.034229402628956 1
      vertex 20.200666467128606 -19.034229402628956 0.050000000000000044
      vertex 20.32476262917145 -19.01457450145738 0.050000000000000044
    endloop
  endfacet
  facet normal 0.2181432413965482 -0.9759167619387461 0
    outer loop
      vertex 20.32476262917145 -19.01457450145738 1
      vertex 20.32476262917145 -19.01457450145738 0.050000000000000044
      vertex 20.447379774329708 -18.987166322257263 0.050000000000000044
    endloop
  endfacet
  facet normal 0.2789911060392287 -0.9602936856769433 0
    outer loop
      vertex 20.447379774329708 -18.987166322257263 1
      vertex 20.447379774329708 -18.987166322257263 0.050000000000000044
      vertex 20.568033988749892 -18.952113032590308 0.050000000000000044
    endloop
  endfacet
  facet normal 0.33873792024529303 -0.9408807689542249 0
    outer loop
      vertex 20.568033988749892 -18.952113032590308 1
      vertex 20.568033988749892 -18.952113032590308 0.050000000000000044
      vertex 20.686249105369356 -18.909552971776503 0.050000000000000044
    endloop
  endfacet
  facet normal 0.3971478906347683 -0.9177546256839865 0
    outer loop
      vertex 20.686249105369356 -18.909552971776503 1
      vertex 20.686249105369356 -18.909552971776503 0.050000000000000044
      vertex 20.801558583130145 -18.85965410493204 0.050000000000000044
    endloop
  endfacet
  facet normal 0.45399049973956185 -0.8910065241883602 0
    outer loop
      vertex 20.801558583130145 -18.85965410493204 1
      vertex 20.801558583130145 -18.85965410493204 0.050000000000000044
      vertex 20.91350734820343 -18.802613360087726 0.050000000000000044
    endloop
  endfacet
  facet normal 0.5090414157503527 -0.8607420270039546 0
    outer loop
      vertex 20.91350734820343 -18.802613360087726 1
      vertex 20.91350734820343 -18.802613360087726 0.050000000000000044
      vertex 21.021653589957992 -18.738655851004033 0.050000000000000044
    endloop
  endfacet
  facet normal 0.5620833778521305 -0.827080574274562 0
    outer loop
      vertex 21.021653589957992 -18.738655851004033 1
      vertex 21.021653589957992 -18.738655851004033 0.050000000000000044
      vertex 21.125570504584946 -18.668033988749897 0.050000000000000044
    endloop
  endfacet
  facet normal 0.6129070536529768 -0.7901550123756901 0
    outer loop
      vertex 21.125570504584946 -18.668033988749897 1
      vertex 21.125570504584946 -18.668033988749897 0.050000000000000044
      vertex 21.22484797949738 -18.59102648555158 0.050000000000000044
    endloop
  endfacet
  facet normal 0.6613118653236707 -0.750111069630443 0
    outer loop
      vertex 21.22484797949738 -18.59102648555158 1
      vertex 21.22484797949738 -18.59102648555158 0.050000000000000044
      vertex 21.319094211857376 -18.507937254842822 0.050000000000000044
    endloop
  endfacet
  facet normal 0.7071067811865475 -0.7071067811865475 0
    outer loop
      vertex 21.319094211857376 -18.507937254842822 1
      vertex 21.319094211857376 -18.507937254842822 0.050000000000000044
      vertex 21.40793725484282 -18.419094211857377 0.050000000000000044
    endloop
  endfacet
  facet normal 0.750111069630443 -0.6613118653236707 0
    outer loop
      vertex 21.40793725484282 -18.419094211857377 1
      vertex 21.40793725484282 -18.419094211857377 0.050000000000000044
      vertex 21.49102648555158 -18.32484797949738 0.050000000000000044
    endloop
  endfacet
  facet normal 0.7901550123756901 -0.6129070536529768 0
    outer loop
      vertex 21.49102648555158 -18.32484797949738 1
      vertex 21.49102648555158 -18.32484797949738 0.050000000000000044
      vertex 21.568033988749896 -18.225570504584947 0.050000000000000044
    endloop
  endfacet
  facet normal 0.827080574274562 -0.5620833778521305 0
    outer loop
      vertex 21.568033988749896 -18.225570504584947 1
      vertex 21.568033988749896 -18.225570504584947 0.050000000000000044
      vertex 21.63865585100403 -18.121653589957994 0.050000000000000044
    endloop
  endfacet
  facet normal 0.8607420270039546 -0.5090414157503527 0
    outer loop
      vertex 21.63865585100403 -18.121653589957994 1
      vertex 21.63865585100403 -18.121653589957994 0.050000000000000044
      vertex 21.702613360087724 -18.013507348203433 0.050000000000000044
    endloop
  endfacet
  facet normal 0.8910065241883602 -0.45399049973956185 0
    outer loop
      vertex 21.702613360087724 -18.013507348203433 1
      vertex 21.702613360087724 -18.013507348203433 0.050000000000000044
      vertex 21.75965410493204 -17.901558583130146 0.050000000000000044
    endloop
  endfacet
  facet normal 0.9177546256839865 -0.3971478906347683 0
    outer loop
      vertex 21.75965410493204 -17.901558583130146 1
      vertex 21.75965410493204 -17.901558583130146 0.050000000000000044
      vertex 21.8095529717765 -17.786249105369357 0.050000000000000044
    endloop
  endfacet
  facet normal 0.9408807689542249 -0.33873792024529303 0
    outer loop
      vertex 21.8095529717765 -17.786249105369357 1
      vertex 21.8095529717765 -17.786249105369357 0.050000000000000044
      vertex 21.852113032590307 -17.668033988749894 0.050000000000000044
    endloop
  endfacet
  facet normal 0.9602936856769433 -0.2789911060392287 0
    outer loop
      vertex 21.852113032590307 -17.668033988749894 1
      vertex 21.852113032590307 -17.668033988749894 0.050000000000000044
      vertex 21.88716632225726 -17.54737977432971 0.050000000000000044
    endloop
  endfacet
  facet normal 0.9759167619387461 -0.2181432413965482 0
    outer loop
      vertex 21.88716632225726 -17.54737977432971 1
      vertex 21.88716632225726 -17.54737977432971 0.050000000000000044
      vertex 21.914574501457377 -17.42476262917145 0.050000000000000044
    endloop
  endfacet
  facet normal 0.9876883405951392 -0.15643446504022143 0
    outer loop
      vertex 21.914574501457377 -17.42476262917145 1
      vertex 21.914574501457377 -17.42476262917145 0.050000000000000044
      vertex 21.934229402628954 -17.300666467128607 0.050000000000000044
    endloop
  endfacet
  facet normal 0.9955619646030791 -0.09410831331852376 0
    outer loop
      vertex 21.934229402628954 -17.300666467128607 1
      vertex 21.934229402628954 -17.300666467128607 0.050000000000000044
      vertex 21.946053456856543 -17.175581039058628 0.050000000000000044
    endloop
  endfacet
  facet normal 0.9995065603657316 -0.03141075907812476 0
    outer loop
      vertex 21.946053456856543 -17.175581039058628 1
      vertex 21.946053456856543 -17.175581039058628 0.050000000000000044
      vertex 21.95 -17.05 0.050000000000000044
    endloop
  endfacet
  facet normal 0.03141075907812476 -0.9995065603657316 0
    outer loop
      vertex 19.95 -19.05 1
      vertex 20.075581039058626 -19.046053456856544 0.050000000000000044
      vertex 20.075581039058626 -19.046053456856544 1
    endloop
  endfacet
  facet normal 0.09410831331852376 -0.9955619646030791 0
    outer loop
      vertex 20.075581039058626 -19.046053456856544 1
      vertex 20.200666467128606 -19.034229402628956 0.050000000000000044
      vertex 20.200666467128606 -19.034229402628956 1
    endloop
  endfacet
  facet normal 0.15643446504022143 -0.9876883405951392 0
    outer loop
      vertex 20.200666467128606 -19.034229402628956 1
      vertex 20.32476262917145 -19.01457450145738 0.050000000000000044
      vertex 20.32476262917145 -19.01457450145738 1
    endloop
  endfacet
  facet normal 0.2181432413965482 -0.9759167619387461 0
    outer loop
      vertex 20.32476262917145 -19.01457450145738 1
      vertex 20.447379774329708 -18.987166322257263 0.050000000000000044
      vertex 20.447379774329708 -18.987166322257263 1
    endloop
  endfacet
  facet normal 0.2789911060392287 -0.9602936856769433 0
    outer loop
      vertex 20.447379774329708 -18.987166322257263 1
      vertex 20.568033988749892 -18.952113032590308 0.050000000000000044
      vertex 20.568033988749892 -18.952113032590308 1
    endloop
  endfacet
  facet normal 0.33873792024529303 -0.9408807689542249 0
    outer loop
      vertex 20.568033988749892 -18.952113032590308 1
      vertex 20.686249105369356 -18.909552971776503 0.050000000000000044
      vertex 20.686249105369356 -18.909552971776503 1
    endloop
  endfacet
  facet normal 0.3971478906347683 -0.9177546256839865 0
    outer loop
      vertex 20.686249105369356 -18.909552971776503 1
      vertex 20.801558583130145 -18.85965410493204 0.050000000000000044
      vertex 20.801558583130145 -18.85965410493204 1
    endloop
  endfacet
  facet normal 0.45399049973956185 -0.8910065241883602 0
    outer loop
      vertex 20.801558583130145 -18.85965410493204 1
      vertex 20.91350734820343 -18.802613360087726 0.050000000000000044
      vertex 20.91350734820343 -18.802613360087726 1
    endloop
  endfacet
  facet normal 0.5090414157503527 -0.8607420270039546 0
    outer loop
      vertex 20.91350734820343 -18.802613360087726 1
      vertex 21.021653589957992 -18.738655851004033 0.050000000000000044
      vertex 21.021653589957992 -18.738655851004033 1
    endloop
  endfacet
  facet normal 0.5620833778521305 -0.827080574274562 0
    outer loop
      vertex 21.021653589957992 -18.738655851004033 1
      vertex 21.125570504584946 -18.668033988749897 0.050000000000000044
      vertex 21.125570504584946 -18.668033988749897 1
    endloop
  endfacet
  facet normal 0.6129070536529768 -0.7901550123756901 0
    outer loop
      vertex 21.125570504584946 -18.668033988749897 1
      vertex 21.22484797949738 -18.59102648555158 0.050000000000000044
      vertex 21.22484797949738 -18.59102648555158 1
    endloop
  endfacet
  facet normal 0.6613118653236707 -0.750111069630443 0
    outer loop
      vertex 21.22484797949738 -18.59102648555158 1
      vertex 21.319094211857376 -18.507937254842822 0.050000000000000044
      vertex 21.319094211857376 -18.507937254842822 1
    endloop
  endfacet
  facet normal 0.7071067811865475 -0.7071067811865475 0
    outer loop
      vertex 21.319094211857376 -18.507937254842822 1
      vertex 21.40793725484282 -18.419094211857377 0.050000000000000044
      vertex 21.40793725484282 -18.419094211857377 1
    endloop
  endfacet
  facet normal 0.750111069630443 -0.6613118653236707 0
    outer loop
      vertex 21.40793725484282 -18.419094211857377 1
      vertex 21.49102648555158 -18.32484797949738 0.050000000000000044
      vertex 21.49102648555158 -18.32484797949738 1
    endloop
  endfacet
  facet normal 0.7901550123756901 -0.6129070536529768 0
    outer loop
      vertex 21.49102648555158 -18.32484797949738 1
      vertex 21.568033988749896 -18.225570504584947 0.050000000000000044
      vertex 21.568033988749896 -18.225570504584947 1
    endloop
  endfacet
  facet normal 0.827080574274562 -0.5620833778521305 0
    outer loop
      vertex 21.568033988749896 -18.225570504584947 1
      vertex 21.63865585100403 -18.121653589957994 0.050000000000000044
      vertex 21.63865585100403 -18.121653589957994 1
    endloop
  endfacet
  facet normal 0.8607420270039546 -0.5090414157503527 0
    outer loop
      vertex 21.63865585100403 -18.121653589957994 1
      vertex 21.702613360087724 -18.013507348203433 0.050000000000000044
      vertex 21.702613360087724 -18.013507348203433 1
    endloop
  endfacet
  facet normal 0.8910065241883602 -0.45399049973956185 0
    outer loop
      vertex 21.702613360087724 -18.013507348203433 1
      vertex 21.75965410493204 -17.901558583130146 0.050000000000000044
      vertex 21.75965410493204 -17.901558583130146 1
    endloop
  endfacet
  facet normal 0.9177546256839865 -0.3971478906347683 0
    outer loop
      vertex 21.75965410493204 -17.901558583130146 1
      vertex 21.8095529717765 -17.786249105369357 0.050000000000000044
      vertex 21.8095529717765 -17.786249105369357 1
    endloop
  endfacet
  facet normal 0.9408807689542249 -0.33873792024529303 0
    outer loop
      vertex 21.8095529717765 -17.786249105369357 1
      vertex 21.852113032590307 -17.668033988749894 0.050000000000000044
      vertex 21.852113032590307 -17.668033988749894 1
    endloop
  endfacet
  facet normal 0.9602936856769433 -0.2789911060392287 0
    outer loop
      vertex 21.852113032590307 -17.668033988749894 1
      vertex 21.88716632225726 -17.54737977432971 0.050000000000000044
      vertex 21.88716632225726 -17.54737977432971 1
    endloop
  endfacet
  facet normal 0.9759167619387461 -0.2181432413965482 0
    outer loop
      vertex 21.88716632225726 -17.54737977432971 1
      vertex 21.914574501457377 -17.42476262917145 0.050000000000000044
      vertex 21.914574501457377 -17.42476262917145 1
    endloop
  endfacet
  facet normal 0.9876883405951392 -0.15643446504022143 0
    outer loop
      vertex 21.914574501457377 -17.42476262917145 1
      vertex 21.934229402628954 -17.300666467128607 0.050000000000000044
      vertex 21.934229402628954 -17.300666467128607 1
    endloop
  endfacet
  facet normal 0.9955619646030791 -0.09410831331852376 0
    outer loop
      vertex 21.934229402628954 -17.300666467128607 1
      vertex 21.946053456856543 -17.175581039058628 0.050000000000000044
      vertex 21.946053456856543 -17.175581039058628 1
    endloop
  endfacet
  facet normal 0.9995065603657316 -0.03141075907812476 0
    outer loop
      vertex 21.946053456856543 -17.175581039058628 1
      vertex 21.95 -17.05 0.050000000000000044
      vertex 21.95 -17.05 1
    endloop
  endfacet
  facet normal 0 0 -1
    outer loop
      vertex 20.95 -16.05 0.050000000000000044
      vertex 21.95 17.05 0.050000000000000044
      vertex 21.95 -17.05 0.050000000000000044
    endloop
  endfacet
  facet normal 1 0 0
    outer loop
      vertex 21.95 -17.05 1
      vertex 21.95 -17.05 0.050000000000000044
      vertex 21.95 17.05 1
    endloop
  endfacet
  facet normal 0 0 -1
    outer loop
      vertex 20.934229402628954 -16.300666467128607 -1
      vertex -18.95 18.05 -1
      vertex 18.95 18.05 -1
    endloop
  endfacet
  facet normal 0 1 0
    outer loop
      vertex -18.95 18.05 0.050000000000000044
      vertex 18.95 18.05 0.050000000000000044
      vertex 18.95 18.05 -1
    endloop
  endfacet
  facet normal 0 0 -1
    outer loop
      vertex 18.95 18.05 -1
      vertex 20.95 16.05 -1
      vertex 20.95 -16.05 -1
    endloop
  endfacet
  facet normal 1 0 0
    outer loop
      vertex 20.95 16.05 0.050000000000000044
      vertex 20.95 -16.05 -1
      vertex 20.95 16.05 -1
    endloop
  endfacet
  facet normal 0 0 -1
    outer loop
      vertex 18.95 18.05 -1
      vertex 19.075581039058626 18.046053456856544 -1
      vertex 19.20066646712861 18.034229402628956 -1
    endloop
  endfacet
  facet normal 0 0 -1
    outer loop
      vertex 18.95 18.05 -1
      vertex 19.20066646712861 18.034229402628956 -1
      vertex 19.32476262917145 18.01457450145738 -1
    endloop
  endfacet
  facet normal 0 0 -1
    outer loop
      vertex 18.95 18.05 -1
      vertex 20.021653589957992 17.73865585100403 -1
      vertex 20.125570504584946 17.668033988749897 -1
    endloop
  endfacet
  facet normal 0 0 -1
    outer loop
      vertex 18.95 18.05 -1
      vertex 20.125570504584946 17.668033988749897 -1
      vertex 20.22484797949738 17.59102648555158 -1
    endloop
  endfacet
  facet normal 0 0 -1
    outer loop
      vertex 18.95 18.05 -1
      vertex 20.22484797949738 17.59102648555158 -1
      vertex 20.319094211857376 17.507937254842822 -1
    endloop
  endfacet
  facet normal 0 0 -1
    outer loop
      vertex 18.95 18.05 -1
      vertex 20.852113032590307 16.668033988749894 -1
      vertex 20.88716632225726 16.54737977432971 -1
    endloop
  endfacet
  facet normal 0 0 -1
    outer loop
      vertex 18.95 18.05 -1
      vertex 20.8095529717765 16.786249105369357 -1
      vertex 20.852113032590307 16.668033988749894 -1
    endloop
  endfacet
  facet normal 0 0 -1
    outer loop
      vertex 18.95 18.05 -1
      vertex 20.75965410493204 16.901558583130146 -1
      vertex 20.8095529717765 16.786249105369357 -1
    endloop
  endfacet
  facet normal 0 0 -1
    outer loop
      vertex 18.95 18.05 -1
      vertex 20.946053456856543 16.175581039058628 -1
      vertex 20.95 16.05 -1
    endloop
  endfacet
  facet normal 0 0 -1
    outer loop
      vertex 18.95 18.05 -1
      vertex 20.934229402628954 16.300666467128607 -1
      vertex 20.946053456856543 16.175581039058628 -1
    endloop
  endfacet
  facet normal 0 0 -1
    outer loop
      vertex 18.95 18.05 -1
      vertex 20.914574501457377 16.42476262917145 -1
      vertex 20.934229402628954 16.300666467128607 -1
    endloop
  endfacet
  facet normal 0 0 -1
    outer loop
      vertex 18.95 18.05 -1
      vertex 20.88716632225726 16.54737977432971 -1
      vertex 20.914574501457377 16.42476262917145 -1
    endloop
  endfacet
  facet normal 0 0 -1
    outer loop
      vertex 18.95 18.05 -1
      vertex 20.568033988749896 17.225570504584947 -1
      vertex 20.638655851004028 17.121653589957994 -1
    endloop
  endfacet
  facet normal 0 0 -1
    outer loop
      vertex 18.95 18.05 -1
      vertex 20.49102648555158 17.32484797949738 -1
      vertex 20.568033988749896 17.225570504584947 -1
    endloop
  endfacet
  facet normal 0 0 -1
    outer loop
      vertex 18.95 18.05 -1
      vertex 20.702613360087728 17.013507348203433 -1
      vertex 20.75965410493204 16.901558583130146 -1
    endloop
  endfacet
  facet normal 0 0 -1
    outer loop
      vertex 18.95 18.05 -1
      vertex 20.638655851004028 17.121653589957994 -1
      vertex 20.702613360087728 17.013507348203433 -1
    endloop
  endfacet
  facet normal 0 0 -1
    outer loop
      vertex 18.95 18.05 -1
      vertex 20.40793725484282 17.419094211857377 -1
      vertex 20.49102648555158 17.32484797949738 -1
    endloop
  endfacet
  facet normal 0 0 -1
    outer loop
      vertex 18.95 18.05 -1
      vertex 20.319094211857376 17.507937254842822 -1
      vertex 20.40793725484282 17.419094211857377 -1
    endloop
  endfacet
  facet normal 0 0 -1
    outer loop
      vertex 18.95 18.05 -1
      vertex 19.447379774329708 17.987166322257263 -1
      vertex 19.568033988749892 17.952113032590308 -1
    endloop
  endfacet
  facet normal 0 0 -1
    outer loop
      vertex 18.95 18.05 -1
      vertex 19.32476262917145 18.01457450145738 -1
      vertex 19.447379774329708 17.987166322257263 -1
    endloop
  endfacet
  facet normal 0 0 -1
    outer loop
      vertex 18.95 18.05 -1
      vertex 19.568033988749892 17.952113032590308 -1
      vertex 19.686249105369356 17.909552971776503 -1
    endloop
  endfacet
  facet normal 0 0 -1
    outer loop
      vertex 18.95 18.05 -1
      vertex 19.686249105369356 17.909552971776503 -1
      vertex 19.801558583130145 17.85965410493204 -1
    endloop
  endfacet
  facet normal 0 0 -1
    outer loop
      vertex 18.95 18.05 -1
      vertex 19.801558583130145 17.85965410493204 -1
      vertex 19.91350734820343 17.80261336008773 -1
    endloop
  endfacet
  facet normal 0 0 -1
    outer loop
      vertex 18.95 18.05 -1
      vertex 19.91350734820343 17.80261336008773 -1
      vertex 20.021653589957992 17.73865585100403 -1
    endloop
  endfacet
  facet normal 0.03141075907812477 0.9995065603657317 0
    outer loop
      vertex 18.95 18.05 0.050000000000000044
      vertex 19.075581039058626 18.046053456856544 -1
      vertex 18.95 18.05 -1
    endloop
  endfacet
  facet normal 0.09410831331852111 0.9955619646030793 0
    outer loop
      vertex 19.075581039058626 18.046053456856544 0.050000000000000044
      vertex 19.20066646712861 18.034229402628956 -1
      vertex 19.075581039058626 18.046053456856544 -1
    endloop
  endfacet
  facet normal 0.9759167619387462 0.21814324139654823 0
    outer loop
      vertex 20.88716632225726 16.54737977432971 0.050000000000000044
      vertex 20.914574501457377 16.42476262917145 -1
      vertex 20.88716632225726 16.54737977432971 -1
    endloop
  endfacet
  facet normal 0.9602936856769433 0.2789911060392287 0
    outer loop
      vertex 20.852113032590307 16.668033988749894 0.050000000000000044
      vertex 20.88716632225726 16.54737977432971 -1
      vertex 20.852113032590307 16.668033988749894 -1
    endloop
  endfacet
  facet normal 0.9995065603657317 0.03141075907812477 0
    outer loop
      vertex 20.946053456856543 16.175581039058628 0.050000000000000044
      vertex 20.95 16.05 -1
      vertex 20.946053456856543 16.175581039058628 -1
    endloop
  endfacet
  facet normal 0.9955619646030792 0.09410831331852379 0
    outer loop
      vertex 20.934229402628954 16.300666467128607 0.050000000000000044
      vertex 20.946053456856543 16.175581039058628 -1
      vertex 20.934229402628954 16.300666467128607 -1
    endloop
  endfacet
  facet normal 0.9876883405951393 0.1564344650402214 0
    outer loop
      vertex 20.914574501457377 16.42476262917145 0.050000000000000044
      vertex 20.934229402628954 16.300666467128607 -1
      vertex 20.914574501457377 16.42476262917145 -1
    endloop
  endfacet
  facet normal 0.4539904997395395 0.8910065241883717 0
    outer loop
      vertex 19.801558583130145 17.85965410493204 0.050000000000000044
      vertex 19.91350734820343 17.80261336008773 -1
      vertex 19.801558583130145 17.85965410493204 -1
    endloop
  endfacet
  facet normal 0.5090414157503946 0.8607420270039299 0
    outer loop
      vertex 19.91350734820343 17.80261336008773 0.050000000000000044
      vertex 20.021653589957992 17.73865585100403 -1
      vertex 19.91350734820343 17.80261336008773 -1
    endloop
  endfacet
  facet normal 0.562083377852111 0.827080574274575 0
    outer loop
      vertex 20.021653589957992 17.73865585100403 0.050000000000000044
      vertex 20.125570504584946 17.668033988749897 -1
      vertex 20.021653589957992 17.73865585100403 -1
    endloop
  endfacet
  facet normal 0.6129070536529768 0.7901550123756901 0
    outer loop
      vertex 20.125570504584946 17.668033988749897 0.050000000000000044
      vertex 20.22484797949738 17.59102648555158 -1
      vertex 20.125570504584946 17.668033988749897 -1
    endloop
  endfacet
  facet normal 0.7071067811865476 0.7071067811865476 0
    outer loop
      vertex 20.319094211857376 17.507937254842822 0.050000000000000044
      vertex 20.40793725484282 17.419094211857377 -1
      vertex 20.319094211857376 17.507937254842822 -1
    endloop
  endfacet
  facet normal 0.750111069630443 0.6613118653236706 0
    outer loop
      vertex 20.40793725484282 17.419094211857377 0.050000000000000044
      vertex 20.49102648555158 17.32484797949738 -1
      vertex 20.40793725484282 17.419094211857377 -1
    endloop
  endfacet
  facet normal 0.7901550123756901 0.6129070536529768 0
    outer loop
      vertex 20.49102648555158 17.32484797949738 0.050000000000000044
      vertex 20.568033988749896 17.225570504584947 -1
      vertex 20.49102648555158 17.32484797949738 -1
    endloop
  endfacet
  facet normal 0.6613118653236706 0.750111069630443 0
    outer loop
      vertex 20.22484797949738 17.59102648555158 0.050000000000000044
      vertex 20.319094211857376 17.507937254842822 -1
      vertex 20.22484797949738 17.59102648555158 -1
    endloop
  endfacet
  facet normal 0.21814324139654823 0.9759167619387462 0
    outer loop
      vertex 19.32476262917145 18.01457450145738 0.050000000000000044
      vertex 19.447379774329708 17.987166322257263 -1
      vertex 19.32476262917145 18.01457450145738 -1
    endloop
  endfacet
  facet normal 0.1564344650402258 0.9876883405951385 0
    outer loop
      vertex 19.20066646712861 18.034229402628956 0.050000000000000044
      vertex 19.32476262917145 18.01457450145738 -1
      vertex 19.20066646712861 18.034229402628956 -1
    endloop
  endfacet
  facet normal 0.2789911060392287 0.9602936856769433 0
    outer loop
      vertex 19.447379774329708 17.987166322257263 0.050000000000000044
      vertex 19.568033988749892 17.952113032590308 -1
      vertex 19.447379774329708 17.987166322257263 -1
    endloop
  endfacet
  facet normal 0.338737920245293 0.9408807689542249 0
    outer loop
      vertex 19.568033988749892 17.952113032590308 0.050000000000000044
      vertex 19.686249105369356 17.909552971776503 -1
      vertex 19.568033988749892 17.952113032590308 -1
    endloop
  endfacet
  facet normal 0.3971478906347683 0.9177546256839866 0
    outer loop
      vertex 19.686249105369356 17.909552971776503 0.050000000000000044
      vertex 19.801558583130145 17.85965410493204 -1
      vertex 19.686249105369356 17.909552971776503 -1
    endloop
  endfacet
  facet normal 0.9408807689542249 0.338737920245293 0
    outer loop
      vertex 20.8095529717765 16.786249105369357 0.050000000000000044
      vertex 20.852113032590307 16.668033988749894 -1
      vertex 20.8095529717765 16.786249105369357 -1
    endloop
  endfacet
  facet normal 0.9177546256839866 0.3971478906347683 0
    outer loop
      vertex 20.75965410493204 16.901558583130146 0.050000000000000044
      vertex 20.8095529717765 16.786249105369357 -1
      vertex 20.75965410493204 16.901558583130146 -1
    endloop
  endfacet
  facet normal 0.8607420270039299 0.5090414157503946 0
    outer loop
      vertex 20.638655851004028 17.121653589957994 0.050000000000000044
      vertex 20.702613360087728 17.013507348203433 -1
      vertex 20.638655851004028 17.121653589957994 -1
    endloop
  endfacet
  facet normal 0.8910065241883717 0.4539904997395395 0
    outer loop
      vertex 20.702613360087728 17.013507348203433 0.050000000000000044
      vertex 20.75965410493204 16.901558583130146 -1
      vertex 20.702613360087728 17.013507348203433 -1
    endloop
  endfacet
  facet normal 0.827080574274575 0.562083377852111 0
    outer loop
      vertex 20.568033988749896 17.225570504584947 0.050000000000000044
      vertex 20.638655851004028 17.121653589957994 -1
      vertex 20.568033988749896 17.225570504584947 -1
    endloop
  endfacet
  facet normal 0.03141075907812477 0.9995065603657317 0
    outer loop
      vertex 18.95 18.05 0.050000000000000044
      vertex 19.075581039058626 18.046053456856544 0.050000000000000044
      vertex 19.075581039058626 18.046053456856544 -1
    endloop
  endfacet
  facet normal 0.09410831331852111 0.9955619646030793 0
    outer loop
      vertex 19.075581039058626 18.046053456856544 0.050000000000000044
      vertex 19.20066646712861 18.034229402628956 0.050000000000000044
      vertex 19.20066646712861 18.034229402628956 -1
    endloop
  endfacet
  facet normal 0.9759167619387462 0.21814324139654823 0
    outer loop
      vertex 20.914574501457377 16.42476262917145 0.050000000000000044
      vertex 20.914574501457377 16.42476262917145 -1
      vertex 20.88716632225726 16.54737977432971 0.050000000000000044
    endloop
  endfacet
  facet normal 0.9602936856769433 0.2789911060392287 0
    outer loop
      vertex 20.852113032590307 16.668033988749894 0.050000000000000044
      vertex 20.88716632225726 16.54737977432971 0.050000000000000044
      vertex 20.88716632225726 16.54737977432971 -1
    endloop
  endfacet
  facet normal 0.9995065603657317 0.03141075907812477 0
    outer loop
      vertex 20.95 16.05 0.050000000000000044
      vertex 20.95 16.05 -1
      vertex 20.946053456856543 16.175581039058628 0.050000000000000044
    endloop
  endfacet
  facet normal 0.9955619646030792 0.09410831331852379 0
    outer loop
      vertex 20.946053456856543 16.175581039058628 0.050000000000000044
      vertex 20.946053456856543 16.175581039058628 -1
      vertex 20.934229402628954 16.300666467128607 0.050000000000000044
    endloop
  endfacet
  facet normal 0.9876883405951393 0.1564344650402214 0
    outer loop
      vertex 20.934229402628954 16.300666467128607 0.050000000000000044
      vertex 20.934229402628954 16.300666467128607 -1
      vertex 20.914574501457377 16.42476262917145 0.050000000000000044
    endloop
  endfacet
  facet normal 0.4539904997395395 0.8910065241883717 0
    outer loop
      vertex 19.801558583130145 17.85965410493204 0.050000000000000044
      vertex 19.91350734820343 17.80261336008773 0.050000000000000044
      vertex 19.91350734820343 17.80261336008773 -1
    endloop
  endfacet
  facet normal 0.7901550123756901 0.6129070536529768 0
    outer loop
      vertex 20.49102648555158 17.32484797949738 0.050000000000000044
      vertex 20.568033988749896 17.225570504584947 0.050000000000000044
      vertex 20.568033988749896 17.225570504584947 -1
    endloop
  endfacet
  facet normal 0.5090414157503946 0.8607420270039299 0
    outer loop
      vertex 19.91350734820343 17.80261336008773 0.050000000000000044
      vertex 20.021653589957992 17.73865585100403 0.050000000000000044
      vertex 20.021653589957992 17.73865585100403 -1
    endloop
  endfacet
  facet normal 0.562083377852111 0.827080574274575 0
    outer loop
      vertex 20.125570504584946 17.668033988749897 0.050000000000000044
      vertex 20.125570504584946 17.668033988749897 -1
      vertex 20.021653589957992 17.73865585100403 0.050000000000000044
    endloop
  endfacet
  facet normal 0.6129070536529768 0.7901550123756901 0
    outer loop
      vertex 20.125570504584946 17.668033988749897 0.050000000000000044
      vertex 20.22484797949738 17.59102648555158 0.050000000000000044
      vertex 20.22484797949738 17.59102648555158 -1
    endloop
  endfacet
  facet normal 0.6613118653236706 0.750111069630443 0
    outer loop
      vertex 20.319094211857376 17.507937254842822 0.050000000000000044
      vertex 20.319094211857376 17.507937254842822 -1
      vertex 20.22484797949738 17.59102648555158 0.050000000000000044
    endloop
  endfacet
  facet normal 0.7071067811865476 0.7071067811865476 0
    outer loop
      vertex 20.319094211857376 17.507937254842822 0.050000000000000044
      vertex 20.40793725484282 17.419094211857377 0.050000000000000044
      vertex 20.40793725484282 17.419094211857377 -1
    endloop
  endfacet
  facet normal 0.750111069630443 0.6613118653236706 0
    outer loop
      vertex 20.49102648555158 17.32484797949738 0.050000000000000044
      vertex 20.49102648555158 17.32484797949738 -1
      vertex 20.40793725484282 17.419094211857377 0.050000000000000044
    endloop
  endfacet
  facet normal 0.1564344650402258 0.9876883405951385 0
    outer loop
      vertex 19.20066646712861 18.034229402628956 0.050000000000000044
      vertex 19.32476262917145 18.01457450145738 0.050000000000000044
      vertex 19.32476262917145 18.01457450145738 -1
    endloop
  endfacet
  facet normal 0.21814324139654823 0.9759167619387462 0
    outer loop
      vertex 19.32476262917145 18.01457450145738 0.050000000000000044
      vertex 19.447379774329708 17.987166322257263 0.050000000000000044
      vertex 19.447379774329708 17.987166322257263 -1
    endloop
  endfacet
  facet normal 0.2789911060392287 0.9602936856769433 0
    outer loop
      vertex 19.447379774329708 17.987166322257263 0.050000000000000044
      vertex 19.568033988749892 17.952113032590308 0.050000000000000044
      vertex 19.568033988749892 17.952113032590308 -1
    endloop
  endfacet
  facet normal 0.338737920245293 0.9408807689542249 0
    outer loop
      vertex 19.568033988749892 17.952113032590308 0.050000000000000044
      vertex 19.686249105369356 17.909552971776503 0.050000000000000044
      vertex 19.686249105369356 17.909552971776503 -1
    endloop
  endfacet
  facet normal 0.3971478906347683 0.9177546256839866 0
    outer loop
      vertex 19.801558583130145 17.85965410493204 0.050000000000000044
      vertex 19.801558583130145 17.85965410493204 -1
      vertex 19.686249105369356 17.909552971776503 0.050000000000000044
    endloop
  endfacet
  facet normal 0.8910065241883717 0.4539904997395395 0
    outer loop
      vertex 20.75965410493204 16.901558583130146 0.050000000000000044
      vertex 20.75965410493204 16.901558583130146 -1
      vertex 20.702613360087728 17.013507348203433 0.050000000000000044
    endloop
  endfacet
  facet normal 0.9408807689542249 0.338737920245293 0
    outer loop
      vertex 20.852113032590307 16.668033988749894 0.050000000000000044
      vertex 20.852113032590307 16.668033988749894 -1
      vertex 20.8095529717765 16.786249105369357 0.050000000000000044
    endloop
  endfacet
  facet normal 0.9177546256839866 0.3971478906347683 0
    outer loop
      vertex 20.8095529717765 16.786249105369357 0.050000000000000044
      vertex 20.8095529717765 16.786249105369357 -1
      vertex 20.75965410493204 16.901558583130146 0.050000000000000044
    endloop
  endfacet
  facet normal 0.8607420270039299 0.5090414157503946 0
    outer loop
      vertex 20.702613360087728 17.013507348203433 0.050000000000000044
      vertex 20.702613360087728 17.013507348203433 -1
      vertex 20.638655851004028 17.121653589957994 0.050000000000000044
    endloop
  endfacet
  facet normal 0.827080574274575 0.562083377852111 0
    outer loop
      vertex 20.568033988749896 17.225570504584947 0.050000000000000044
      vertex 20.638655851004028 17.121653589957994 0.050000000000000044
      vertex 20.638655851004028 17.121653589957994 -1
    endloop
  endfacet
  facet normal 0 0 1
    outer loop
      vertex -20.20066646712861 19.034229402628956 1
      vertex 21.95 -17.05 1
      vertex 21.95 17.05 1
    endloop
  endfacet
  facet normal 0 0 -1
    outer loop
      vertex 18.95 18.05 0.050000000000000044
      vertex -19.95 19.05 0.050000000000000044
      vertex 19.95 19.05 0.050000000000000044
    endloop
  endfacet
  facet normal 0 1 0
    outer loop
      vertex 19.95 19.05 1
      vertex 19.95 19.05 0.050000000000000044
      vertex -19.95 19.05 0.050000000000000044
    endloop
  endfacet
  facet normal 0 0 1
    outer loop
      vertex -20.20066646712861 19.034229402628956 1
      vertex 20.075581039058626 19.046053456856544 1
      vertex 19.95 19.05 1
    endloop
  endfacet
  facet normal 0 0 1
    outer loop
      vertex -20.20066646712861 19.034229402628956 1
      vertex 20.20066646712861 19.034229402628956 1
      vertex 20.075581039058626 19.046053456856544 1
    endloop
  endfacet
  facet normal 0 0 1
    outer loop
      vertex -20.20066646712861 19.034229402628956 1
      vertex 20.32476262917145 19.01457450145738 1
      vertex 20.20066646712861 19.034229402628956 1
    endloop
  endfacet
  facet normal 0 0 1
    outer loop
      vertex -20.20066646712861 19.034229402628956 1
      vertex 20.447379774329708 18.987166322257263 1
      vertex 20.32476262917145 19.01457450145738 1
    endloop
  endfacet
  facet normal 0 0 1
    outer loop
      vertex -20.20066646712861 19.034229402628956 1
      vertex 21.95 17.05 1
      vertex 21.946053456856543 17.175581039058628 1
    endloop
  endfacet
  facet normal 0 0 1
    outer loop
      vertex -20.20066646712861 19.034229402628956 1
      vertex 21.946053456856543 17.175581039058628 1
      vertex 21.934229402628954 17.300666467128607 1
    endloop
  endfacet
  facet normal 0 0 1
    outer loop
      vertex -20.20066646712861 19.034229402628956 1
      vertex 20.568033988749892 18.952113032590308 1
      vertex 20.447379774329708 18.987166322257263 1
    endloop
  endfacet
  facet normal 0 0 1
    outer loop
      vertex -20.20066646712861 19.034229402628956 1
      vertex 20.686249105369356 18.909552971776503 1
      vertex 20.568033988749892 18.952113032590308 1
    endloop
  endfacet
  facet normal 0 0 1
    outer loop
      vertex -20.20066646712861 19.034229402628956 1
      vertex 20.91350734820343 18.80261336008773 1
      vertex 20.801558583130145 18.85965410493204 1
    endloop
  endfacet
  facet normal 0 0 1
    outer loop
      vertex -20.20066646712861 19.034229402628956 1
      vertex 20.801558583130145 18.85965410493204 1
      vertex 20.686249105369356 18.909552971776503 1
    endloop
  endfacet
  facet normal 0 0 1
    outer loop
      vertex -20.20066646712861 19.034229402628956 1
      vertex 21.319094211857376 18.507937254842822 1
      vertex 21.22484797949738 18.59102648555158 1
    endloop
  endfacet
  facet normal 0 0 1
    outer loop
      vertex -20.20066646712861 19.034229402628956 1
      vertex 21.40793725484282 18.419094211857377 1
      vertex 21.319094211857376 18.507937254842822 1
    endloop
  endfacet
  facet normal 0 0 1
    outer loop
      vertex -20.20066646712861 19.034229402628956 1
      vertex 21.021653589957992 18.73865585100403 1
      vertex 20.91350734820343 18.80261336008773 1
    endloop
  endfacet
  facet normal 0 0 1
    outer loop
      vertex -20.20066646712861 19.034229402628956 1
      vertex 21.125570504584946 18.668033988749897 1
      vertex 21.021653589957992 18.73865585100403 1
    endloop
  endfacet
  facet normal 0 0 1
    outer loop
      vertex -20.20066646712861 19.034229402628956 1
      vertex 21.22484797949738 18.59102648555158 1
      vertex 21.125570504584946 18.668033988749897 1
    endloop
  endfacet
  facet normal 0 0 1
    outer loop
      vertex -20.20066646712861 19.034229402628956 1
      vertex 21.934229402628954 17.300666467128607 1
      vertex 21.914574501457377 17.42476262917145 1
    endloop
  endfacet
  facet normal 0 0 1
    outer loop
      vertex -20.20066646712861 19.034229402628956 1
      vertex 21.914574501457377 17.42476262917145 1
      vertex 21.88716632225726 17.54737977432971 1
    endloop
  endfacet
  facet normal 0 0 1
    outer loop
      vertex -20.20066646712861 19.034229402628956 1
      vertex 21.88716632225726 17.54737977432971 1
      vertex 21.852113032590307 17.668033988749894 1
    endloop
  endfacet
  facet normal 0 0 1
    outer loop
      vertex -20.20066646712861 19.034229402628956 1
      vertex 21.702613360087728 18.013507348203433 1
      vertex 21.638655851004028 18.121653589957994 1
    endloop
  endfacet
  facet normal 0 0 1
    outer loop
      vertex -20.20066646712861 19.034229402628956 1
      vertex 21.8095529717765 17.786249105369357 1
      vertex 21.75965410493204 17.901558583130146 1
    endloop
  endfacet
  facet normal 0 0 1
    outer loop
      vertex -20.20066646712861 19.034229402628956 1
      vertex 21.852113032590307 17.668033988749894 1
      vertex 21.8095529717765 17.786249105369357 1
    endloop
  endfacet
  facet normal 0 0 1
    outer loop
      vertex -20.20066646712861 19.034229402628956 1
      vertex 21.75965410493204 17.901558583130146 1
      vertex 21.702613360087728 18.013507348203433 1
    endloop
  endfacet
  facet normal 0 0 1
    outer loop
      vertex -20.20066646712861 19.034229402628956 1
      vertex 21.568033988749896 18.225570504584947 1
      vertex 21.49102648555158 18.32484797949738 1
    endloop
  endfacet
  facet normal 0 0 1
    outer loop
      vertex -20.20066646712861 19.034229402628956 1
      vertex 21.49102648555158 18.32484797949738 1
      vertex 21.40793725484282 18.419094211857377 1
    endloop
  endfacet
  facet normal 0 0 1
    outer loop
      vertex -20.20066646712861 19.034229402628956 1
      vertex 21.638655851004028 18.121653589957994 1
      vertex 21.568033988749896 18.225570504584947 1
    endloop
  endfacet
  facet normal 0 0 -1
    outer loop
      vertex 20.95 -16.05 0.050000000000000044
      vertex 20.95 16.05 0.050000000000000044
      vertex 21.95 17.05 0.050000000000000044
    endloop
  endfacet
  facet normal 1 0 0
    outer loop
      vertex 21.95 17.05 1
      vertex 21.95 -17.05 0.050000000000000044
      vertex 21.95 17.05 0.050000000000000044
    endloop
  endfacet
  facet normal 0 0 -1
    outer loop
      vertex 18.95 18.05 0.050000000000000044
      vertex 20.801558583130145 18.85965410493204 0.050000000000000044
      vertex 19.075581039058626 18.046053456856544 0.050000000000000044
    endloop
  endfacet
  facet normal 0 0 -1
    outer loop
      vertex 19.075581039058626 18.046053456856544 0.050000000000000044
      vertex 20.801558583130145 18.85965410493204 0.050000000000000044
      vertex 19.20066646712861 18.034229402628956 0.050000000000000044
    endloop
  endfacet
  facet normal 0 0 -1
    outer loop
      vertex 19.20066646712861 18.034229402628956 0.050000000000000044
      vertex 20.801558583130145 18.85965410493204 0.050000000000000044
      vertex 19.32476262917145 18.01457450145738 0.050000000000000044
    endloop
  endfacet
  facet normal 0 0 -1
    outer loop
      vertex 18.95 18.05 0.050000000000000044
      vertex 19.95 19.05 0.050000000000000044
      vertex 20.075581039058626 19.046053456856544 0.050000000000000044
    endloop
  endfacet
  facet normal 0 0 -1
    outer loop
      vertex 18.95 18.05 0.050000000000000044
      vertex 20.075581039058626 19.046053456856544 0.050000000000000044
      vertex 20.20066646712861 19.034229402628956 0.050000000000000044
    endloop
  endfacet
  facet normal 0 0 -1
    outer loop
      vertex 18.95 18.05 0.050000000000000044
      vertex 20.20066646712861 19.034229402628956 0.050000000000000044
      vertex 20.32476262917145 19.01457450145738 0.050000000000000044
    endloop
  endfacet
  facet normal 0 0 -1
    outer loop
      vertex 19.32476262917145 18.01457450145738 0.050000000000000044
      vertex 20.91350734820343 18.80261336008773 0.050000000000000044
      vertex 19.447379774329708 17.987166322257263 0.050000000000000044
    endloop
  endfacet
  facet normal 0 0 -1
    outer loop
      vertex 19.447379774329708 17.987166322257263 0.050000000000000044
      vertex 20.91350734820343 18.80261336008773 0.050000000000000044
      vertex 19.568033988749892 17.952113032590308 0.050000000000000044
    endloop
  endfacet
  facet normal 0 0 -1
    outer loop
      vertex 19.568033988749892 17.952113032590308 0.050000000000000044
      vertex 20.91350734820343 18.80261336008773 0.050000000000000044
      vertex 19.686249105369356 17.909552971776503 0.050000000000000044
    endloop
  endfacet
  facet normal 0 0 -1
    outer loop
      vertex 19.801558583130145 17.85965410493204 0.050000000000000044
      vertex 19.686249105369356 17.909552971776503 0.050000000000000044
      vertex 21.021653589957992 18.73865585100403 0.050000000000000044
    endloop
  endfacet
  facet normal 0 0 -1
    outer loop
      vertex 19.801558583130145 17.85965410493204 0.050000000000000044
      vertex 21.021653589957992 18.73865585100403 0.050000000000000044
      vertex 19.91350734820343 17.80261336008773 0.050000000000000044
    endloop
  endfacet
  facet normal 0 0 -1
    outer loop
      vertex 19.91350734820343 17.80261336008773 0.050000000000000044
      vertex 21.125570504584946 18.668033988749897 0.050000000000000044
      vertex 20.021653589957992 17.73865585100403 0.050000000000000044
    endloop
  endfacet
  facet normal 0 0 -1
    outer loop
      vertex 20.125570504584946 17.668033988749897 0.050000000000000044
      vertex 21.22484797949738 18.59102648555158 0.050000000000000044
      vertex 20.22484797949738 17.59102648555158 0.050000000000000044
    endloop
  endfacet
  facet normal 0 0 -1
    outer loop
      vertex 20.125570504584946 17.668033988749897 0.050000000000000044
      vertex 20.021653589957992 17.73865585100403 0.050000000000000044
      vertex 21.125570504584946 18.668033988749897 0.050000000000000044
    endloop
  endfacet
  facet normal 0 0 -1
    outer loop
      vertex 18.95 18.05 0.050000000000000044
      vertex 20.32476262917145 19.01457450145738 0.050000000000000044
      vertex 20.447379774329708 18.987166322257263 0.050000000000000044
    endloop
  endfacet
  facet normal 0 0 -1
    outer loop
      vertex 18.95 18.05 0.050000000000000044
      vertex 20.447379774329708 18.987166322257263 0.050000000000000044
      vertex 20.568033988749892 18.952113032590308 0.050000000000000044
    endloop
  endfacet
  facet normal 0 0 -1
    outer loop
      vertex 18.95 18.05 0.050000000000000044
      vertex 20.568033988749892 18.952113032590308 0.050000000000000044
      vertex 20.686249105369356 18.909552971776503 0.050000000000000044
    endloop
  endfacet
  facet normal 0 0 -1
    outer loop
      vertex 18.95 18.05 0.050000000000000044
      vertex 20.686249105369356 18.909552971776503 0.050000000000000044
      vertex 20.801558583130145 18.85965410493204 0.050000000000000044
    endloop
  endfacet
  facet normal 0 0 -1
    outer loop
      vertex 19.32476262917145 18.01457450145738 0.050000000000000044
      vertex 20.801558583130145 18.85965410493204 0.050000000000000044
      vertex 20.91350734820343 18.80261336008773 0.050000000000000044
    endloop
  endfacet
  facet normal 0 0 -1
    outer loop
      vertex 19.686249105369356 17.909552971776503 0.050000000000000044
      vertex 20.91350734820343 18.80261336008773 0.050000000000000044
      vertex 21.021653589957992 18.73865585100403 0.050000000000000044
    endloop
  endfacet
  facet normal 0 0 -1
    outer loop
      vertex 20.95 16.05 0.050000000000000044
      vertex 20.946053456856543 16.175581039058628 0.050000000000000044
      vertex 21.702613360087728 18.013507348203433 0.050000000000000044
    endloop
  endfacet
  facet normal 0 0 -1
    outer loop
      vertex 20.946053456856543 16.175581039058628 0.050000000000000044
      vertex 20.934229402628954 16.300666467128607 0.050000000000000044
      vertex 21.702613360087728 18.013507348203433 0.050000000000000044
    endloop
  endfacet
  facet normal 0 0 -1
    outer loop
      vertex 20.934229402628954 16.300666467128607 0.050000000000000044
      vertex 20.914574501457377 16.42476262917145 0.050000000000000044
      vertex 21.702613360087728 18.013507348203433 0.050000000000000044
    endloop
  endfacet
  facet normal 0 0 -1
    outer loop
      vertex 20.914574501457377 16.42476262917145 0.050000000000000044
      vertex 20.88716632225726 16.54737977432971 0.050000000000000044
      vertex 21.638655851004028 18.121653589957994 0.050000000000000044
    endloop
  endfacet
  facet normal 0 0 -1
    outer loop
      vertex 20.852113032590307 16.668033988749894 0.050000000000000044
      vertex 21.638655851004028 18.121653589957994 0.050000000000000044
      vertex 20.88716632225726 16.54737977432971 0.050000000000000044
    endloop
  endfacet
  facet normal 0 0 -1
    outer loop
      vertex 20.852113032590307 16.668033988749894 0.050000000000000044
      vertex 20.8095529717765 16.786249105369357 0.050000000000000044
      vertex 21.638655851004028 18.121653589957994 0.050000000000000044
    endloop
  endfacet
  facet normal 0 0 -1
    outer loop
      vertex 20.568033988749896 17.225570504584947 0.050000000000000044
      vertex 21.49102648555158 18.32484797949738 0.050000000000000044
      vertex 20.638655851004028 17.121653589957994 0.050000000000000044
    endloop
  endfacet
  facet normal 0 0 -1
    outer loop
      vertex 20.319094211857376 17.507937254842822 0.050000000000000044
      vertex 21.319094211857376 18.507937254842822 0.050000000000000044
      vertex 20.40793725484282 17.419094211857377 0.050000000000000044
    endloop
  endfacet
  facet normal 0 0 -1
    outer loop
      vertex 20.49102648555158 17.32484797949738 0.050000000000000044
      vertex 21.40793725484282 18.419094211857377 0.050000000000000044
      vertex 20.568033988749896 17.225570504584947 0.050000000000000044
    endloop
  endfacet
  facet normal 0 0 -1
    outer loop
      vertex 20.49102648555158 17.32484797949738 0.050000000000000044
      vertex 20.40793725484282 17.419094211857377 0.050000000000000044
      vertex 21.40793725484282 18.419094211857377 0.050000000000000044
    endloop
  endfacet
  facet normal 0 0 -1
    outer loop
      vertex 20.8095529717765 16.786249105369357 0.050000000000000044
      vertex 20.75965410493204 16.901558583130146 0.050000000000000044
      vertex 21.568033988749896 18.225570504584947 0.050000000000000044
    endloop
  endfacet
  facet normal 0 0 -1
    outer loop
      vertex 20.75965410493204 16.901558583130146 0.050000000000000044
      vertex 20.702613360087728 17.013507348203433 0.050000000000000044
      vertex 21.568033988749896 18.225570504584947 0.050000000000000044
    endloop
  endfacet
  facet normal 0 0 -1
    outer loop
      vertex 20.702613360087728 17.013507348203433 0.050000000000000044
      vertex 20.638655851004028 17.121653589957994 0.050000000000000044
      vertex 21.49102648555158 18.32484797949738 0.050000000000000044
    endloop
  endfacet
  facet normal 0 0 -1
    outer loop
      vertex 20.702613360087728 17.013507348203433 0.050000000000000044
      vertex 21.49102648555158 18.32484797949738 0.050000000000000044
      vertex 21.568033988749896 18.225570504584947 0.050000000000000044
    endloop
  endfacet
  facet normal 0 0 -1
    outer loop
      vertex 20.95 16.05 0.050000000000000044
      vertex 21.914574501457377 17.42476262917145 0.050000000000000044
      vertex 21.934229402628954 17.300666467128607 0.050000000000000044
    endloop
  endfacet
  facet normal 0 0 -1
    outer loop
      vertex 20.95 16.05 0.050000000000000044
      vertex 21.88716632225726 17.54737977432971 0.050000000000000044
      vertex 21.914574501457377 17.42476262917145 0.050000000000000044
    endloop
  endfacet
  facet normal 0 0 -1
    outer loop
      vertex 20.95 16.05 0.050000000000000044
      vertex 21.852113032590307 17.668033988749894 0.050000000000000044
      vertex 21.88716632225726 17.54737977432971 0.050000000000000044
    endloop
  endfacet
  facet normal 0 0 -1
    outer loop
      vertex 20.95 16.05 0.050000000000000044
      vertex 21.75965410493204 17.901558583130146 0.050000000000000044
      vertex 21.8095529717765 17.786249105369357 0.050000000000000044
    endloop
  endfacet
  facet normal 0 0 -1
    outer loop
      vertex 20.95 16.05 0.050000000000000044
      vertex 21.8095529717765 17.786249105369357 0.050000000000000044
      vertex 21.852113032590307 17.668033988749894 0.050000000000000044
    endloop
  endfacet
  facet normal 0 0 -1
    outer loop
      vertex 20.95 16.05 0.050000000000000044
      vertex 21.946053456856543 17.175581039058628 0.050000000000000044
      vertex 21.95 17.05 0.050000000000000044
    endloop
  endfacet
  facet normal 0 0 -1
    outer loop
      vertex 20.95 16.05 0.050000000000000044
      vertex 21.934229402628954 17.300666467128607 0.050000000000000044
      vertex 21.946053456856543 17.175581039058628 0.050000000000000044
    endloop
  endfacet
  facet normal 0 0 -1
    outer loop
      vertex 20.914574501457377 16.42476262917145 0.050000000000000044
      vertex 21.638655851004028 18.121653589957994 0.050000000000000044
      vertex 21.702613360087728 18.013507348203433 0.050000000000000044
    endloop
  endfacet
  facet normal 0 0 -1
    outer loop
      vertex 20.95 16.05 0.050000000000000044
      vertex 21.702613360087728 18.013507348203433 0.050000000000000044
      vertex 21.75965410493204 17.901558583130146 0.050000000000000044
    endloop
  endfacet
  facet normal 0 0 -1
    outer loop
      vertex 20.8095529717765 16.786249105369357 0.050000000000000044
      vertex 21.568033988749896 18.225570504584947 0.050000000000000044
      vertex 21.638655851004028 18.121653589957994 0.050000000000000044
    endloop
  endfacet
  facet normal 0 0 -1
    outer loop
      vertex 20.319094211857376 17.507937254842822 0.050000000000000044
      vertex 20.22484797949738 17.59102648555158 0.050000000000000044
      vertex 21.22484797949738 18.59102648555158 0.050000000000000044
    endloop
  endfacet
  facet normal 0 0 -1
    outer loop
      vertex 19.91350734820343 17.80261336008773 0.050000000000000044
      vertex 21.021653589957992 18.73865585100403 0.050000000000000044
      vertex 21.125570504584946 18.668033988749897 0.050000000000000044
    endloop
  endfacet
  facet normal 0 0 -1
    outer loop
      vertex 20.125570504584946 17.668033988749897 0.050000000000000044
      vertex 21.125570504584946 18.668033988749897 0.050000000000000044
      vertex 21.22484797949738 18.59102648555158 0.050000000000000044
    endloop
  endfacet
  facet normal 0 0 -1
    outer loop
      vertex 20.40793725484282 17.419094211857377 0.050000000000000044
      vertex 21.319094211857376 18.507937254842822 0.050000000000000044
      vertex 21.40793725484282 18.419094211857377 0.050000000000000044
    endloop
  endfacet
  facet normal 0 0 -1
    outer loop
      vertex 20.568033988749896 17.225570504584947 0.050000000000000044
      vertex 21.40793725484282 18.419094211857377 0.050000000000000044
      vertex 21.49102648555158 18.32484797949738 0.050000000000000044
    endloop
  endfacet
  facet normal 0 0 -1
    outer loop
      vertex 20.319094211857376 17.507937254842822 0.050000000000000044
      vertex 21.22484797949738 18.59102648555158 0.050000000000000044
      vertex 21.319094211857376 18.507937254842822 0.050000000000000044
    endloop
  endfacet
  facet normal 0.03141075907812476 0.9995065603657316 0
    outer loop
      vertex 20.075581039058626 19.046053456856544 1
      vertex 20.075581039058626 19.046053456856544 0.050000000000000044
      vertex 19.95 19.05 0.050000000000000044
    endloop
  endfacet
  facet normal 0.09410831331852111 0.9955619646030794 0
    outer loop
      vertex 20.20066646712861 19.034229402628956 1
      vertex 20.20066646712861 19.034229402628956 0.050000000000000044
      vertex 20.075581039058626 19.046053456856544 0.050000000000000044
    endloop
  endfacet
  facet normal 0.1564344650402258 0.9876883405951387 0
    outer loop
      vertex 20.32476262917145 19.01457450145738 1
      vertex 20.32476262917145 19.01457450145738 0.050000000000000044
      vertex 20.20066646712861 19.034229402628956 0.050000000000000044
    endloop
  endfacet
  facet normal 0.2181432413965482 0.9759167619387461 0
    outer loop
      vertex 20.447379774329708 18.987166322257263 1
      vertex 20.447379774329708 18.987166322257263 0.050000000000000044
      vertex 20.32476262917145 19.01457450145738 0.050000000000000044
    endloop
  endfacet
  facet normal 0.2789911060392287 0.9602936856769433 0
    outer loop
      vertex 20.568033988749892 18.952113032590308 1
      vertex 20.568033988749892 18.952113032590308 0.050000000000000044
      vertex 20.447379774329708 18.987166322257263 0.050000000000000044
    endloop
  endfacet
  facet normal 0.9995065603657316 0.03141075907812476 0
    outer loop
      vertex 21.95 17.05 1
      vertex 21.95 17.05 0.050000000000000044
      vertex 21.946053456856543 17.175581039058628 0.050000000000000044
    endloop
  endfacet
  facet normal 0.9955619646030791 0.09410831331852376 0
    outer loop
      vertex 21.946053456856543 17.175581039058628 1
      vertex 21.946053456856543 17.175581039058628 0.050000000000000044
      vertex 21.934229402628954 17.300666467128607 0.050000000000000044
    endloop
  endfacet
  facet normal 0.9876883405951392 0.15643446504022143 0
    outer loop
      vertex 21.934229402628954 17.300666467128607 1
      vertex 21.934229402628954 17.300666467128607 0.050000000000000044
      vertex 21.914574501457377 17.42476262917145 0.050000000000000044
    endloop
  endfacet
  facet normal 0.9759167619387461 0.2181432413965482 0
    outer loop
      vertex 21.914574501457377 17.42476262917145 1
      vertex 21.914574501457377 17.42476262917145 0.050000000000000044
      vertex 21.88716632225726 17.54737977432971 0.050000000000000044
    endloop
  endfacet
  facet normal 0.9408807689542249 0.33873792024529303 0
    outer loop
      vertex 21.852113032590307 17.668033988749894 1
      vertex 21.852113032590307 17.668033988749894 0.050000000000000044
      vertex 21.8095529717765 17.786249105369357 0.050000000000000044
    endloop
  endfacet
  facet normal 0.9602936856769433 0.2789911060392287 0
    outer loop
      vertex 21.88716632225726 17.54737977432971 1
      vertex 21.88716632225726 17.54737977432971 0.050000000000000044
      vertex 21.852113032590307 17.668033988749894 0.050000000000000044
    endloop
  endfacet
  facet normal 0.9177546256839865 0.3971478906347683 0
    outer loop
      vertex 21.8095529717765 17.786249105369357 1
      vertex 21.8095529717765 17.786249105369357 0.050000000000000044
      vertex 21.75965410493204 17.901558583130146 0.050000000000000044
    endloop
  endfacet
  facet normal 0.33873792024529303 0.9408807689542249 0
    outer loop
      vertex 20.686249105369356 18.909552971776503 1
      vertex 20.686249105369356 18.909552971776503 0.050000000000000044
      vertex 20.568033988749892 18.952113032590308 0.050000000000000044
    endloop
  endfacet
  facet normal 0.3971478906347683 0.9177546256839865 0
    outer loop
      vertex 20.801558583130145 18.85965410493204 1
      vertex 20.801558583130145 18.85965410493204 0.050000000000000044
      vertex 20.686249105369356 18.909552971776503 0.050000000000000044
    endloop
  endfacet
  facet normal 0.4539904997395394 0.8910065241883716 0
    outer loop
      vertex 20.91350734820343 18.80261336008773 1
      vertex 20.91350734820343 18.80261336008773 0.050000000000000044
      vertex 20.801558583130145 18.85965410493204 0.050000000000000044
    endloop
  endfacet
  facet normal 0.5620833778521112 0.827080574274575 0
    outer loop
      vertex 21.125570504584946 18.668033988749897 1
      vertex 21.125570504584946 18.668033988749897 0.050000000000000044
      vertex 21.021653589957992 18.73865585100403 0.050000000000000044
    endloop
  endfacet
  facet normal 0.6129070536529768 0.7901550123756901 0
    outer loop
      vertex 21.22484797949738 18.59102648555158 1
      vertex 21.22484797949738 18.59102648555158 0.050000000000000044
      vertex 21.125570504584946 18.668033988749897 0.050000000000000044
    endloop
  endfacet
  facet normal 0.5090414157503945 0.8607420270039299 0
    outer loop
      vertex 21.021653589957992 18.73865585100403 1
      vertex 21.021653589957992 18.73865585100403 0.050000000000000044
      vertex 20.91350734820343 18.80261336008773 0.050000000000000044
    endloop
  endfacet
  facet normal 0.7071067811865475 0.7071067811865475 0
    outer loop
      vertex 21.40793725484282 18.419094211857377 1
      vertex 21.40793725484282 18.419094211857377 0.050000000000000044
      vertex 21.319094211857376 18.507937254842822 0.050000000000000044
    endloop
  endfacet
  facet normal 0.7901550123756901 0.6129070536529768 0
    outer loop
      vertex 21.568033988749896 18.225570504584947 1
      vertex 21.568033988749896 18.225570504584947 0.050000000000000044
      vertex 21.49102648555158 18.32484797949738 0.050000000000000044
    endloop
  endfacet
  facet normal 0.750111069630443 0.6613118653236707 0
    outer loop
      vertex 21.49102648555158 18.32484797949738 1
      vertex 21.49102648555158 18.32484797949738 0.050000000000000044
      vertex 21.40793725484282 18.419094211857377 0.050000000000000044
    endloop
  endfacet
  facet normal 0.8910065241883716 0.4539904997395394 0
    outer loop
      vertex 21.75965410493204 17.901558583130146 1
      vertex 21.75965410493204 17.901558583130146 0.050000000000000044
      vertex 21.702613360087728 18.013507348203433 0.050000000000000044
    endloop
  endfacet
  facet normal 0.8607420270039299 0.5090414157503945 0
    outer loop
      vertex 21.702613360087728 18.013507348203433 1
      vertex 21.702613360087728 18.013507348203433 0.050000000000000044
      vertex 21.638655851004028 18.121653589957994 0.050000000000000044
    endloop
  endfacet
  facet normal 0.827080574274575 0.5620833778521112 0
    outer loop
      vertex 21.638655851004028 18.121653589957994 1
      vertex 21.638655851004028 18.121653589957994 0.050000000000000044
      vertex 21.568033988749896 18.225570504584947 0.050000000000000044
    endloop
  endfacet
  facet normal 0.6613118653236707 0.750111069630443 0
    outer loop
      vertex 21.319094211857376 18.507937254842822 1
      vertex 21.319094211857376 18.507937254842822 0.050000000000000044
      vertex 21.22484797949738 18.59102648555158 0.050000000000000044
    endloop
  endfacet
  facet normal 0.03141075907812476 0.9995065603657316 0
    outer loop
      vertex 19.95 19.05 1
      vertex 20.075581039058626 19.046053456856544 1
      vertex 19.95 19.05 0.050000000000000044
    endloop
  endfacet
  facet normal 0.09410831331852111 0.9955619646030794 0
    outer loop
      vertex 20.075581039058626 19.046053456856544 1
      vertex 20.20066646712861 19.034229402628956 1
      vertex 20.075581039058626 19.046053456856544 0.050000000000000044
    endloop
  endfacet
  facet normal 0.1564344650402258 0.9876883405951387 0
    outer loop
      vertex 20.20066646712861 19.034229402628956 1
      vertex 20.32476262917145 19.01457450145738 1
      vertex 20.20066646712861 19.034229402628956 0.050000000000000044
    endloop
  endfacet
  facet normal 0.2181432413965482 0.9759167619387461 0
    outer loop
      vertex 20.32476262917145 19.01457450145738 1
      vertex 20.447379774329708 18.987166322257263 1
      vertex 20.32476262917145 19.01457450145738 0.050000000000000044
    endloop
  endfacet
  facet normal 0.2789911060392287 0.9602936856769433 0
    outer loop
      vertex 20.447379774329708 18.987166322257263 1
      vertex 20.568033988749892 18.952113032590308 1
      vertex 20.447379774329708 18.987166322257263 0.050000000000000044
    endloop
  endfacet
  facet normal 0.9995065603657316 0.03141075907812476 0
    outer loop
      vertex 21.95 17.05 1
      vertex 21.946053456856543 17.175581039058628 0.050000000000000044
      vertex 21.946053456856543 17.175581039058628 1
    endloop
  endfacet
  facet normal 0.9955619646030791 0.09410831331852376 0
    outer loop
      vertex 21.946053456856543 17.175581039058628 1
      vertex 21.934229402628954 17.300666467128607 0.050000000000000044
      vertex 21.934229402628954 17.300666467128607 1
    endloop
  endfacet
  facet normal 0.9876883405951392 0.15643446504022143 0
    outer loop
      vertex 21.934229402628954 17.300666467128607 1
      vertex 21.914574501457377 17.42476262917145 0.050000000000000044
      vertex 21.914574501457377 17.42476262917145 1
    endloop
  endfacet
  facet normal 0.9759167619387461 0.2181432413965482 0
    outer loop
      vertex 21.914574501457377 17.42476262917145 1
      vertex 21.88716632225726 17.54737977432971 0.050000000000000044
      vertex 21.88716632225726 17.54737977432971 1
    endloop
  endfacet
  facet normal 0.9602936856769433 0.2789911060392287 0
    outer loop
      vertex 21.88716632225726 17.54737977432971 1
      vertex 21.852113032590307 17.668033988749894 0.050000000000000044
      vertex 21.852113032590307 17.668033988749894 1
    endloop
  endfacet
  facet normal 0.9408807689542249 0.33873792024529303 0
    outer loop
      vertex 21.852113032590307 17.668033988749894 1
      vertex 21.8095529717765 17.786249105369357 0.050000000000000044
      vertex 21.8095529717765 17.786249105369357 1
    endloop
  endfacet
  facet normal 0.3971478906347683 0.9177546256839865 0
    outer loop
      vertex 20.686249105369356 18.909552971776503 1
      vertex 20.801558583130145 18.85965410493204 1
      vertex 20.686249105369356 18.909552971776503 0.050000000000000044
    endloop
  endfacet
  facet normal 0.33873792024529303 0.9408807689542249 0
    outer loop
      vertex 20.568033988749892 18.952113032590308 1
      vertex 20.686249105369356 18.909552971776503 1
      vertex 20.568033988749892 18.952113032590308 0.050000000000000044
    endloop
  endfacet
  facet normal 0.4539904997395394 0.8910065241883716 0
    outer loop
      vertex 20.801558583130145 18.85965410493204 1
      vertex 20.91350734820343 18.80261336008773 1
      vertex 20.801558583130145 18.85965410493204 0.050000000000000044
    endloop
  endfacet
  facet normal 0.5620833778521112 0.827080574274575 0
    outer loop
      vertex 21.021653589957992 18.73865585100403 1
      vertex 21.125570504584946 18.668033988749897 1
      vertex 21.021653589957992 18.73865585100403 0.050000000000000044
    endloop
  endfacet
  facet normal 0.6613118653236707 0.750111069630443 0
    outer loop
      vertex 21.22484797949738 18.59102648555158 1
      vertex 21.319094211857376 18.507937254842822 1
      vertex 21.22484797949738 18.59102648555158 0.050000000000000044
    endloop
  endfacet
  facet normal 0.6129070536529768 0.7901550123756901 0
    outer loop
      vertex 21.22484797949738 18.59102648555158 1
      vertex 21.125570504584946 18.668033988749897 0.050000000000000044
      vertex 21.125570504584946 18.668033988749897 1
    endloop
  endfacet
  facet normal 0.5090414157503945 0.8607420270039299 0
    outer loop
      vertex 20.91350734820343 18.80261336008773 1
      vertex 21.021653589957992 18.73865585100403 1
      vertex 20.91350734820343 18.80261336008773 0.050000000000000044
    endloop
  endfacet
  facet normal 0.7901550123756901 0.6129070536529768 0
    outer loop
      vertex 21.568033988749896 18.225570504584947 1
      vertex 21.49102648555158 18.32484797949738 0.050000000000000044
      vertex 21.49102648555158 18.32484797949738 1
    endloop
  endfacet
  facet normal 0.827080574274575 0.5620833778521112 0
    outer loop
      vertex 21.568033988749896 18.225570504584947 1
      vertex 21.638655851004028 18.121653589957994 1
      vertex 21.568033988749896 18.225570504584947 0.050000000000000044
    endloop
  endfacet
  facet normal 0.750111069630443 0.6613118653236707 0
    outer loop
      vertex 21.40793725484282 18.419094211857377 1
      vertex 21.49102648555158 18.32484797949738 1
      vertex 21.40793725484282 18.419094211857377 0.050000000000000044
    endloop
  endfacet
  facet normal 0.9177546256839865 0.3971478906347683 0
    outer loop
      vertex 21.8095529717765 17.786249105369357 1
      vertex 21.75965410493204 17.901558583130146 0.050000000000000044
      vertex 21.75965410493204 17.901558583130146 1
    endloop
  endfacet
  facet normal 0.8910065241883716 0.4539904997395394 0
    outer loop
      vertex 21.75965410493204 17.901558583130146 1
      vertex 21.702613360087728 18.013507348203433 0.050000000000000044
      vertex 21.702613360087728 18.013507348203433 1
    endloop
  endfacet
  facet normal 0.8607420270039299 0.5090414157503945 0
    outer loop
      vertex 21.638655851004028 18.121653589957994 1
      vertex 21.702613360087728 18.013507348203433 1
      vertex 21.638655851004028 18.121653589957994 0.050000000000000044
    endloop
  endfacet
  facet normal 0.7071067811865475 0.7071067811865475 0
    outer loop
      vertex 21.40793725484282 18.419094211857377 1
      vertex 21.319094211857376 18.507937254842822 0.050000000000000044
      vertex 21.319094211857376 18.507937254842822 1
    endloop
  endfacet
endsolid OpenSCAD_Model
