solid OpenSCAD_Model
  facet normal 0 0 1
    outer loop
      vertex -94.39431904221777 -58.072996771088704 -3.5
      vertex -94.39431904221777 -55.927003228911296 -3.5
      vertex -94.5 -57 -3.5
    endloop
  endfacet
  facet normal 0 0 1
    outer loop
      vertex -94.08133742881208 -59.10475887800799 -3.5
      vertex -94.08133742881208 -54.89524112199201 -3.5
      vertex -94.39431904221777 -58.072996771088704 -3.5
    endloop
  endfacet
  facet normal 0 0 1
    outer loop
      vertex -93.573082867664 -60.05563628160781 -3.5
      vertex -93.573082867664 -53.94436371839219 -3.5
      vertex -94.08133742881208 -59.10475887800799 -3.5
    endloop
  endfacet
  facet normal 0 0 1
    outer loop
      vertex -94.39431904221777 -58.072996771088704 -3.5
      vertex -94.08133742881208 -54.89524112199201 -3.5
      vertex -94.39431904221777 -55.927003228911296 -3.5
    endloop
  endfacet
  facet normal 0 0 1
    outer loop
      vertex -92.88908729652601 -60.889087296526014 -3.5
      vertex -92.88908729652601 -53.110912703473986 -3.5
      vertex -93.573082867664 -60.05563628160781 -3.5
    endloop
  endfacet
  facet normal 0 0 1
    outer loop
      vertex -92.88908729652601 -60.889087296526014 -3.5
      vertex -92.05563628160782 -61.573082867664 -3.5
      vertex -92.05563628160782 -52.426917132336 -3.5
    endloop
  endfacet
  facet normal 0 0 1
    outer loop
      vertex -94.08133742881208 -59.10475887800799 -3.5
      vertex -93.573082867664 -53.94436371839219 -3.5
      vertex -94.08133742881208 -54.89524112199201 -3.5
    endloop
  endfacet
  facet normal 0 0 1
    outer loop
      vertex -93.573082867664 -60.05563628160781 -3.5
      vertex -92.88908729652601 -53.110912703473986 -3.5
      vertex -93.573082867664 -53.94436371839219 -3.5
    endloop
  endfacet
  facet normal 0 0 1
    outer loop
      vertex -92.88908729652601 -60.889087296526014 -3.5
      vertex -92.05563628160782 -52.426917132336 -3.5
      vertex -92.88908729652601 -53.110912703473986 -3.5
    endloop
  endfacet
  facet normal 0 0 1
    outer loop
      vertex -90.07299677108871 -62.39431904221777 -3.5
      vertex -89.76536686473018 -58.84775906502257 -3.5
      vertex -91.104758878008 -62.08133742881208 -3.5
    endloop
  endfacet
  facet normal 0 0 1
    outer loop
      vertex -91.104758878008 -62.08133742881208 -3.5
      vertex -90.41421356237309 -58.41421356237309 -3.5
      vertex -90.6629392246051 -58.1111404660392 -3.5
    endloop
  endfacet
  facet normal 0 0 1
    outer loop
      vertex -91.104758878008 -62.08133742881208 -3.5
      vertex -89.76536686473018 -58.84775906502257 -3.5
      vertex -90.1111404660392 -58.66293922460509 -3.5
    endloop
  endfacet
  facet normal 0 0 1
    outer loop
      vertex -91.104758878008 -62.08133742881208 -3.5
      vertex -90.1111404660392 -58.66293922460509 -3.5
      vertex -90.41421356237309 -58.41421356237309 -3.5
    endloop
  endfacet
  facet normal 0 0 1
    outer loop
      vertex -90.07299677108871 -62.39431904221777 -3.5
      vertex -89 -62.5 -3.5
      vertex -89 -59 -3.5
    endloop
  endfacet
  facet normal 0 0 1
    outer loop
      vertex -90.07299677108871 -62.39431904221777 -3.5
      vertex -89.39018064403226 -58.961570560806464 -3.5
      vertex -89.76536686473018 -58.84775906502257 -3.5
    endloop
  endfacet
  facet normal 0 0 1
    outer loop
      vertex -90.07299677108871 -62.39431904221777 -3.5
      vertex -89 -59 -3.5
      vertex -89.39018064403226 -58.961570560806464 -3.5
    endloop
  endfacet
  facet normal 0 0 1
    outer loop
      vertex -89 -62.5 -3.5
      vertex -88.60981935596774 -58.961570560806464 -3.5
      vertex -89 -59 -3.5
    endloop
  endfacet
  facet normal 0 0 1
    outer loop
      vertex -92.05563628160782 -61.573082867664 -3.5
      vertex -91.104758878008 -62.08133742881208 -3.5
      vertex -91.104758878008 -51.91866257118792 -3.5
    endloop
  endfacet
  facet normal 0 0 1
    outer loop
      vertex -91.104758878008 -62.08133742881208 -3.5
      vertex -90.6629392246051 -58.1111404660392 -3.5
      vertex -90.84775906502257 -57.76536686473018 -3.5
    endloop
  endfacet
  facet normal 0 0 1
    outer loop
      vertex -91.104758878008 -62.08133742881208 -3.5
      vertex -90.84775906502257 -57.76536686473018 -3.5
      vertex -90.96157056080646 -57.390180644032256 -3.5
    endloop
  endfacet
  facet normal 0 0 1
    outer loop
      vertex -91.104758878008 -62.08133742881208 -3.5
      vertex -90.96157056080646 -57.390180644032256 -3.5
      vertex -91 -57 -3.5
    endloop
  endfacet
  facet normal 0 0 1
    outer loop
      vertex -91.104758878008 -62.08133742881208 -3.5
      vertex -91 -57 -3.5
      vertex -91.104758878008 -51.91866257118792 -3.5
    endloop
  endfacet
  facet normal 0 0 1
    outer loop
      vertex -89 -62.5 -3.5
      vertex -87.92700322891129 -62.39431904221777 -3.5
      vertex -88.60981935596774 -58.961570560806464 -3.5
    endloop
  endfacet
  facet normal 0 0 1
    outer loop
      vertex -88.60981935596774 -58.961570560806464 -3.5
      vertex -87.92700322891129 -62.39431904221777 -3.5
      vertex -88.23463313526982 -58.84775906502257 -3.5
    endloop
  endfacet
  facet normal 0 0 1
    outer loop
      vertex -87.92700322891129 -62.39431904221777 -3.5
      vertex -87.8888595339608 -58.66293922460509 -3.5
      vertex -88.23463313526982 -58.84775906502257 -3.5
    endloop
  endfacet
  facet normal 0 0 1
    outer loop
      vertex -87.92700322891129 -62.39431904221777 -3.5
      vertex -87.58578643762691 -58.41421356237309 -3.5
      vertex -87.8888595339608 -58.66293922460509 -3.5
    endloop
  endfacet
  facet normal 0 0 1
    outer loop
      vertex -87.92700322891129 -62.39431904221777 -3.5
      vertex -86.895241121992 -62.08133742881208 -3.5
      vertex -87.3370607753949 -58.1111404660392 -3.5
    endloop
  endfacet
  facet normal 0 0 1
    outer loop
      vertex -87.92700322891129 -62.39431904221777 -3.5
      vertex -87.3370607753949 -58.1111404660392 -3.5
      vertex -87.58578643762691 -58.41421356237309 -3.5
    endloop
  endfacet
  facet normal 0 0 1
    outer loop
      vertex -86.895241121992 -62.08133742881208 -3.5
      vertex -87.15224093497743 -57.76536686473018 -3.5
      vertex -87.3370607753949 -58.1111404660392 -3.5
    endloop
  endfacet
  facet normal 0 0 1
    outer loop
      vertex -86.895241121992 -62.08133742881208 -3.5
      vertex -87.03842943919354 -57.390180644032256 -3.5
      vertex -87.15224093497743 -57.76536686473018 -3.5
    endloop
  endfacet
  facet normal 0 0 1
    outer loop
      vertex -86.895241121992 -62.08133742881208 -3.5
      vertex -87 -57 -3.5
      vertex -87.03842943919354 -57.390180644032256 -3.5
    endloop
  endfacet
  facet normal 0 0 1
    outer loop
      vertex -86.895241121992 -62.08133742881208 -3.5
      vertex -85.94436371839218 -61.573082867664 -3.5
      vertex -85.94436371839218 -52.426917132336 -3.5
    endloop
  endfacet
  facet normal 0 0 1
    outer loop
      vertex -85.94436371839218 -61.573082867664 -3.5
      vertex -85.11091270347399 -60.889087296526014 -3.5
      vertex -85.11091270347399 -53.110912703473986 -3.5
    endloop
  endfacet
  facet normal 0 0 1
    outer loop
      vertex -86.895241121992 -62.08133742881208 -3.5
      vertex -86.895241121992 -51.91866257118792 -3.5
      vertex -87 -57 -3.5
    endloop
  endfacet
  facet normal 0 0 1
    outer loop
      vertex -92.05563628160782 -61.573082867664 -3.5
      vertex -91.104758878008 -51.91866257118792 -3.5
      vertex -92.05563628160782 -52.426917132336 -3.5
    endloop
  endfacet
  facet normal 0 0 1
    outer loop
      vertex -91 -57 -3.5
      vertex -90.96157056080646 -56.609819355967744 -3.5
      vertex -91.104758878008 -51.91866257118792 -3.5
    endloop
  endfacet
  facet normal 0 0 1
    outer loop
      vertex -90.96157056080646 -56.609819355967744 -3.5
      vertex -90.84775906502257 -56.23463313526982 -3.5
      vertex -91.104758878008 -51.91866257118792 -3.5
    endloop
  endfacet
  facet normal 0 0 1
    outer loop
      vertex -90.84775906502257 -56.23463313526982 -3.5
      vertex -90.6629392246051 -55.8888595339608 -3.5
      vertex -91.104758878008 -51.91866257118792 -3.5
    endloop
  endfacet
  facet normal 0 0 1
    outer loop
      vertex -90.6629392246051 -55.8888595339608 -3.5
      vertex -90.41421356237309 -55.58578643762691 -3.5
      vertex -90.07299677108871 -51.60568095778223 -3.5
    endloop
  endfacet
  facet normal 0 0 1
    outer loop
      vertex -90.6629392246051 -55.8888595339608 -3.5
      vertex -90.07299677108871 -51.60568095778223 -3.5
      vertex -91.104758878008 -51.91866257118792 -3.5
    endloop
  endfacet
  facet normal 0 0 1
    outer loop
      vertex -90.41421356237309 -55.58578643762691 -3.5
      vertex -90.1111404660392 -55.33706077539491 -3.5
      vertex -90.07299677108871 -51.60568095778223 -3.5
    endloop
  endfacet
  facet normal 0 0 1
    outer loop
      vertex -90.1111404660392 -55.33706077539491 -3.5
      vertex -89.76536686473018 -55.15224093497743 -3.5
      vertex -90.07299677108871 -51.60568095778223 -3.5
    endloop
  endfacet
  facet normal 0 0 1
    outer loop
      vertex -89.76536686473018 -55.15224093497743 -3.5
      vertex -89.39018064403226 -55.038429439193536 -3.5
      vertex -90.07299677108871 -51.60568095778223 -3.5
    endloop
  endfacet
  facet normal 0 0 1
    outer loop
      vertex -89.39018064403226 -55.038429439193536 -3.5
      vertex -89 -55 -3.5
      vertex -89 -51.5 -3.5
    endloop
  endfacet
  facet normal 0 0 1
    outer loop
      vertex -89.39018064403226 -55.038429439193536 -3.5
      vertex -89 -51.5 -3.5
      vertex -90.07299677108871 -51.60568095778223 -3.5
    endloop
  endfacet
  facet normal 0 0 1
    outer loop
      vertex -89 -55 -3.5
      vertex -87.92700322891129 -51.60568095778223 -3.5
      vertex -89 -51.5 -3.5
    endloop
  endfacet
  facet normal 0 0 1
    outer loop
      vertex -87 -57 -3.5
      vertex -86.895241121992 -51.91866257118792 -3.5
      vertex -87.03842943919354 -56.609819355967744 -3.5
    endloop
  endfacet
  facet normal 0 0 1
    outer loop
      vertex -87.15224093497743 -56.23463313526982 -3.5
      vertex -87.03842943919354 -56.609819355967744 -3.5
      vertex -86.895241121992 -51.91866257118792 -3.5
    endloop
  endfacet
  facet normal 0 0 1
    outer loop
      vertex -88.60981935596774 -55.038429439193536 -3.5
      vertex -88.23463313526982 -55.15224093497743 -3.5
      vertex -87.92700322891129 -51.60568095778223 -3.5
    endloop
  endfacet
  facet normal 0 0 1
    outer loop
      vertex -89 -55 -3.5
      vertex -88.60981935596774 -55.038429439193536 -3.5
      vertex -87.92700322891129 -51.60568095778223 -3.5
    endloop
  endfacet
  facet normal 0 0 1
    outer loop
      vertex -88.23463313526982 -55.15224093497743 -3.5
      vertex -87.8888595339608 -55.33706077539491 -3.5
      vertex -86.895241121992 -51.91866257118792 -3.5
    endloop
  endfacet
  facet normal 0 0 1
    outer loop
      vertex -87.8888595339608 -55.33706077539491 -3.5
      vertex -87.58578643762691 -55.58578643762691 -3.5
      vertex -86.895241121992 -51.91866257118792 -3.5
    endloop
  endfacet
  facet normal 0 0 1
    outer loop
      vertex -87.3370607753949 -55.8888595339608 -3.5
      vertex -86.895241121992 -51.91866257118792 -3.5
      vertex -87.58578643762691 -55.58578643762691 -3.5
    endloop
  endfacet
  facet normal 0 0 1
    outer loop
      vertex -87.15224093497743 -56.23463313526982 -3.5
      vertex -86.895241121992 -51.91866257118792 -3.5
      vertex -87.3370607753949 -55.8888595339608 -3.5
    endloop
  endfacet
  facet normal 0 0 1
    outer loop
      vertex -86.895241121992 -62.08133742881208 -3.5
      vertex -85.94436371839218 -52.426917132336 -3.5
      vertex -86.895241121992 -51.91866257118792 -3.5
    endloop
  endfacet
  facet normal 0 0 1
    outer loop
      vertex -85.94436371839218 -61.573082867664 -3.5
      vertex -85.11091270347399 -53.110912703473986 -3.5
      vertex -85.94436371839218 -52.426917132336 -3.5
    endloop
  endfacet
  facet normal 0 0 1
    outer loop
      vertex -88.23463313526982 -55.15224093497743 -3.5
      vertex -86.895241121992 -51.91866257118792 -3.5
      vertex -87.92700322891129 -51.60568095778223 -3.5
    endloop
  endfacet
  facet normal 0 0 1
    outer loop
      vertex -85.11091270347399 -60.889087296526014 -3.5
      vertex -84.426917132336 -60.05563628160781 -3.5
      vertex -84.426917132336 -53.94436371839219 -3.5
    endloop
  endfacet
  facet normal 0 0 1
    outer loop
      vertex -84.426917132336 -60.05563628160781 -3.5
      vertex -83.91866257118792 -59.10475887800799 -3.5
      vertex -83.91866257118792 -54.89524112199201 -3.5
    endloop
  endfacet
  facet normal 0 0 1
    outer loop
      vertex -83.91866257118792 -59.10475887800799 -3.5
      vertex -83.60568095778223 -58.072996771088704 -3.5
      vertex -83.60568095778223 -55.927003228911296 -3.5
    endloop
  endfacet
  facet normal 0 0 1
    outer loop
      vertex -84.426917132336 -60.05563628160781 -3.5
      vertex -83.91866257118792 -54.89524112199201 -3.5
      vertex -84.426917132336 -53.94436371839219 -3.5
    endloop
  endfacet
  facet normal 0 0 1
    outer loop
      vertex -83.91866257118792 -59.10475887800799 -3.5
      vertex -83.60568095778223 -55.927003228911296 -3.5
      vertex -83.91866257118792 -54.89524112199201 -3.5
    endloop
  endfacet
  facet normal 0 0 1
    outer loop
      vertex -83.60568095778223 -58.072996771088704 -3.5
      vertex -83.5 -57 -3.5
      vertex -83.60568095778223 -55.927003228911296 -3.5
    endloop
  endfacet
  facet normal 0 0 1
    outer loop
      vertex -85.11091270347399 -60.889087296526014 -3.5
      vertex -84.426917132336 -53.94436371839219 -3.5
      vertex -85.11091270347399 -53.110912703473986 -3.5
    endloop
  endfacet
  facet normal 0.8819212643483552 0.4713967368259975 0
    outer loop
      vertex -93.573082867664 -60.05563628160781 -3.5
      vertex -94.08133742881208 -59.10475887800799 -3.5
      vertex -94.08133742881208 -59.10475887800799 7.5
    endloop
  endfacet
  facet normal 0.634393284163645 0.7730104533627374 0
    outer loop
      vertex -92.88908729652601 -60.889087296526014 -3.5
      vertex -92.88908729652601 -60.889087296526014 7.5
      vertex -92.05563628160782 -61.573082867664 -3.5
    endloop
  endfacet
  facet normal 0.7730104533627401 0.6343932841636417 0
    outer loop
      vertex -92.88908729652601 -60.889087296526014 -3.5
      vertex -93.573082867664 -60.05563628160781 -3.5
      vertex -93.573082867664 -60.05563628160781 7.5
    endloop
  endfacet
  facet normal 0.9569403357322073 0.29028467725446777 0
    outer loop
      vertex -94.08133742881208 -59.10475887800799 -3.5
      vertex -94.39431904221777 -58.072996771088704 -3.5
      vertex -94.39431904221777 -58.072996771088704 7.5
    endloop
  endfacet
  facet normal 0.9951847266721974 0.09801714032955512 0
    outer loop
      vertex -94.39431904221777 -58.072996771088704 -3.5
      vertex -94.5 -57 -3.5
      vertex -94.5 -57 7.5
    endloop
  endfacet
  facet normal 0.9951847266721974 -0.09801714032955512 0
    outer loop
      vertex -94.5 -57 -3.5
      vertex -94.39431904221777 -55.927003228911296 -3.5
      vertex -94.39431904221777 -55.927003228911296 7.5
    endloop
  endfacet
  facet normal 0.9569403357322073 -0.29028467725446777 0
    outer loop
      vertex -94.39431904221777 -55.927003228911296 -3.5
      vertex -94.08133742881208 -54.89524112199201 -3.5
      vertex -94.08133742881208 -54.89524112199201 7.5
    endloop
  endfacet
  facet normal 0.8819212643483552 -0.4713967368259975 0
    outer loop
      vertex -94.08133742881208 -54.89524112199201 -3.5
      vertex -93.573082867664 -53.94436371839219 -3.5
      vertex -93.573082867664 -53.94436371839219 7.5
    endloop
  endfacet
  facet normal 0.7730104533627401 -0.6343932841636417 0
    outer loop
      vertex -93.573082867664 -53.94436371839219 -3.5
      vertex -92.88908729652601 -53.110912703473986 -3.5
      vertex -92.88908729652601 -53.110912703473986 7.5
    endloop
  endfacet
  facet normal 0.634393284163645 -0.7730104533627374 0
    outer loop
      vertex -92.88908729652601 -53.110912703473986 -3.5
      vertex -92.05563628160782 -52.426917132336 -3.5
      vertex -92.05563628160782 -52.426917132336 7.5
    endloop
  endfacet
  facet normal 0.4713967368259975 0.8819212643483552 0
    outer loop
      vertex -92.05563628160782 -61.573082867664 -3.5
      vertex -92.05563628160782 -61.573082867664 7.5
      vertex -91.104758878008 -62.08133742881208 -3.5
    endloop
  endfacet
  facet normal 0.2902846772544618 0.9569403357322092 0
    outer loop
      vertex -90.07299677108871 -62.39431904221777 -3.5
      vertex -91.104758878008 -62.08133742881208 -3.5
      vertex -91.104758878008 -62.08133742881208 7.5
    endloop
  endfacet
  facet normal 0.09801714032956102 0.9951847266721968 0
    outer loop
      vertex -90.07299677108871 -62.39431904221777 -3.5
      vertex -90.07299677108871 -62.39431904221777 7.5
      vertex -89 -62.5 -3.5
    endloop
  endfacet
  facet normal -0.09801714032956102 0.9951847266721968 0
    outer loop
      vertex -89 -62.5 -3.5
      vertex -89 -62.5 7.5
      vertex -87.92700322891129 -62.39431904221777 -3.5
    endloop
  endfacet
  facet normal -0.2902846772544618 0.9569403357322092 0
    outer loop
      vertex -87.92700322891129 -62.39431904221777 -3.5
      vertex -87.92700322891129 -62.39431904221777 7.5
      vertex -86.895241121992 -62.08133742881208 -3.5
    endloop
  endfacet
  facet normal -0.4713967368259975 0.8819212643483552 0
    outer loop
      vertex -86.895241121992 -62.08133742881208 -3.5
      vertex -86.895241121992 -62.08133742881208 7.5
      vertex -85.94436371839218 -61.573082867664 -3.5
    endloop
  endfacet
  facet normal -0.634393284163645 0.7730104533627374 0
    outer loop
      vertex -85.94436371839218 -61.573082867664 -3.5
      vertex -85.94436371839218 -61.573082867664 7.5
      vertex -85.11091270347399 -60.889087296526014 -3.5
    endloop
  endfacet
  facet normal 0.4713967368259975 -0.8819212643483552 0
    outer loop
      vertex -92.05563628160782 -52.426917132336 -3.5
      vertex -91.104758878008 -51.91866257118792 -3.5
      vertex -91.104758878008 -51.91866257118792 7.5
    endloop
  endfacet
  facet normal 0.2902846772544618 -0.9569403357322092 0
    outer loop
      vertex -91.104758878008 -51.91866257118792 -3.5
      vertex -90.07299677108871 -51.60568095778223 -3.5
      vertex -90.07299677108871 -51.60568095778223 7.5
    endloop
  endfacet
  facet normal 0.09801714032956102 -0.9951847266721968 0
    outer loop
      vertex -90.07299677108871 -51.60568095778223 -3.5
      vertex -89 -51.5 -3.5
      vertex -89 -51.5 7.5
    endloop
  endfacet
  facet normal -0.09801714032956102 -0.9951847266721968 0
    outer loop
      vertex -89 -51.5 -3.5
      vertex -87.92700322891129 -51.60568095778223 -3.5
      vertex -87.92700322891129 -51.60568095778223 7.5
    endloop
  endfacet
  facet normal -0.2902846772544618 -0.9569403357322092 0
    outer loop
      vertex -87.92700322891129 -51.60568095778223 -3.5
      vertex -86.895241121992 -51.91866257118792 -3.5
      vertex -86.895241121992 -51.91866257118792 7.5
    endloop
  endfacet
  facet normal -0.4713967368259975 -0.8819212643483552 0
    outer loop
      vertex -85.94436371839218 -52.426917132336 -3.5
      vertex -85.94436371839218 -52.426917132336 7.5
      vertex -86.895241121992 -51.91866257118792 -3.5
    endloop
  endfacet
  facet normal -0.634393284163645 -0.7730104533627374 0
    outer loop
      vertex -85.94436371839218 -52.426917132336 -3.5
      vertex -85.11091270347399 -53.110912703473986 -3.5
      vertex -85.11091270347399 -53.110912703473986 7.5
    endloop
  endfacet
  facet normal -0.7730104533627401 0.6343932841636417 0
    outer loop
      vertex -85.11091270347399 -60.889087296526014 -3.5
      vertex -85.11091270347399 -60.889087296526014 7.5
      vertex -84.426917132336 -60.05563628160781 -3.5
    endloop
  endfacet
  facet normal -0.8819212643483552 0.4713967368259975 0
    outer loop
      vertex -84.426917132336 -60.05563628160781 -3.5
      vertex -84.426917132336 -60.05563628160781 7.5
      vertex -83.91866257118792 -59.10475887800799 -3.5
    endloop
  endfacet
  facet normal -0.9569403357322073 0.29028467725446777 0
    outer loop
      vertex -83.91866257118792 -59.10475887800799 -3.5
      vertex -83.91866257118792 -59.10475887800799 7.5
      vertex -83.60568095778223 -58.072996771088704 -3.5
    endloop
  endfacet
  facet normal -0.9951847266721974 0.09801714032955512 0
    outer loop
      vertex -83.60568095778223 -58.072996771088704 -3.5
      vertex -83.60568095778223 -58.072996771088704 7.5
      vertex -83.5 -57 -3.5
    endloop
  endfacet
  facet normal -0.9951847266721974 -0.09801714032955512 0
    outer loop
      vertex -83.5 -57 -3.5
      vertex -83.5 -57 7.5
      vertex -83.60568095778223 -55.927003228911296 -3.5
    endloop
  endfacet
  facet normal -0.9569403357322073 -0.29028467725446777 0
    outer loop
      vertex -83.60568095778223 -55.927003228911296 -3.5
      vertex -83.60568095778223 -55.927003228911296 7.5
      vertex -83.91866257118792 -54.89524112199201 -3.5
    endloop
  endfacet
  facet normal -0.7730104533627401 -0.6343932841636417 0
    outer loop
      vertex -84.426917132336 -53.94436371839219 -3.5
      vertex -84.426917132336 -53.94436371839219 7.5
      vertex -85.11091270347399 -53.110912703473986 -3.5
    endloop
  endfacet
  facet normal -0.8819212643483552 -0.4713967368259975 0
    outer loop
      vertex -84.426917132336 -53.94436371839219 -3.5
      vertex -83.91866257118792 -54.89524112199201 -3.5
      vertex -83.91866257118792 -54.89524112199201 7.5
    endloop
  endfacet
  facet normal 0.8819212643483552 0.4713967368259975 0
    outer loop
      vertex -93.573082867664 -60.05563628160781 -3.5
      vertex -94.08133742881208 -59.10475887800799 7.5
      vertex -93.573082867664 -60.05563628160781 7.5
    endloop
  endfacet
  facet normal 0.634393284163645 0.7730104533627374 0
    outer loop
      vertex -92.05563628160782 -61.573082867664 -3.5
      vertex -92.88908729652601 -60.889087296526014 7.5
      vertex -92.05563628160782 -61.573082867664 7.5
    endloop
  endfacet
  facet normal 0.7730104533627401 0.6343932841636417 0
    outer loop
      vertex -92.88908729652601 -60.889087296526014 -3.5
      vertex -93.573082867664 -60.05563628160781 7.5
      vertex -92.88908729652601 -60.889087296526014 7.5
    endloop
  endfacet
  facet normal 0.9569403357322073 0.29028467725446777 0
    outer loop
      vertex -94.08133742881208 -59.10475887800799 -3.5
      vertex -94.39431904221777 -58.072996771088704 7.5
      vertex -94.08133742881208 -59.10475887800799 7.5
    endloop
  endfacet
  facet normal 0.9951847266721974 0.09801714032955512 0
    outer loop
      vertex -94.39431904221777 -58.072996771088704 -3.5
      vertex -94.5 -57 7.5
      vertex -94.39431904221777 -58.072996771088704 7.5
    endloop
  endfacet
  facet normal 0.9951847266721974 -0.09801714032955512 0
    outer loop
      vertex -94.5 -57 -3.5
      vertex -94.39431904221777 -55.927003228911296 7.5
      vertex -94.5 -57 7.5
    endloop
  endfacet
  facet normal 0.9569403357322073 -0.29028467725446777 0
    outer loop
      vertex -94.39431904221777 -55.927003228911296 -3.5
      vertex -94.08133742881208 -54.89524112199201 7.5
      vertex -94.39431904221777 -55.927003228911296 7.5
    endloop
  endfacet
  facet normal 0.8819212643483552 -0.4713967368259975 0
    outer loop
      vertex -94.08133742881208 -54.89524112199201 -3.5
      vertex -93.573082867664 -53.94436371839219 7.5
      vertex -94.08133742881208 -54.89524112199201 7.5
    endloop
  endfacet
  facet normal 0.7730104533627401 -0.6343932841636417 0
    outer loop
      vertex -93.573082867664 -53.94436371839219 -3.5
      vertex -92.88908729652601 -53.110912703473986 7.5
      vertex -93.573082867664 -53.94436371839219 7.5
    endloop
  endfacet
  facet normal 0.634393284163645 -0.7730104533627374 0
    outer loop
      vertex -92.88908729652601 -53.110912703473986 -3.5
      vertex -92.05563628160782 -52.426917132336 7.5
      vertex -92.88908729652601 -53.110912703473986 7.5
    endloop
  endfacet
  facet normal 0.4713967368259975 0.8819212643483552 0
    outer loop
      vertex -91.104758878008 -62.08133742881208 -3.5
      vertex -92.05563628160782 -61.573082867664 7.5
      vertex -91.104758878008 -62.08133742881208 7.5
    endloop
  endfacet
  facet normal 0.2902846772544618 0.9569403357322092 0
    outer loop
      vertex -90.07299677108871 -62.39431904221777 -3.5
      vertex -91.104758878008 -62.08133742881208 7.5
      vertex -90.07299677108871 -62.39431904221777 7.5
    endloop
  endfacet
  facet normal 0.09801714032956102 0.9951847266721968 0
    outer loop
      vertex -89 -62.5 -3.5
      vertex -90.07299677108871 -62.39431904221777 7.5
      vertex -89 -62.5 7.5
    endloop
  endfacet
  facet normal -0.09801714032956102 0.9951847266721968 0
    outer loop
      vertex -87.92700322891129 -62.39431904221777 -3.5
      vertex -89 -62.5 7.5
      vertex -87.92700322891129 -62.39431904221777 7.5
    endloop
  endfacet
  facet normal -0.2902846772544618 0.9569403357322092 0
    outer loop
      vertex -86.895241121992 -62.08133742881208 -3.5
      vertex -87.92700322891129 -62.39431904221777 7.5
      vertex -86.895241121992 -62.08133742881208 7.5
    endloop
  endfacet
  facet normal -0.4713967368259975 0.8819212643483552 0
    outer loop
      vertex -85.94436371839218 -61.573082867664 -3.5
      vertex -86.895241121992 -62.08133742881208 7.5
      vertex -85.94436371839218 -61.573082867664 7.5
    endloop
  endfacet
  facet normal -0.634393284163645 0.7730104533627374 0
    outer loop
      vertex -85.11091270347399 -60.889087296526014 -3.5
      vertex -85.94436371839218 -61.573082867664 7.5
      vertex -85.11091270347399 -60.889087296526014 7.5
    endloop
  endfacet
  facet normal 0.4713967368259975 -0.8819212643483552 0
    outer loop
      vertex -92.05563628160782 -52.426917132336 -3.5
      vertex -91.104758878008 -51.91866257118792 7.5
      vertex -92.05563628160782 -52.426917132336 7.5
    endloop
  endfacet
  facet normal 0.2902846772544618 -0.9569403357322092 0
    outer loop
      vertex -91.104758878008 -51.91866257118792 -3.5
      vertex -90.07299677108871 -51.60568095778223 7.5
      vertex -91.104758878008 -51.91866257118792 7.5
    endloop
  endfacet
  facet normal 0.09801714032956102 -0.9951847266721968 0
    outer loop
      vertex -90.07299677108871 -51.60568095778223 -3.5
      vertex -89 -51.5 7.5
      vertex -90.07299677108871 -51.60568095778223 7.5
    endloop
  endfacet
  facet normal -0.09801714032956102 -0.9951847266721968 0
    outer loop
      vertex -89 -51.5 -3.5
      vertex -87.92700322891129 -51.60568095778223 7.5
      vertex -89 -51.5 7.5
    endloop
  endfacet
  facet normal -0.2902846772544618 -0.9569403357322092 0
    outer loop
      vertex -87.92700322891129 -51.60568095778223 -3.5
      vertex -86.895241121992 -51.91866257118792 7.5
      vertex -87.92700322891129 -51.60568095778223 7.5
    endloop
  endfacet
  facet normal -0.4713967368259975 -0.8819212643483552 0
    outer loop
      vertex -86.895241121992 -51.91866257118792 -3.5
      vertex -85.94436371839218 -52.426917132336 7.5
      vertex -86.895241121992 -51.91866257118792 7.5
    endloop
  endfacet
  facet normal -0.634393284163645 -0.7730104533627374 0
    outer loop
      vertex -85.94436371839218 -52.426917132336 -3.5
      vertex -85.11091270347399 -53.110912703473986 7.5
      vertex -85.94436371839218 -52.426917132336 7.5
    endloop
  endfacet
  facet normal -0.7730104533627401 0.6343932841636417 0
    outer loop
      vertex -84.426917132336 -60.05563628160781 -3.5
      vertex -85.11091270347399 -60.889087296526014 7.5
      vertex -84.426917132336 -60.05563628160781 7.5
    endloop
  endfacet
  facet normal -0.8819212643483552 0.4713967368259975 0
    outer loop
      vertex -83.91866257118792 -59.10475887800799 -3.5
      vertex -84.426917132336 -60.05563628160781 7.5
      vertex -83.91866257118792 -59.10475887800799 7.5
    endloop
  endfacet
  facet normal -0.9569403357322073 0.29028467725446777 0
    outer loop
      vertex -83.60568095778223 -58.072996771088704 -3.5
      vertex -83.91866257118792 -59.10475887800799 7.5
      vertex -83.60568095778223 -58.072996771088704 7.5
    endloop
  endfacet
  facet normal -0.9951847266721974 0.09801714032955512 0
    outer loop
      vertex -83.5 -57 -3.5
      vertex -83.60568095778223 -58.072996771088704 7.5
      vertex -83.5 -57 7.5
    endloop
  endfacet
  facet normal -0.9951847266721974 -0.09801714032955512 0
    outer loop
      vertex -83.60568095778223 -55.927003228911296 -3.5
      vertex -83.5 -57 7.5
      vertex -83.60568095778223 -55.927003228911296 7.5
    endloop
  endfacet
  facet normal -0.9569403357322073 -0.29028467725446777 0
    outer loop
      vertex -83.91866257118792 -54.89524112199201 -3.5
      vertex -83.60568095778223 -55.927003228911296 7.5
      vertex -83.91866257118792 -54.89524112199201 7.5
    endloop
  endfacet
  facet normal -0.7730104533627401 -0.6343932841636417 0
    outer loop
      vertex -85.11091270347399 -53.110912703473986 -3.5
      vertex -84.426917132336 -53.94436371839219 7.5
      vertex -85.11091270347399 -53.110912703473986 7.5
    endloop
  endfacet
  facet normal -0.8819212643483552 -0.4713967368259975 0
    outer loop
      vertex -84.426917132336 -53.94436371839219 -3.5
      vertex -83.91866257118792 -54.89524112199201 7.5
      vertex -84.426917132336 -53.94436371839219 7.5
    endloop
  endfacet
  facet normal 0 0 1
    outer loop
      vertex -93.573082867664 53.94436371839219 -3.5
      vertex -92.88908729652601 53.110912703473986 -3.5
      vertex -92.88908729652601 60.889087296526014 -3.5
    endloop
  endfacet
  facet normal 0 0 1
    outer loop
      vertex -92.88908729652601 53.110912703473986 -3.5
      vertex -92.05563628160782 52.426917132336 -3.5
      vertex -92.05563628160782 61.573082867664 -3.5
    endloop
  endfacet
  facet normal 0 0 1
    outer loop
      vertex -94.39431904221777 55.927003228911296 -3.5
      vertex -94.39431904221777 58.072996771088704 -3.5
      vertex -94.5 57 -3.5
    endloop
  endfacet
  facet normal 0 0 1
    outer loop
      vertex -94.08133742881208 54.89524112199201 -3.5
      vertex -94.08133742881208 59.10475887800799 -3.5
      vertex -94.39431904221777 55.927003228911296 -3.5
    endloop
  endfacet
  facet normal 0 0 1
    outer loop
      vertex -94.08133742881208 54.89524112199201 -3.5
      vertex -93.573082867664 53.94436371839219 -3.5
      vertex -93.573082867664 60.05563628160781 -3.5
    endloop
  endfacet
  facet normal 0 0 1
    outer loop
      vertex -94.39431904221777 55.927003228911296 -3.5
      vertex -94.08133742881208 59.10475887800799 -3.5
      vertex -94.39431904221777 58.072996771088704 -3.5
    endloop
  endfacet
  facet normal 0 0 1
    outer loop
      vertex -94.08133742881208 54.89524112199201 -3.5
      vertex -93.573082867664 60.05563628160781 -3.5
      vertex -94.08133742881208 59.10475887800799 -3.5
    endloop
  endfacet
  facet normal 0 0 1
    outer loop
      vertex -93.573082867664 53.94436371839219 -3.5
      vertex -92.88908729652601 60.889087296526014 -3.5
      vertex -93.573082867664 60.05563628160781 -3.5
    endloop
  endfacet
  facet normal 0 0 1
    outer loop
      vertex -92.88908729652601 53.110912703473986 -3.5
      vertex -92.05563628160782 61.573082867664 -3.5
      vertex -92.88908729652601 60.889087296526014 -3.5
    endloop
  endfacet
  facet normal 0 0 1
    outer loop
      vertex -91.104758878008 51.91866257118792 -3.5
      vertex -90.07299677108871 51.60568095778223 -3.5
      vertex -89.76536686473018 55.15224093497743 -3.5
    endloop
  endfacet
  facet normal 0 0 1
    outer loop
      vertex -90.07299677108871 51.60568095778223 -3.5
      vertex -89 51.5 -3.5
      vertex -89 55 -3.5
    endloop
  endfacet
  facet normal 0 0 1
    outer loop
      vertex -91.104758878008 51.91866257118792 -3.5
      vertex -90.6629392246051 55.8888595339608 -3.5
      vertex -90.84775906502257 56.23463313526982 -3.5
    endloop
  endfacet
  facet normal 0 0 1
    outer loop
      vertex -91.104758878008 51.91866257118792 -3.5
      vertex -90.41421356237309 55.58578643762691 -3.5
      vertex -90.6629392246051 55.8888595339608 -3.5
    endloop
  endfacet
  facet normal 0 0 1
    outer loop
      vertex -91.104758878008 51.91866257118792 -3.5
      vertex -90.1111404660392 55.33706077539491 -3.5
      vertex -90.41421356237309 55.58578643762691 -3.5
    endloop
  endfacet
  facet normal 0 0 1
    outer loop
      vertex -91.104758878008 51.91866257118792 -3.5
      vertex -89.76536686473018 55.15224093497743 -3.5
      vertex -90.1111404660392 55.33706077539491 -3.5
    endloop
  endfacet
  facet normal 0 0 1
    outer loop
      vertex -91.104758878008 51.91866257118792 -3.5
      vertex -91.104758878008 62.08133742881208 -3.5
      vertex -92.05563628160782 52.426917132336 -3.5
    endloop
  endfacet
  facet normal 0 0 1
    outer loop
      vertex -91.104758878008 51.91866257118792 -3.5
      vertex -90.84775906502257 56.23463313526982 -3.5
      vertex -90.96157056080646 56.609819355967744 -3.5
    endloop
  endfacet
  facet normal 0 0 1
    outer loop
      vertex -91.104758878008 51.91866257118792 -3.5
      vertex -90.96157056080646 56.609819355967744 -3.5
      vertex -91 57 -3.5
    endloop
  endfacet
  facet normal 0 0 1
    outer loop
      vertex -90.07299677108871 51.60568095778223 -3.5
      vertex -89 55 -3.5
      vertex -89.39018064403226 55.038429439193536 -3.5
    endloop
  endfacet
  facet normal 0 0 1
    outer loop
      vertex -90.07299677108871 51.60568095778223 -3.5
      vertex -89.39018064403226 55.038429439193536 -3.5
      vertex -89.76536686473018 55.15224093497743 -3.5
    endloop
  endfacet
  facet normal 0 0 1
    outer loop
      vertex -89 51.5 -3.5
      vertex -88.60981935596774 55.038429439193536 -3.5
      vertex -89 55 -3.5
    endloop
  endfacet
  facet normal 0 0 1
    outer loop
      vertex -89 51.5 -3.5
      vertex -87.92700322891129 51.60568095778223 -3.5
      vertex -88.60981935596774 55.038429439193536 -3.5
    endloop
  endfacet
  facet normal 0 0 1
    outer loop
      vertex -88.60981935596774 55.038429439193536 -3.5
      vertex -87.92700322891129 51.60568095778223 -3.5
      vertex -88.23463313526982 55.15224093497743 -3.5
    endloop
  endfacet
  facet normal 0 0 1
    outer loop
      vertex -87.92700322891129 51.60568095778223 -3.5
      vertex -87.8888595339608 55.33706077539491 -3.5
      vertex -88.23463313526982 55.15224093497743 -3.5
    endloop
  endfacet
  facet normal 0 0 1
    outer loop
      vertex -87.92700322891129 51.60568095778223 -3.5
      vertex -87.58578643762691 55.58578643762691 -3.5
      vertex -87.8888595339608 55.33706077539491 -3.5
    endloop
  endfacet
  facet normal 0 0 1
    outer loop
      vertex -87.92700322891129 51.60568095778223 -3.5
      vertex -86.895241121992 51.91866257118792 -3.5
      vertex -87.3370607753949 55.8888595339608 -3.5
    endloop
  endfacet
  facet normal 0 0 1
    outer loop
      vertex -87.92700322891129 51.60568095778223 -3.5
      vertex -87.3370607753949 55.8888595339608 -3.5
      vertex -87.58578643762691 55.58578643762691 -3.5
    endloop
  endfacet
  facet normal 0 0 1
    outer loop
      vertex -86.895241121992 51.91866257118792 -3.5
      vertex -87.15224093497743 56.23463313526982 -3.5
      vertex -87.3370607753949 55.8888595339608 -3.5
    endloop
  endfacet
  facet normal 0 0 1
    outer loop
      vertex -86.895241121992 51.91866257118792 -3.5
      vertex -87.03842943919354 56.609819355967744 -3.5
      vertex -87.15224093497743 56.23463313526982 -3.5
    endloop
  endfacet
  facet normal 0 0 1
    outer loop
      vertex -86.895241121992 51.91866257118792 -3.5
      vertex -87 57 -3.5
      vertex -87.03842943919354 56.609819355967744 -3.5
    endloop
  endfacet
  facet normal 0 0 1
    outer loop
      vertex -86.895241121992 51.91866257118792 -3.5
      vertex -85.94436371839218 52.426917132336 -3.5
      vertex -85.94436371839218 61.573082867664 -3.5
    endloop
  endfacet
  facet normal 0 0 1
    outer loop
      vertex -85.94436371839218 52.426917132336 -3.5
      vertex -85.11091270347399 53.110912703473986 -3.5
      vertex -85.11091270347399 60.889087296526014 -3.5
    endloop
  endfacet
  facet normal 0 0 1
    outer loop
      vertex -91.104758878008 51.91866257118792 -3.5
      vertex -91 57 -3.5
      vertex -91.104758878008 62.08133742881208 -3.5
    endloop
  endfacet
  facet normal 0 0 1
    outer loop
      vertex -92.05563628160782 52.426917132336 -3.5
      vertex -91.104758878008 62.08133742881208 -3.5
      vertex -92.05563628160782 61.573082867664 -3.5
    endloop
  endfacet
  facet normal 0 0 1
    outer loop
      vertex -91 57 -3.5
      vertex -90.96157056080646 57.390180644032256 -3.5
      vertex -91.104758878008 62.08133742881208 -3.5
    endloop
  endfacet
  facet normal 0 0 1
    outer loop
      vertex -90.96157056080646 57.390180644032256 -3.5
      vertex -90.84775906502257 57.76536686473018 -3.5
      vertex -91.104758878008 62.08133742881208 -3.5
    endloop
  endfacet
  facet normal 0 0 1
    outer loop
      vertex -90.84775906502257 57.76536686473018 -3.5
      vertex -90.6629392246051 58.1111404660392 -3.5
      vertex -91.104758878008 62.08133742881208 -3.5
    endloop
  endfacet
  facet normal 0 0 1
    outer loop
      vertex -90.6629392246051 58.1111404660392 -3.5
      vertex -90.41421356237309 58.41421356237309 -3.5
      vertex -90.07299677108871 62.39431904221777 -3.5
    endloop
  endfacet
  facet normal 0 0 1
    outer loop
      vertex -90.6629392246051 58.1111404660392 -3.5
      vertex -90.07299677108871 62.39431904221777 -3.5
      vertex -91.104758878008 62.08133742881208 -3.5
    endloop
  endfacet
  facet normal 0 0 1
    outer loop
      vertex -90.41421356237309 58.41421356237309 -3.5
      vertex -90.1111404660392 58.66293922460509 -3.5
      vertex -90.07299677108871 62.39431904221777 -3.5
    endloop
  endfacet
  facet normal 0 0 1
    outer loop
      vertex -90.1111404660392 58.66293922460509 -3.5
      vertex -89.76536686473018 58.84775906502257 -3.5
      vertex -90.07299677108871 62.39431904221777 -3.5
    endloop
  endfacet
  facet normal 0 0 1
    outer loop
      vertex -89.76536686473018 58.84775906502257 -3.5
      vertex -89.39018064403226 58.961570560806464 -3.5
      vertex -90.07299677108871 62.39431904221777 -3.5
    endloop
  endfacet
  facet normal 0 0 1
    outer loop
      vertex -89.39018064403226 58.961570560806464 -3.5
      vertex -89 59 -3.5
      vertex -89 62.5 -3.5
    endloop
  endfacet
  facet normal 0 0 1
    outer loop
      vertex -89.39018064403226 58.961570560806464 -3.5
      vertex -89 62.5 -3.5
      vertex -90.07299677108871 62.39431904221777 -3.5
    endloop
  endfacet
  facet normal 0 0 1
    outer loop
      vertex -89 59 -3.5
      vertex -87.92700322891129 62.39431904221777 -3.5
      vertex -89 62.5 -3.5
    endloop
  endfacet
  facet normal 0 0 1
    outer loop
      vertex -87 57 -3.5
      vertex -86.895241121992 62.08133742881208 -3.5
      vertex -87.03842943919354 57.390180644032256 -3.5
    endloop
  endfacet
  facet normal 0 0 1
    outer loop
      vertex -87.15224093497743 57.76536686473018 -3.5
      vertex -87.03842943919354 57.390180644032256 -3.5
      vertex -86.895241121992 62.08133742881208 -3.5
    endloop
  endfacet
  facet normal 0 0 1
    outer loop
      vertex -87.15224093497743 57.76536686473018 -3.5
      vertex -86.895241121992 62.08133742881208 -3.5
      vertex -87.3370607753949 58.1111404660392 -3.5
    endloop
  endfacet
  facet normal 0 0 1
    outer loop
      vertex -86.895241121992 51.91866257118792 -3.5
      vertex -86.895241121992 62.08133742881208 -3.5
      vertex -87 57 -3.5
    endloop
  endfacet
  facet normal 0 0 1
    outer loop
      vertex -86.895241121992 51.91866257118792 -3.5
      vertex -85.94436371839218 61.573082867664 -3.5
      vertex -86.895241121992 62.08133742881208 -3.5
    endloop
  endfacet
  facet normal 0 0 1
    outer loop
      vertex -85.94436371839218 52.426917132336 -3.5
      vertex -85.11091270347399 60.889087296526014 -3.5
      vertex -85.94436371839218 61.573082867664 -3.5
    endloop
  endfacet
  facet normal 0 0 1
    outer loop
      vertex -89 59 -3.5
      vertex -88.60981935596774 58.961570560806464 -3.5
      vertex -87.92700322891129 62.39431904221777 -3.5
    endloop
  endfacet
  facet normal 0 0 1
    outer loop
      vertex -88.60981935596774 58.961570560806464 -3.5
      vertex -88.23463313526982 58.84775906502257 -3.5
      vertex -87.92700322891129 62.39431904221777 -3.5
    endloop
  endfacet
  facet normal 0 0 1
    outer loop
      vertex -87.8888595339608 58.66293922460509 -3.5
      vertex -87.58578643762691 58.41421356237309 -3.5
      vertex -86.895241121992 62.08133742881208 -3.5
    endloop
  endfacet
  facet normal 0 0 1
    outer loop
      vertex -88.23463313526982 58.84775906502257 -3.5
      vertex -87.8888595339608 58.66293922460509 -3.5
      vertex -86.895241121992 62.08133742881208 -3.5
    endloop
  endfacet
  facet normal 0 0 1
    outer loop
      vertex -87.58578643762691 58.41421356237309 -3.5
      vertex -87.3370607753949 58.1111404660392 -3.5
      vertex -86.895241121992 62.08133742881208 -3.5
    endloop
  endfacet
  facet normal 0 0 1
    outer loop
      vertex -88.23463313526982 58.84775906502257 -3.5
      vertex -86.895241121992 62.08133742881208 -3.5
      vertex -87.92700322891129 62.39431904221777 -3.5
    endloop
  endfacet
  facet normal 0 0 1
    outer loop
      vertex -85.11091270347399 53.110912703473986 -3.5
      vertex -84.426917132336 53.94436371839219 -3.5
      vertex -84.426917132336 60.05563628160781 -3.5
    endloop
  endfacet
  facet normal 0 0 1
    outer loop
      vertex -84.426917132336 53.94436371839219 -3.5
      vertex -83.91866257118792 54.89524112199201 -3.5
      vertex -83.91866257118792 59.10475887800799 -3.5
    endloop
  endfacet
  facet normal 0 0 1
    outer loop
      vertex -83.91866257118792 54.89524112199201 -3.5
      vertex -83.60568095778223 55.927003228911296 -3.5
      vertex -83.60568095778223 58.072996771088704 -3.5
    endloop
  endfacet
  facet normal 0 0 1
    outer loop
      vertex -84.426917132336 53.94436371839219 -3.5
      vertex -83.91866257118792 59.10475887800799 -3.5
      vertex -84.426917132336 60.05563628160781 -3.5
    endloop
  endfacet
  facet normal 0 0 1
    outer loop
      vertex -83.91866257118792 54.89524112199201 -3.5
      vertex -83.60568095778223 58.072996771088704 -3.5
      vertex -83.91866257118792 59.10475887800799 -3.5
    endloop
  endfacet
  facet normal 0 0 1
    outer loop
      vertex -85.11091270347399 53.110912703473986 -3.5
      vertex -84.426917132336 60.05563628160781 -3.5
      vertex -85.11091270347399 60.889087296526014 -3.5
    endloop
  endfacet
  facet normal 0 0 1
    outer loop
      vertex -83.60568095778223 55.927003228911296 -3.5
      vertex -83.5 57 -3.5
      vertex -83.60568095778223 58.072996771088704 -3.5
    endloop
  endfacet
  facet normal 0.634393284163645 0.7730104533627374 0
    outer loop
      vertex -92.88908729652601 53.110912703473986 -3.5
      vertex -92.88908729652601 53.110912703473986 7.5
      vertex -92.05563628160782 52.426917132336 -3.5
    endloop
  endfacet
  facet normal 0.8819212643483552 0.4713967368259975 0
    outer loop
      vertex -94.08133742881208 54.89524112199201 -3.5
      vertex -94.08133742881208 54.89524112199201 7.5
      vertex -93.573082867664 53.94436371839219 -3.5
    endloop
  endfacet
  facet normal 0.9569403357322073 0.29028467725446777 0
    outer loop
      vertex -94.08133742881208 54.89524112199201 -3.5
      vertex -94.39431904221777 55.927003228911296 -3.5
      vertex -94.39431904221777 55.927003228911296 7.5
    endloop
  endfacet
  facet normal 0.7730104533627401 0.6343932841636417 0
    outer loop
      vertex -93.573082867664 53.94436371839219 -3.5
      vertex -93.573082867664 53.94436371839219 7.5
      vertex -92.88908729652601 53.110912703473986 -3.5
    endloop
  endfacet
  facet normal 0.9951847266721974 0.09801714032955512 0
    outer loop
      vertex -94.39431904221777 55.927003228911296 -3.5
      vertex -94.5 57 -3.5
      vertex -94.5 57 7.5
    endloop
  endfacet
  facet normal 0.9951847266721974 -0.09801714032955512 0
    outer loop
      vertex -94.5 57 -3.5
      vertex -94.39431904221777 58.072996771088704 -3.5
      vertex -94.39431904221777 58.072996771088704 7.5
    endloop
  endfacet
  facet normal 0.9569403357322073 -0.29028467725446777 0
    outer loop
      vertex -94.39431904221777 58.072996771088704 -3.5
      vertex -94.08133742881208 59.10475887800799 -3.5
      vertex -94.08133742881208 59.10475887800799 7.5
    endloop
  endfacet
  facet normal 0.8819212643483552 -0.4713967368259975 0
    outer loop
      vertex -94.08133742881208 59.10475887800799 -3.5
      vertex -93.573082867664 60.05563628160781 -3.5
      vertex -93.573082867664 60.05563628160781 7.5
    endloop
  endfacet
  facet normal 0.7730104533627401 -0.6343932841636417 0
    outer loop
      vertex -93.573082867664 60.05563628160781 -3.5
      vertex -92.88908729652601 60.889087296526014 -3.5
      vertex -92.88908729652601 60.889087296526014 7.5
    endloop
  endfacet
  facet normal 0.634393284163645 -0.7730104533627374 0
    outer loop
      vertex -92.88908729652601 60.889087296526014 -3.5
      vertex -92.05563628160782 61.573082867664 -3.5
      vertex -92.05563628160782 61.573082867664 7.5
    endloop
  endfacet
  facet normal 0.4713967368259975 0.8819212643483552 0
    outer loop
      vertex -91.104758878008 51.91866257118792 -3.5
      vertex -92.05563628160782 52.426917132336 -3.5
      vertex -92.05563628160782 52.426917132336 7.5
    endloop
  endfacet
  facet normal 0.2902846772544618 0.9569403357322092 0
    outer loop
      vertex -91.104758878008 51.91866257118792 -3.5
      vertex -91.104758878008 51.91866257118792 7.5
      vertex -90.07299677108871 51.60568095778223 -3.5
    endloop
  endfacet
  facet normal -0.09801714032956102 0.9951847266721968 0
    outer loop
      vertex -89 51.5 -3.5
      vertex -89 51.5 7.5
      vertex -87.92700322891129 51.60568095778223 -3.5
    endloop
  endfacet
  facet normal 0.09801714032956102 0.9951847266721968 0
    outer loop
      vertex -90.07299677108871 51.60568095778223 -3.5
      vertex -90.07299677108871 51.60568095778223 7.5
      vertex -89 51.5 -3.5
    endloop
  endfacet
  facet normal -0.2902846772544618 0.9569403357322092 0
    outer loop
      vertex -87.92700322891129 51.60568095778223 -3.5
      vertex -87.92700322891129 51.60568095778223 7.5
      vertex -86.895241121992 51.91866257118792 -3.5
    endloop
  endfacet
  facet normal -0.4713967368259975 0.8819212643483552 0
    outer loop
      vertex -86.895241121992 51.91866257118792 -3.5
      vertex -86.895241121992 51.91866257118792 7.5
      vertex -85.94436371839218 52.426917132336 -3.5
    endloop
  endfacet
  facet normal -0.634393284163645 0.7730104533627374 0
    outer loop
      vertex -85.94436371839218 52.426917132336 -3.5
      vertex -85.94436371839218 52.426917132336 7.5
      vertex -85.11091270347399 53.110912703473986 -3.5
    endloop
  endfacet
  facet normal 0.4713967368259975 -0.8819212643483552 0
    outer loop
      vertex -92.05563628160782 61.573082867664 -3.5
      vertex -91.104758878008 62.08133742881208 -3.5
      vertex -91.104758878008 62.08133742881208 7.5
    endloop
  endfacet
  facet normal 0.2902846772544618 -0.9569403357322092 0
    outer loop
      vertex -91.104758878008 62.08133742881208 -3.5
      vertex -90.07299677108871 62.39431904221777 -3.5
      vertex -90.07299677108871 62.39431904221777 7.5
    endloop
  endfacet
  facet normal 0.09801714032956102 -0.9951847266721968 0
    outer loop
      vertex -90.07299677108871 62.39431904221777 -3.5
      vertex -89 62.5 -3.5
      vertex -89 62.5 7.5
    endloop
  endfacet
  facet normal -0.09801714032956102 -0.9951847266721968 0
    outer loop
      vertex -89 62.5 -3.5
      vertex -87.92700322891129 62.39431904221777 -3.5
      vertex -87.92700322891129 62.39431904221777 7.5
    endloop
  endfacet
  facet normal -0.2902846772544618 -0.9569403357322092 0
    outer loop
      vertex -87.92700322891129 62.39431904221777 -3.5
      vertex -86.895241121992 62.08133742881208 -3.5
      vertex -86.895241121992 62.08133742881208 7.5
    endloop
  endfacet
  facet normal -0.4713967368259975 -0.8819212643483552 0
    outer loop
      vertex -86.895241121992 62.08133742881208 -3.5
      vertex -85.94436371839218 61.573082867664 -3.5
      vertex -85.94436371839218 61.573082867664 7.5
    endloop
  endfacet
  facet normal -0.634393284163645 -0.7730104533627374 0
    outer loop
      vertex -85.94436371839218 61.573082867664 -3.5
      vertex -85.11091270347399 60.889087296526014 -3.5
      vertex -85.11091270347399 60.889087296526014 7.5
    endloop
  endfacet
  facet normal -0.7730104533627401 0.6343932841636417 0
    outer loop
      vertex -85.11091270347399 53.110912703473986 -3.5
      vertex -85.11091270347399 53.110912703473986 7.5
      vertex -84.426917132336 53.94436371839219 -3.5
    endloop
  endfacet
  facet normal -0.8819212643483552 0.4713967368259975 0
    outer loop
      vertex -84.426917132336 53.94436371839219 -3.5
      vertex -84.426917132336 53.94436371839219 7.5
      vertex -83.91866257118792 54.89524112199201 -3.5
    endloop
  endfacet
  facet normal -0.9569403357322073 0.29028467725446777 0
    outer loop
      vertex -83.91866257118792 54.89524112199201 -3.5
      vertex -83.91866257118792 54.89524112199201 7.5
      vertex -83.60568095778223 55.927003228911296 -3.5
    endloop
  endfacet
  facet normal -0.9569403357322073 -0.29028467725446777 0
    outer loop
      vertex -83.60568095778223 58.072996771088704 -3.5
      vertex -83.60568095778223 58.072996771088704 7.5
      vertex -83.91866257118792 59.10475887800799 -3.5
    endloop
  endfacet
  facet normal -0.9951847266721974 0.09801714032955512 0
    outer loop
      vertex -83.60568095778223 55.927003228911296 -3.5
      vertex -83.60568095778223 55.927003228911296 7.5
      vertex -83.5 57 -3.5
    endloop
  endfacet
  facet normal -0.9951847266721974 -0.09801714032955512 0
    outer loop
      vertex -83.5 57 -3.5
      vertex -83.5 57 7.5
      vertex -83.60568095778223 58.072996771088704 -3.5
    endloop
  endfacet
  facet normal -0.7730104533627401 -0.6343932841636417 0
    outer loop
      vertex -84.426917132336 60.05563628160781 -3.5
      vertex -84.426917132336 60.05563628160781 7.5
      vertex -85.11091270347399 60.889087296526014 -3.5
    endloop
  endfacet
  facet normal -0.8819212643483552 -0.4713967368259975 0
    outer loop
      vertex -84.426917132336 60.05563628160781 -3.5
      vertex -83.91866257118792 59.10475887800799 -3.5
      vertex -83.91866257118792 59.10475887800799 7.5
    endloop
  endfacet
  facet normal 0.634393284163645 0.7730104533627374 0
    outer loop
      vertex -92.05563628160782 52.426917132336 -3.5
      vertex -92.88908729652601 53.110912703473986 7.5
      vertex -92.05563628160782 52.426917132336 7.5
    endloop
  endfacet
  facet normal 0.8819212643483552 0.4713967368259975 0
    outer loop
      vertex -93.573082867664 53.94436371839219 -3.5
      vertex -94.08133742881208 54.89524112199201 7.5
      vertex -93.573082867664 53.94436371839219 7.5
    endloop
  endfacet
  facet normal 0.9569403357322073 0.29028467725446777 0
    outer loop
      vertex -94.08133742881208 54.89524112199201 -3.5
      vertex -94.39431904221777 55.927003228911296 7.5
      vertex -94.08133742881208 54.89524112199201 7.5
    endloop
  endfacet
  facet normal 0.7730104533627401 0.6343932841636417 0
    outer loop
      vertex -92.88908729652601 53.110912703473986 -3.5
      vertex -93.573082867664 53.94436371839219 7.5
      vertex -92.88908729652601 53.110912703473986 7.5
    endloop
  endfacet
  facet normal 0.9951847266721974 0.09801714032955512 0
    outer loop
      vertex -94.39431904221777 55.927003228911296 -3.5
      vertex -94.5 57 7.5
      vertex -94.39431904221777 55.927003228911296 7.5
    endloop
  endfacet
  facet normal 0.9951847266721974 -0.09801714032955512 0
    outer loop
      vertex -94.5 57 -3.5
      vertex -94.39431904221777 58.072996771088704 7.5
      vertex -94.5 57 7.5
    endloop
  endfacet
  facet normal 0.9569403357322073 -0.29028467725446777 0
    outer loop
      vertex -94.39431904221777 58.072996771088704 -3.5
      vertex -94.08133742881208 59.10475887800799 7.5
      vertex -94.39431904221777 58.072996771088704 7.5
    endloop
  endfacet
  facet normal 0.8819212643483552 -0.4713967368259975 0
    outer loop
      vertex -94.08133742881208 59.10475887800799 -3.5
      vertex -93.573082867664 60.05563628160781 7.5
      vertex -94.08133742881208 59.10475887800799 7.5
    endloop
  endfacet
  facet normal 0.7730104533627401 -0.6343932841636417 0
    outer loop
      vertex -93.573082867664 60.05563628160781 -3.5
      vertex -92.88908729652601 60.889087296526014 7.5
      vertex -93.573082867664 60.05563628160781 7.5
    endloop
  endfacet
  facet normal 0.634393284163645 -0.7730104533627374 0
    outer loop
      vertex -92.88908729652601 60.889087296526014 -3.5
      vertex -92.05563628160782 61.573082867664 7.5
      vertex -92.88908729652601 60.889087296526014 7.5
    endloop
  endfacet
  facet normal 0.4713967368259975 0.8819212643483552 0
    outer loop
      vertex -91.104758878008 51.91866257118792 -3.5
      vertex -92.05563628160782 52.426917132336 7.5
      vertex -91.104758878008 51.91866257118792 7.5
    endloop
  endfacet
  facet normal 0.2902846772544618 0.9569403357322092 0
    outer loop
      vertex -90.07299677108871 51.60568095778223 -3.5
      vertex -91.104758878008 51.91866257118792 7.5
      vertex -90.07299677108871 51.60568095778223 7.5
    endloop
  endfacet
  facet normal 0.09801714032956102 0.9951847266721968 0
    outer loop
      vertex -89 51.5 -3.5
      vertex -90.07299677108871 51.60568095778223 7.5
      vertex -89 51.5 7.5
    endloop
  endfacet
  facet normal -0.09801714032956102 0.9951847266721968 0
    outer loop
      vertex -87.92700322891129 51.60568095778223 -3.5
      vertex -89 51.5 7.5
      vertex -87.92700322891129 51.60568095778223 7.5
    endloop
  endfacet
  facet normal -0.2902846772544618 0.9569403357322092 0
    outer loop
      vertex -86.895241121992 51.91866257118792 -3.5
      vertex -87.92700322891129 51.60568095778223 7.5
      vertex -86.895241121992 51.91866257118792 7.5
    endloop
  endfacet
  facet normal -0.4713967368259975 0.8819212643483552 0
    outer loop
      vertex -85.94436371839218 52.426917132336 -3.5
      vertex -86.895241121992 51.91866257118792 7.5
      vertex -85.94436371839218 52.426917132336 7.5
    endloop
  endfacet
  facet normal -0.634393284163645 0.7730104533627374 0
    outer loop
      vertex -85.11091270347399 53.110912703473986 -3.5
      vertex -85.94436371839218 52.426917132336 7.5
      vertex -85.11091270347399 53.110912703473986 7.5
    endloop
  endfacet
  facet normal 0.4713967368259975 -0.8819212643483552 0
    outer loop
      vertex -92.05563628160782 61.573082867664 -3.5
      vertex -91.104758878008 62.08133742881208 7.5
      vertex -92.05563628160782 61.573082867664 7.5
    endloop
  endfacet
  facet normal 0.2902846772544618 -0.9569403357322092 0
    outer loop
      vertex -91.104758878008 62.08133742881208 -3.5
      vertex -90.07299677108871 62.39431904221777 7.5
      vertex -91.104758878008 62.08133742881208 7.5
    endloop
  endfacet
  facet normal 0.09801714032956102 -0.9951847266721968 0
    outer loop
      vertex -90.07299677108871 62.39431904221777 -3.5
      vertex -89 62.5 7.5
      vertex -90.07299677108871 62.39431904221777 7.5
    endloop
  endfacet
  facet normal -0.09801714032956102 -0.9951847266721968 0
    outer loop
      vertex -89 62.5 -3.5
      vertex -87.92700322891129 62.39431904221777 7.5
      vertex -89 62.5 7.5
    endloop
  endfacet
  facet normal -0.2902846772544618 -0.9569403357322092 0
    outer loop
      vertex -87.92700322891129 62.39431904221777 -3.5
      vertex -86.895241121992 62.08133742881208 7.5
      vertex -87.92700322891129 62.39431904221777 7.5
    endloop
  endfacet
  facet normal -0.4713967368259975 -0.8819212643483552 0
    outer loop
      vertex -86.895241121992 62.08133742881208 -3.5
      vertex -85.94436371839218 61.573082867664 7.5
      vertex -86.895241121992 62.08133742881208 7.5
    endloop
  endfacet
  facet normal -0.634393284163645 -0.7730104533627374 0
    outer loop
      vertex -85.94436371839218 61.573082867664 -3.5
      vertex -85.11091270347399 60.889087296526014 7.5
      vertex -85.94436371839218 61.573082867664 7.5
    endloop
  endfacet
  facet normal -0.7730104533627401 0.6343932841636417 0
    outer loop
      vertex -84.426917132336 53.94436371839219 -3.5
      vertex -85.11091270347399 53.110912703473986 7.5
      vertex -84.426917132336 53.94436371839219 7.5
    endloop
  endfacet
  facet normal -0.8819212643483552 0.4713967368259975 0
    outer loop
      vertex -83.91866257118792 54.89524112199201 -3.5
      vertex -84.426917132336 53.94436371839219 7.5
      vertex -83.91866257118792 54.89524112199201 7.5
    endloop
  endfacet
  facet normal -0.9569403357322073 0.29028467725446777 0
    outer loop
      vertex -83.60568095778223 55.927003228911296 -3.5
      vertex -83.91866257118792 54.89524112199201 7.5
      vertex -83.60568095778223 55.927003228911296 7.5
    endloop
  endfacet
  facet normal -0.9569403357322073 -0.29028467725446777 0
    outer loop
      vertex -83.91866257118792 59.10475887800799 -3.5
      vertex -83.60568095778223 58.072996771088704 7.5
      vertex -83.91866257118792 59.10475887800799 7.5
    endloop
  endfacet
  facet normal -0.9951847266721974 0.09801714032955512 0
    outer loop
      vertex -83.5 57 -3.5
      vertex -83.60568095778223 55.927003228911296 7.5
      vertex -83.5 57 7.5
    endloop
  endfacet
  facet normal -0.9951847266721974 -0.09801714032955512 0
    outer loop
      vertex -83.60568095778223 58.072996771088704 -3.5
      vertex -83.5 57 7.5
      vertex -83.60568095778223 58.072996771088704 7.5
    endloop
  endfacet
  facet normal -0.7730104533627401 -0.6343932841636417 0
    outer loop
      vertex -85.11091270347399 60.889087296526014 -3.5
      vertex -84.426917132336 60.05563628160781 7.5
      vertex -85.11091270347399 60.889087296526014 7.5
    endloop
  endfacet
  facet normal -0.8819212643483552 -0.4713967368259975 0
    outer loop
      vertex -84.426917132336 60.05563628160781 -3.5
      vertex -83.91866257118792 59.10475887800799 7.5
      vertex -84.426917132336 60.05563628160781 7.5
    endloop
  endfacet
  facet normal 0 0 1
    outer loop
      vertex 83.60568095778223 -58.072996771088704 -3.5
      vertex 83.60568095778223 -55.927003228911296 -3.5
      vertex 83.5 -57 -3.5
    endloop
  endfacet
  facet normal 0 0 1
    outer loop
      vertex 85.11091270347399 -60.889087296526014 -3.5
      vertex 85.11091270347399 -53.110912703473986 -3.5
      vertex 84.426917132336 -60.05563628160781 -3.5
    endloop
  endfacet
  facet normal 0 0 1
    outer loop
      vertex 83.91866257118792 -59.10475887800799 -3.5
      vertex 83.91866257118792 -54.89524112199201 -3.5
      vertex 83.60568095778223 -58.072996771088704 -3.5
    endloop
  endfacet
  facet normal 0 0 1
    outer loop
      vertex 83.91866257118792 -59.10475887800799 -3.5
      vertex 84.426917132336 -60.05563628160781 -3.5
      vertex 84.426917132336 -53.94436371839219 -3.5
    endloop
  endfacet
  facet normal 0 0 1
    outer loop
      vertex 83.60568095778223 -58.072996771088704 -3.5
      vertex 83.91866257118792 -54.89524112199201 -3.5
      vertex 83.60568095778223 -55.927003228911296 -3.5
    endloop
  endfacet
  facet normal 0 0 1
    outer loop
      vertex 83.91866257118792 -59.10475887800799 -3.5
      vertex 84.426917132336 -53.94436371839219 -3.5
      vertex 83.91866257118792 -54.89524112199201 -3.5
    endloop
  endfacet
  facet normal 0 0 1
    outer loop
      vertex 84.426917132336 -60.05563628160781 -3.5
      vertex 85.11091270347399 -53.110912703473986 -3.5
      vertex 84.426917132336 -53.94436371839219 -3.5
    endloop
  endfacet
  facet normal 0 0 1
    outer loop
      vertex 86.895241121992 -62.08133742881208 -3.5
      vertex 87.92700322891129 -62.39431904221777 -3.5
      vertex 88.23463313526982 -58.84775906502257 -3.5
    endloop
  endfacet
  facet normal 0 0 1
    outer loop
      vertex 86.895241121992 -62.08133742881208 -3.5
      vertex 87.58578643762691 -58.41421356237309 -3.5
      vertex 87.3370607753949 -58.1111404660392 -3.5
    endloop
  endfacet
  facet normal 0 0 1
    outer loop
      vertex 86.895241121992 -62.08133742881208 -3.5
      vertex 88.23463313526982 -58.84775906502257 -3.5
      vertex 87.8888595339608 -58.66293922460509 -3.5
    endloop
  endfacet
  facet normal 0 0 1
    outer loop
      vertex 86.895241121992 -62.08133742881208 -3.5
      vertex 87.8888595339608 -58.66293922460509 -3.5
      vertex 87.58578643762691 -58.41421356237309 -3.5
    endloop
  endfacet
  facet normal 0 0 1
    outer loop
      vertex 87.92700322891129 -62.39431904221777 -3.5
      vertex 88.60981935596774 -58.961570560806464 -3.5
      vertex 88.23463313526982 -58.84775906502257 -3.5
    endloop
  endfacet
  facet normal 0 0 1
    outer loop
      vertex 87.92700322891129 -62.39431904221777 -3.5
      vertex 89 -59 -3.5
      vertex 88.60981935596774 -58.961570560806464 -3.5
    endloop
  endfacet
  facet normal 0 0 1
    outer loop
      vertex 85.11091270347399 -60.889087296526014 -3.5
      vertex 85.94436371839218 -61.573082867664 -3.5
      vertex 85.94436371839218 -52.426917132336 -3.5
    endloop
  endfacet
  facet normal 0 0 1
    outer loop
      vertex 85.94436371839218 -61.573082867664 -3.5
      vertex 86.895241121992 -62.08133742881208 -3.5
      vertex 86.895241121992 -51.91866257118792 -3.5
    endloop
  endfacet
  facet normal 0 0 1
    outer loop
      vertex 86.895241121992 -62.08133742881208 -3.5
      vertex 87 -57 -3.5
      vertex 86.895241121992 -51.91866257118792 -3.5
    endloop
  endfacet
  facet normal 0 0 1
    outer loop
      vertex 86.895241121992 -62.08133742881208 -3.5
      vertex 87.3370607753949 -58.1111404660392 -3.5
      vertex 87.15224093497743 -57.76536686473018 -3.5
    endloop
  endfacet
  facet normal 0 0 1
    outer loop
      vertex 86.895241121992 -62.08133742881208 -3.5
      vertex 87.15224093497743 -57.76536686473018 -3.5
      vertex 87.03842943919354 -57.390180644032256 -3.5
    endloop
  endfacet
  facet normal 0 0 1
    outer loop
      vertex 86.895241121992 -62.08133742881208 -3.5
      vertex 87.03842943919354 -57.390180644032256 -3.5
      vertex 87 -57 -3.5
    endloop
  endfacet
  facet normal 0 0 1
    outer loop
      vertex 87.92700322891129 -62.39431904221777 -3.5
      vertex 89 -62.5 -3.5
      vertex 89 -59 -3.5
    endloop
  endfacet
  facet normal 0 0 1
    outer loop
      vertex 89 -62.5 -3.5
      vertex 90.07299677108871 -62.39431904221777 -3.5
      vertex 89.39018064403226 -58.961570560806464 -3.5
    endloop
  endfacet
  facet normal 0 0 1
    outer loop
      vertex 89 -62.5 -3.5
      vertex 89.39018064403226 -58.961570560806464 -3.5
      vertex 89 -59 -3.5
    endloop
  endfacet
  facet normal 0 0 1
    outer loop
      vertex 90.07299677108871 -62.39431904221777 -3.5
      vertex 89.76536686473018 -58.84775906502257 -3.5
      vertex 89.39018064403226 -58.961570560806464 -3.5
    endloop
  endfacet
  facet normal 0 0 1
    outer loop
      vertex 90.07299677108871 -62.39431904221777 -3.5
      vertex 90.1111404660392 -58.66293922460509 -3.5
      vertex 89.76536686473018 -58.84775906502257 -3.5
    endloop
  endfacet
  facet normal 0 0 1
    outer loop
      vertex 90.07299677108871 -62.39431904221777 -3.5
      vertex 90.41421356237309 -58.41421356237309 -3.5
      vertex 90.1111404660392 -58.66293922460509 -3.5
    endloop
  endfacet
  facet normal 0 0 1
    outer loop
      vertex 90.07299677108871 -62.39431904221777 -3.5
      vertex 91.104758878008 -62.08133742881208 -3.5
      vertex 90.6629392246051 -58.1111404660392 -3.5
    endloop
  endfacet
  facet normal 0 0 1
    outer loop
      vertex 90.07299677108871 -62.39431904221777 -3.5
      vertex 90.6629392246051 -58.1111404660392 -3.5
      vertex 90.41421356237309 -58.41421356237309 -3.5
    endloop
  endfacet
  facet normal 0 0 1
    outer loop
      vertex 91.104758878008 -62.08133742881208 -3.5
      vertex 90.84775906502257 -57.76536686473018 -3.5
      vertex 90.6629392246051 -58.1111404660392 -3.5
    endloop
  endfacet
  facet normal 0 0 1
    outer loop
      vertex 91.104758878008 -62.08133742881208 -3.5
      vertex 90.96157056080646 -57.390180644032256 -3.5
      vertex 90.84775906502257 -57.76536686473018 -3.5
    endloop
  endfacet
  facet normal 0 0 1
    outer loop
      vertex 91.104758878008 -62.08133742881208 -3.5
      vertex 91 -57 -3.5
      vertex 90.96157056080646 -57.390180644032256 -3.5
    endloop
  endfacet
  facet normal 0 0 1
    outer loop
      vertex 91.104758878008 -62.08133742881208 -3.5
      vertex 92.05563628160782 -61.573082867664 -3.5
      vertex 92.05563628160782 -52.426917132336 -3.5
    endloop
  endfacet
  facet normal 0 0 1
    outer loop
      vertex 91.104758878008 -62.08133742881208 -3.5
      vertex 91.104758878008 -51.91866257118792 -3.5
      vertex 91 -57 -3.5
    endloop
  endfacet
  facet normal 0 0 1
    outer loop
      vertex 85.11091270347399 -60.889087296526014 -3.5
      vertex 85.94436371839218 -52.426917132336 -3.5
      vertex 85.11091270347399 -53.110912703473986 -3.5
    endloop
  endfacet
  facet normal 0 0 1
    outer loop
      vertex 85.94436371839218 -61.573082867664 -3.5
      vertex 86.895241121992 -51.91866257118792 -3.5
      vertex 85.94436371839218 -52.426917132336 -3.5
    endloop
  endfacet
  facet normal 0 0 1
    outer loop
      vertex 87 -57 -3.5
      vertex 87.03842943919354 -56.609819355967744 -3.5
      vertex 86.895241121992 -51.91866257118792 -3.5
    endloop
  endfacet
  facet normal 0 0 1
    outer loop
      vertex 87.03842943919354 -56.609819355967744 -3.5
      vertex 87.15224093497743 -56.23463313526982 -3.5
      vertex 86.895241121992 -51.91866257118792 -3.5
    endloop
  endfacet
  facet normal 0 0 1
    outer loop
      vertex 87.15224093497743 -56.23463313526982 -3.5
      vertex 87.3370607753949 -55.8888595339608 -3.5
      vertex 86.895241121992 -51.91866257118792 -3.5
    endloop
  endfacet
  facet normal 0 0 1
    outer loop
      vertex 87.3370607753949 -55.8888595339608 -3.5
      vertex 87.58578643762691 -55.58578643762691 -3.5
      vertex 87.92700322891129 -51.60568095778223 -3.5
    endloop
  endfacet
  facet normal 0 0 1
    outer loop
      vertex 87.3370607753949 -55.8888595339608 -3.5
      vertex 87.92700322891129 -51.60568095778223 -3.5
      vertex 86.895241121992 -51.91866257118792 -3.5
    endloop
  endfacet
  facet normal 0 0 1
    outer loop
      vertex 87.58578643762691 -55.58578643762691 -3.5
      vertex 87.8888595339608 -55.33706077539491 -3.5
      vertex 87.92700322891129 -51.60568095778223 -3.5
    endloop
  endfacet
  facet normal 0 0 1
    outer loop
      vertex 87.8888595339608 -55.33706077539491 -3.5
      vertex 88.23463313526982 -55.15224093497743 -3.5
      vertex 87.92700322891129 -51.60568095778223 -3.5
    endloop
  endfacet
  facet normal 0 0 1
    outer loop
      vertex 88.23463313526982 -55.15224093497743 -3.5
      vertex 88.60981935596774 -55.038429439193536 -3.5
      vertex 87.92700322891129 -51.60568095778223 -3.5
    endloop
  endfacet
  facet normal 0 0 1
    outer loop
      vertex 87.92700322891129 -51.60568095778223 -3.5
      vertex 88.60981935596774 -55.038429439193536 -3.5
      vertex 89 -51.5 -3.5
    endloop
  endfacet
  facet normal 0 0 1
    outer loop
      vertex 88.60981935596774 -55.038429439193536 -3.5
      vertex 89 -55 -3.5
      vertex 89 -51.5 -3.5
    endloop
  endfacet
  facet normal 0 0 1
    outer loop
      vertex 89.76536686473018 -55.15224093497743 -3.5
      vertex 90.07299677108871 -51.60568095778223 -3.5
      vertex 89.39018064403226 -55.038429439193536 -3.5
    endloop
  endfacet
  facet normal 0 0 1
    outer loop
      vertex 89 -55 -3.5
      vertex 89.39018064403226 -55.038429439193536 -3.5
      vertex 90.07299677108871 -51.60568095778223 -3.5
    endloop
  endfacet
  facet normal 0 0 1
    outer loop
      vertex 91 -57 -3.5
      vertex 91.104758878008 -51.91866257118792 -3.5
      vertex 90.96157056080646 -56.609819355967744 -3.5
    endloop
  endfacet
  facet normal 0 0 1
    outer loop
      vertex 90.96157056080646 -56.609819355967744 -3.5
      vertex 91.104758878008 -51.91866257118792 -3.5
      vertex 90.84775906502257 -56.23463313526982 -3.5
    endloop
  endfacet
  facet normal 0 0 1
    outer loop
      vertex 91.104758878008 -62.08133742881208 -3.5
      vertex 92.05563628160782 -52.426917132336 -3.5
      vertex 91.104758878008 -51.91866257118792 -3.5
    endloop
  endfacet
  facet normal 0 0 1
    outer loop
      vertex 89.76536686473018 -55.15224093497743 -3.5
      vertex 90.1111404660392 -55.33706077539491 -3.5
      vertex 91.104758878008 -51.91866257118792 -3.5
    endloop
  endfacet
  facet normal 0 0 1
    outer loop
      vertex 90.41421356237309 -55.58578643762691 -3.5
      vertex 91.104758878008 -51.91866257118792 -3.5
      vertex 90.1111404660392 -55.33706077539491 -3.5
    endloop
  endfacet
  facet normal 0 0 1
    outer loop
      vertex 90.6629392246051 -55.8888595339608 -3.5
      vertex 91.104758878008 -51.91866257118792 -3.5
      vertex 90.41421356237309 -55.58578643762691 -3.5
    endloop
  endfacet
  facet normal 0 0 1
    outer loop
      vertex 90.6629392246051 -55.8888595339608 -3.5
      vertex 90.84775906502257 -56.23463313526982 -3.5
      vertex 91.104758878008 -51.91866257118792 -3.5
    endloop
  endfacet
  facet normal 0 0 1
    outer loop
      vertex 89 -55 -3.5
      vertex 90.07299677108871 -51.60568095778223 -3.5
      vertex 89 -51.5 -3.5
    endloop
  endfacet
  facet normal 0 0 1
    outer loop
      vertex 89.76536686473018 -55.15224093497743 -3.5
      vertex 91.104758878008 -51.91866257118792 -3.5
      vertex 90.07299677108871 -51.60568095778223 -3.5
    endloop
  endfacet
  facet normal 0 0 1
    outer loop
      vertex 92.05563628160782 -61.573082867664 -3.5
      vertex 92.88908729652601 -60.889087296526014 -3.5
      vertex 92.88908729652601 -53.110912703473986 -3.5
    endloop
  endfacet
  facet normal 0 0 1
    outer loop
      vertex 92.88908729652601 -60.889087296526014 -3.5
      vertex 93.573082867664 -60.05563628160781 -3.5
      vertex 93.573082867664 -53.94436371839219 -3.5
    endloop
  endfacet
  facet normal 0 0 1
    outer loop
      vertex 93.573082867664 -60.05563628160781 -3.5
      vertex 94.08133742881208 -59.10475887800799 -3.5
      vertex 94.08133742881208 -54.89524112199201 -3.5
    endloop
  endfacet
  facet normal 0 0 1
    outer loop
      vertex 94.08133742881208 -59.10475887800799 -3.5
      vertex 94.39431904221777 -58.072996771088704 -3.5
      vertex 94.39431904221777 -55.927003228911296 -3.5
    endloop
  endfacet
  facet normal 0 0 1
    outer loop
      vertex 93.573082867664 -60.05563628160781 -3.5
      vertex 94.08133742881208 -54.89524112199201 -3.5
      vertex 93.573082867664 -53.94436371839219 -3.5
    endloop
  endfacet
  facet normal 0 0 1
    outer loop
      vertex 94.08133742881208 -59.10475887800799 -3.5
      vertex 94.39431904221777 -55.927003228911296 -3.5
      vertex 94.08133742881208 -54.89524112199201 -3.5
    endloop
  endfacet
  facet normal 0 0 1
    outer loop
      vertex 94.39431904221777 -58.072996771088704 -3.5
      vertex 94.5 -57 -3.5
      vertex 94.39431904221777 -55.927003228911296 -3.5
    endloop
  endfacet
  facet normal 0 0 1
    outer loop
      vertex 92.05563628160782 -61.573082867664 -3.5
      vertex 92.88908729652601 -53.110912703473986 -3.5
      vertex 92.05563628160782 -52.426917132336 -3.5
    endloop
  endfacet
  facet normal 0 0 1
    outer loop
      vertex 92.88908729652601 -60.889087296526014 -3.5
      vertex 93.573082867664 -53.94436371839219 -3.5
      vertex 92.88908729652601 -53.110912703473986 -3.5
    endloop
  endfacet
  facet normal 0.8819212643483552 0.4713967368259975 0
    outer loop
      vertex 83.91866257118792 -59.10475887800799 -3.5
      vertex 83.91866257118792 -59.10475887800799 7.5
      vertex 84.426917132336 -60.05563628160781 -3.5
    endloop
  endfacet
  facet normal 0.7730104533627401 0.6343932841636417 0
    outer loop
      vertex 85.11091270347399 -60.889087296526014 -3.5
      vertex 84.426917132336 -60.05563628160781 -3.5
      vertex 84.426917132336 -60.05563628160781 7.5
    endloop
  endfacet
  facet normal 0.9951847266721974 0.09801714032955512 0
    outer loop
      vertex 83.60568095778223 -58.072996771088704 -3.5
      vertex 83.5 -57 -3.5
      vertex 83.5 -57 7.5
    endloop
  endfacet
  facet normal 0.9951847266721974 -0.09801714032955512 0
    outer loop
      vertex 83.5 -57 -3.5
      vertex 83.60568095778223 -55.927003228911296 -3.5
      vertex 83.60568095778223 -55.927003228911296 7.5
    endloop
  endfacet
  facet normal 0.9569403357322073 0.29028467725446777 0
    outer loop
      vertex 83.91866257118792 -59.10475887800799 -3.5
      vertex 83.60568095778223 -58.072996771088704 -3.5
      vertex 83.60568095778223 -58.072996771088704 7.5
    endloop
  endfacet
  facet normal 0.9569403357322073 -0.29028467725446777 0
    outer loop
      vertex 83.60568095778223 -55.927003228911296 -3.5
      vertex 83.91866257118792 -54.89524112199201 -3.5
      vertex 83.91866257118792 -54.89524112199201 7.5
    endloop
  endfacet
  facet normal 0.8819212643483552 -0.4713967368259975 0
    outer loop
      vertex 83.91866257118792 -54.89524112199201 -3.5
      vertex 84.426917132336 -53.94436371839219 -3.5
      vertex 84.426917132336 -53.94436371839219 7.5
    endloop
  endfacet
  facet normal 0.7730104533627401 -0.6343932841636417 0
    outer loop
      vertex 84.426917132336 -53.94436371839219 -3.5
      vertex 85.11091270347399 -53.110912703473986 -3.5
      vertex 85.11091270347399 -53.110912703473986 7.5
    endloop
  endfacet
  facet normal 0.634393284163645 0.7730104533627374 0
    outer loop
      vertex 85.11091270347399 -60.889087296526014 -3.5
      vertex 85.11091270347399 -60.889087296526014 7.5
      vertex 85.94436371839218 -61.573082867664 -3.5
    endloop
  endfacet
  facet normal 0.4713967368259975 0.8819212643483552 0
    outer loop
      vertex 85.94436371839218 -61.573082867664 -3.5
      vertex 85.94436371839218 -61.573082867664 7.5
      vertex 86.895241121992 -62.08133742881208 -3.5
    endloop
  endfacet
  facet normal 0.2902846772544618 0.9569403357322092 0
    outer loop
      vertex 86.895241121992 -62.08133742881208 -3.5
      vertex 86.895241121992 -62.08133742881208 7.5
      vertex 87.92700322891129 -62.39431904221777 -3.5
    endloop
  endfacet
  facet normal 0.09801714032956102 0.9951847266721968 0
    outer loop
      vertex 87.92700322891129 -62.39431904221777 -3.5
      vertex 87.92700322891129 -62.39431904221777 7.5
      vertex 89 -62.5 -3.5
    endloop
  endfacet
  facet normal -0.09801714032956102 0.9951847266721968 0
    outer loop
      vertex 89 -62.5 -3.5
      vertex 89 -62.5 7.5
      vertex 90.07299677108871 -62.39431904221777 -3.5
    endloop
  endfacet
  facet normal -0.2902846772544618 0.9569403357322092 0
    outer loop
      vertex 90.07299677108871 -62.39431904221777 -3.5
      vertex 90.07299677108871 -62.39431904221777 7.5
      vertex 91.104758878008 -62.08133742881208 -3.5
    endloop
  endfacet
  facet normal -0.4713967368259975 0.8819212643483552 0
    outer loop
      vertex 91.104758878008 -62.08133742881208 -3.5
      vertex 91.104758878008 -62.08133742881208 7.5
      vertex 92.05563628160782 -61.573082867664 -3.5
    endloop
  endfacet
  facet normal 0.634393284163645 -0.7730104533627374 0
    outer loop
      vertex 85.11091270347399 -53.110912703473986 -3.5
      vertex 85.94436371839218 -52.426917132336 -3.5
      vertex 85.94436371839218 -52.426917132336 7.5
    endloop
  endfacet
  facet normal 0.4713967368259975 -0.8819212643483552 0
    outer loop
      vertex 85.94436371839218 -52.426917132336 -3.5
      vertex 86.895241121992 -51.91866257118792 -3.5
      vertex 86.895241121992 -51.91866257118792 7.5
    endloop
  endfacet
  facet normal 0.2902846772544618 -0.9569403357322092 0
    outer loop
      vertex 86.895241121992 -51.91866257118792 -3.5
      vertex 87.92700322891129 -51.60568095778223 -3.5
      vertex 87.92700322891129 -51.60568095778223 7.5
    endloop
  endfacet
  facet normal -0.09801714032956102 -0.9951847266721968 0
    outer loop
      vertex 89 -51.5 -3.5
      vertex 90.07299677108871 -51.60568095778223 -3.5
      vertex 90.07299677108871 -51.60568095778223 7.5
    endloop
  endfacet
  facet normal 0.09801714032956102 -0.9951847266721968 0
    outer loop
      vertex 87.92700322891129 -51.60568095778223 -3.5
      vertex 89 -51.5 -3.5
      vertex 89 -51.5 7.5
    endloop
  endfacet
  facet normal -0.2902846772544618 -0.9569403357322092 0
    outer loop
      vertex 90.07299677108871 -51.60568095778223 -3.5
      vertex 91.104758878008 -51.91866257118792 -3.5
      vertex 91.104758878008 -51.91866257118792 7.5
    endloop
  endfacet
  facet normal -0.4713967368259975 -0.8819212643483552 0
    outer loop
      vertex 92.05563628160782 -52.426917132336 -3.5
      vertex 92.05563628160782 -52.426917132336 7.5
      vertex 91.104758878008 -51.91866257118792 -3.5
    endloop
  endfacet
  facet normal -0.634393284163645 0.7730104533627374 0
    outer loop
      vertex 92.05563628160782 -61.573082867664 -3.5
      vertex 92.05563628160782 -61.573082867664 7.5
      vertex 92.88908729652601 -60.889087296526014 -3.5
    endloop
  endfacet
  facet normal -0.7730104533627401 0.6343932841636417 0
    outer loop
      vertex 92.88908729652601 -60.889087296526014 -3.5
      vertex 92.88908729652601 -60.889087296526014 7.5
      vertex 93.573082867664 -60.05563628160781 -3.5
    endloop
  endfacet
  facet normal -0.8819212643483552 0.4713967368259975 0
    outer loop
      vertex 93.573082867664 -60.05563628160781 -3.5
      vertex 93.573082867664 -60.05563628160781 7.5
      vertex 94.08133742881208 -59.10475887800799 -3.5
    endloop
  endfacet
  facet normal -0.9569403357322073 0.29028467725446777 0
    outer loop
      vertex 94.08133742881208 -59.10475887800799 -3.5
      vertex 94.08133742881208 -59.10475887800799 7.5
      vertex 94.39431904221777 -58.072996771088704 -3.5
    endloop
  endfacet
  facet normal -0.9951847266721974 0.09801714032955512 0
    outer loop
      vertex 94.39431904221777 -58.072996771088704 -3.5
      vertex 94.39431904221777 -58.072996771088704 7.5
      vertex 94.5 -57 -3.5
    endloop
  endfacet
  facet normal -0.9951847266721974 -0.09801714032955512 0
    outer loop
      vertex 94.5 -57 -3.5
      vertex 94.5 -57 7.5
      vertex 94.39431904221777 -55.927003228911296 -3.5
    endloop
  endfacet
  facet normal -0.7730104533627401 -0.6343932841636417 0
    outer loop
      vertex 92.88908729652601 -53.110912703473986 -3.5
      vertex 93.573082867664 -53.94436371839219 -3.5
      vertex 93.573082867664 -53.94436371839219 7.5
    endloop
  endfacet
  facet normal -0.9569403357322073 -0.29028467725446777 0
    outer loop
      vertex 94.39431904221777 -55.927003228911296 -3.5
      vertex 94.39431904221777 -55.927003228911296 7.5
      vertex 94.08133742881208 -54.89524112199201 -3.5
    endloop
  endfacet
  facet normal -0.8819212643483552 -0.4713967368259975 0
    outer loop
      vertex 93.573082867664 -53.94436371839219 -3.5
      vertex 94.08133742881208 -54.89524112199201 -3.5
      vertex 94.08133742881208 -54.89524112199201 7.5
    endloop
  endfacet
  facet normal -0.634393284163645 -0.7730104533627374 0
    outer loop
      vertex 92.05563628160782 -52.426917132336 -3.5
      vertex 92.88908729652601 -53.110912703473986 -3.5
      vertex 92.88908729652601 -53.110912703473986 7.5
    endloop
  endfacet
  facet normal 0.8819212643483552 0.4713967368259975 0
    outer loop
      vertex 84.426917132336 -60.05563628160781 -3.5
      vertex 83.91866257118792 -59.10475887800799 7.5
      vertex 84.426917132336 -60.05563628160781 7.5
    endloop
  endfacet
  facet normal 0.7730104533627401 0.6343932841636417 0
    outer loop
      vertex 85.11091270347399 -60.889087296526014 -3.5
      vertex 84.426917132336 -60.05563628160781 7.5
      vertex 85.11091270347399 -60.889087296526014 7.5
    endloop
  endfacet
  facet normal 0.9951847266721974 0.09801714032955512 0
    outer loop
      vertex 83.60568095778223 -58.072996771088704 -3.5
      vertex 83.5 -57 7.5
      vertex 83.60568095778223 -58.072996771088704 7.5
    endloop
  endfacet
  facet normal 0.9951847266721974 -0.09801714032955512 0
    outer loop
      vertex 83.5 -57 -3.5
      vertex 83.60568095778223 -55.927003228911296 7.5
      vertex 83.5 -57 7.5
    endloop
  endfacet
  facet normal 0.9569403357322073 0.29028467725446777 0
    outer loop
      vertex 83.91866257118792 -59.10475887800799 -3.5
      vertex 83.60568095778223 -58.072996771088704 7.5
      vertex 83.91866257118792 -59.10475887800799 7.5
    endloop
  endfacet
  facet normal 0.9569403357322073 -0.29028467725446777 0
    outer loop
      vertex 83.60568095778223 -55.927003228911296 -3.5
      vertex 83.91866257118792 -54.89524112199201 7.5
      vertex 83.60568095778223 -55.927003228911296 7.5
    endloop
  endfacet
  facet normal 0.8819212643483552 -0.4713967368259975 0
    outer loop
      vertex 83.91866257118792 -54.89524112199201 -3.5
      vertex 84.426917132336 -53.94436371839219 7.5
      vertex 83.91866257118792 -54.89524112199201 7.5
    endloop
  endfacet
  facet normal 0.7730104533627401 -0.6343932841636417 0
    outer loop
      vertex 84.426917132336 -53.94436371839219 -3.5
      vertex 85.11091270347399 -53.110912703473986 7.5
      vertex 84.426917132336 -53.94436371839219 7.5
    endloop
  endfacet
  facet normal 0.634393284163645 0.7730104533627374 0
    outer loop
      vertex 85.94436371839218 -61.573082867664 -3.5
      vertex 85.11091270347399 -60.889087296526014 7.5
      vertex 85.94436371839218 -61.573082867664 7.5
    endloop
  endfacet
  facet normal 0.4713967368259975 0.8819212643483552 0
    outer loop
      vertex 86.895241121992 -62.08133742881208 -3.5
      vertex 85.94436371839218 -61.573082867664 7.5
      vertex 86.895241121992 -62.08133742881208 7.5
    endloop
  endfacet
  facet normal 0.2902846772544618 0.9569403357322092 0
    outer loop
      vertex 87.92700322891129 -62.39431904221777 -3.5
      vertex 86.895241121992 -62.08133742881208 7.5
      vertex 87.92700322891129 -62.39431904221777 7.5
    endloop
  endfacet
  facet normal 0.09801714032956102 0.9951847266721968 0
    outer loop
      vertex 89 -62.5 -3.5
      vertex 87.92700322891129 -62.39431904221777 7.5
      vertex 89 -62.5 7.5
    endloop
  endfacet
  facet normal -0.09801714032956102 0.9951847266721968 0
    outer loop
      vertex 90.07299677108871 -62.39431904221777 -3.5
      vertex 89 -62.5 7.5
      vertex 90.07299677108871 -62.39431904221777 7.5
    endloop
  endfacet
  facet normal -0.2902846772544618 0.9569403357322092 0
    outer loop
      vertex 91.104758878008 -62.08133742881208 -3.5
      vertex 90.07299677108871 -62.39431904221777 7.5
      vertex 91.104758878008 -62.08133742881208 7.5
    endloop
  endfacet
  facet normal -0.4713967368259975 0.8819212643483552 0
    outer loop
      vertex 92.05563628160782 -61.573082867664 -3.5
      vertex 91.104758878008 -62.08133742881208 7.5
      vertex 92.05563628160782 -61.573082867664 7.5
    endloop
  endfacet
  facet normal 0.634393284163645 -0.7730104533627374 0
    outer loop
      vertex 85.11091270347399 -53.110912703473986 -3.5
      vertex 85.94436371839218 -52.426917132336 7.5
      vertex 85.11091270347399 -53.110912703473986 7.5
    endloop
  endfacet
  facet normal 0.4713967368259975 -0.8819212643483552 0
    outer loop
      vertex 85.94436371839218 -52.426917132336 -3.5
      vertex 86.895241121992 -51.91866257118792 7.5
      vertex 85.94436371839218 -52.426917132336 7.5
    endloop
  endfacet
  facet normal 0.2902846772544618 -0.9569403357322092 0
    outer loop
      vertex 86.895241121992 -51.91866257118792 -3.5
      vertex 87.92700322891129 -51.60568095778223 7.5
      vertex 86.895241121992 -51.91866257118792 7.5
    endloop
  endfacet
  facet normal 0.09801714032956102 -0.9951847266721968 0
    outer loop
      vertex 87.92700322891129 -51.60568095778223 -3.5
      vertex 89 -51.5 7.5
      vertex 87.92700322891129 -51.60568095778223 7.5
    endloop
  endfacet
  facet normal -0.09801714032956102 -0.9951847266721968 0
    outer loop
      vertex 89 -51.5 -3.5
      vertex 90.07299677108871 -51.60568095778223 7.5
      vertex 89 -51.5 7.5
    endloop
  endfacet
  facet normal -0.2902846772544618 -0.9569403357322092 0
    outer loop
      vertex 90.07299677108871 -51.60568095778223 -3.5
      vertex 91.104758878008 -51.91866257118792 7.5
      vertex 90.07299677108871 -51.60568095778223 7.5
    endloop
  endfacet
  facet normal -0.4713967368259975 -0.8819212643483552 0
    outer loop
      vertex 91.104758878008 -51.91866257118792 -3.5
      vertex 92.05563628160782 -52.426917132336 7.5
      vertex 91.104758878008 -51.91866257118792 7.5
    endloop
  endfacet
  facet normal -0.634393284163645 0.7730104533627374 0
    outer loop
      vertex 92.88908729652601 -60.889087296526014 -3.5
      vertex 92.05563628160782 -61.573082867664 7.5
      vertex 92.88908729652601 -60.889087296526014 7.5
    endloop
  endfacet
  facet normal -0.7730104533627401 0.6343932841636417 0
    outer loop
      vertex 93.573082867664 -60.05563628160781 -3.5
      vertex 92.88908729652601 -60.889087296526014 7.5
      vertex 93.573082867664 -60.05563628160781 7.5
    endloop
  endfacet
  facet normal -0.8819212643483552 0.4713967368259975 0
    outer loop
      vertex 94.08133742881208 -59.10475887800799 -3.5
      vertex 93.573082867664 -60.05563628160781 7.5
      vertex 94.08133742881208 -59.10475887800799 7.5
    endloop
  endfacet
  facet normal -0.9569403357322073 0.29028467725446777 0
    outer loop
      vertex 94.39431904221777 -58.072996771088704 -3.5
      vertex 94.08133742881208 -59.10475887800799 7.5
      vertex 94.39431904221777 -58.072996771088704 7.5
    endloop
  endfacet
  facet normal -0.9951847266721974 0.09801714032955512 0
    outer loop
      vertex 94.5 -57 -3.5
      vertex 94.39431904221777 -58.072996771088704 7.5
      vertex 94.5 -57 7.5
    endloop
  endfacet
  facet normal -0.9951847266721974 -0.09801714032955512 0
    outer loop
      vertex 94.39431904221777 -55.927003228911296 -3.5
      vertex 94.5 -57 7.5
      vertex 94.39431904221777 -55.927003228911296 7.5
    endloop
  endfacet
  facet normal -0.7730104533627401 -0.6343932841636417 0
    outer loop
      vertex 92.88908729652601 -53.110912703473986 -3.5
      vertex 93.573082867664 -53.94436371839219 7.5
      vertex 92.88908729652601 -53.110912703473986 7.5
    endloop
  endfacet
  facet normal -0.9569403357322073 -0.29028467725446777 0
    outer loop
      vertex 94.08133742881208 -54.89524112199201 -3.5
      vertex 94.39431904221777 -55.927003228911296 7.5
      vertex 94.08133742881208 -54.89524112199201 7.5
    endloop
  endfacet
  facet normal -0.8819212643483552 -0.4713967368259975 0
    outer loop
      vertex 93.573082867664 -53.94436371839219 -3.5
      vertex 94.08133742881208 -54.89524112199201 7.5
      vertex 93.573082867664 -53.94436371839219 7.5
    endloop
  endfacet
  facet normal -0.634393284163645 -0.7730104533627374 0
    outer loop
      vertex 92.05563628160782 -52.426917132336 -3.5
      vertex 92.88908729652601 -53.110912703473986 7.5
      vertex 92.05563628160782 -52.426917132336 7.5
    endloop
  endfacet
  facet normal 0 0 1
    outer loop
      vertex 85.11091270347399 53.110912703473986 -3.5
      vertex 85.11091270347399 60.889087296526014 -3.5
      vertex 84.426917132336 53.94436371839219 -3.5
    endloop
  endfacet
  facet normal 0 0 1
    outer loop
      vertex 83.60568095778223 55.927003228911296 -3.5
      vertex 83.60568095778223 58.072996771088704 -3.5
      vertex 83.5 57 -3.5
    endloop
  endfacet
  facet normal 0 0 1
    outer loop
      vertex 83.91866257118792 54.89524112199201 -3.5
      vertex 83.91866257118792 59.10475887800799 -3.5
      vertex 83.60568095778223 55.927003228911296 -3.5
    endloop
  endfacet
  facet normal 0 0 1
    outer loop
      vertex 83.91866257118792 54.89524112199201 -3.5
      vertex 84.426917132336 53.94436371839219 -3.5
      vertex 84.426917132336 60.05563628160781 -3.5
    endloop
  endfacet
  facet normal 0 0 1
    outer loop
      vertex 83.60568095778223 55.927003228911296 -3.5
      vertex 83.91866257118792 59.10475887800799 -3.5
      vertex 83.60568095778223 58.072996771088704 -3.5
    endloop
  endfacet
  facet normal 0 0 1
    outer loop
      vertex 83.91866257118792 54.89524112199201 -3.5
      vertex 84.426917132336 60.05563628160781 -3.5
      vertex 83.91866257118792 59.10475887800799 -3.5
    endloop
  endfacet
  facet normal 0 0 1
    outer loop
      vertex 84.426917132336 53.94436371839219 -3.5
      vertex 85.11091270347399 60.889087296526014 -3.5
      vertex 84.426917132336 60.05563628160781 -3.5
    endloop
  endfacet
  facet normal 0 0 1
    outer loop
      vertex 86.895241121992 51.91866257118792 -3.5
      vertex 87.92700322891129 51.60568095778223 -3.5
      vertex 88.23463313526982 55.15224093497743 -3.5
    endloop
  endfacet
  facet normal 0 0 1
    outer loop
      vertex 85.11091270347399 53.110912703473986 -3.5
      vertex 85.94436371839218 52.426917132336 -3.5
      vertex 85.94436371839218 61.573082867664 -3.5
    endloop
  endfacet
  facet normal 0 0 1
    outer loop
      vertex 86.895241121992 51.91866257118792 -3.5
      vertex 86.895241121992 62.08133742881208 -3.5
      vertex 85.94436371839218 52.426917132336 -3.5
    endloop
  endfacet
  facet normal 0 0 1
    outer loop
      vertex 86.895241121992 51.91866257118792 -3.5
      vertex 87.3370607753949 55.8888595339608 -3.5
      vertex 87.15224093497743 56.23463313526982 -3.5
    endloop
  endfacet
  facet normal 0 0 1
    outer loop
      vertex 86.895241121992 51.91866257118792 -3.5
      vertex 87.58578643762691 55.58578643762691 -3.5
      vertex 87.3370607753949 55.8888595339608 -3.5
    endloop
  endfacet
  facet normal 0 0 1
    outer loop
      vertex 86.895241121992 51.91866257118792 -3.5
      vertex 87.8888595339608 55.33706077539491 -3.5
      vertex 87.58578643762691 55.58578643762691 -3.5
    endloop
  endfacet
  facet normal 0 0 1
    outer loop
      vertex 86.895241121992 51.91866257118792 -3.5
      vertex 88.23463313526982 55.15224093497743 -3.5
      vertex 87.8888595339608 55.33706077539491 -3.5
    endloop
  endfacet
  facet normal 0 0 1
    outer loop
      vertex 87.92700322891129 51.60568095778223 -3.5
      vertex 89 55 -3.5
      vertex 88.60981935596774 55.038429439193536 -3.5
    endloop
  endfacet
  facet normal 0 0 1
    outer loop
      vertex 87.92700322891129 51.60568095778223 -3.5
      vertex 88.60981935596774 55.038429439193536 -3.5
      vertex 88.23463313526982 55.15224093497743 -3.5
    endloop
  endfacet
  facet normal 0 0 1
    outer loop
      vertex 86.895241121992 51.91866257118792 -3.5
      vertex 87.15224093497743 56.23463313526982 -3.5
      vertex 87.03842943919354 56.609819355967744 -3.5
    endloop
  endfacet
  facet normal 0 0 1
    outer loop
      vertex 86.895241121992 51.91866257118792 -3.5
      vertex 87.03842943919354 56.609819355967744 -3.5
      vertex 87 57 -3.5
    endloop
  endfacet
  facet normal 0 0 1
    outer loop
      vertex 87.92700322891129 51.60568095778223 -3.5
      vertex 89 51.5 -3.5
      vertex 89 55 -3.5
    endloop
  endfacet
  facet normal 0 0 1
    outer loop
      vertex 89 51.5 -3.5
      vertex 90.07299677108871 51.60568095778223 -3.5
      vertex 89.39018064403226 55.038429439193536 -3.5
    endloop
  endfacet
  facet normal 0 0 1
    outer loop
      vertex 89 51.5 -3.5
      vertex 89.39018064403226 55.038429439193536 -3.5
      vertex 89 55 -3.5
    endloop
  endfacet
  facet normal 0 0 1
    outer loop
      vertex 90.07299677108871 51.60568095778223 -3.5
      vertex 89.76536686473018 55.15224093497743 -3.5
      vertex 89.39018064403226 55.038429439193536 -3.5
    endloop
  endfacet
  facet normal 0 0 1
    outer loop
      vertex 90.07299677108871 51.60568095778223 -3.5
      vertex 90.1111404660392 55.33706077539491 -3.5
      vertex 89.76536686473018 55.15224093497743 -3.5
    endloop
  endfacet
  facet normal 0 0 1
    outer loop
      vertex 90.07299677108871 51.60568095778223 -3.5
      vertex 90.41421356237309 55.58578643762691 -3.5
      vertex 90.1111404660392 55.33706077539491 -3.5
    endloop
  endfacet
  facet normal 0 0 1
    outer loop
      vertex 90.07299677108871 51.60568095778223 -3.5
      vertex 91.104758878008 51.91866257118792 -3.5
      vertex 90.6629392246051 55.8888595339608 -3.5
    endloop
  endfacet
  facet normal 0 0 1
    outer loop
      vertex 90.07299677108871 51.60568095778223 -3.5
      vertex 90.6629392246051 55.8888595339608 -3.5
      vertex 90.41421356237309 55.58578643762691 -3.5
    endloop
  endfacet
  facet normal 0 0 1
    outer loop
      vertex 91.104758878008 51.91866257118792 -3.5
      vertex 90.84775906502257 56.23463313526982 -3.5
      vertex 90.6629392246051 55.8888595339608 -3.5
    endloop
  endfacet
  facet normal 0 0 1
    outer loop
      vertex 91.104758878008 51.91866257118792 -3.5
      vertex 90.96157056080646 56.609819355967744 -3.5
      vertex 90.84775906502257 56.23463313526982 -3.5
    endloop
  endfacet
  facet normal 0 0 1
    outer loop
      vertex 91.104758878008 51.91866257118792 -3.5
      vertex 91 57 -3.5
      vertex 90.96157056080646 56.609819355967744 -3.5
    endloop
  endfacet
  facet normal 0 0 1
    outer loop
      vertex 91.104758878008 51.91866257118792 -3.5
      vertex 92.05563628160782 52.426917132336 -3.5
      vertex 92.05563628160782 61.573082867664 -3.5
    endloop
  endfacet
  facet normal 0 0 1
    outer loop
      vertex 86.895241121992 51.91866257118792 -3.5
      vertex 87 57 -3.5
      vertex 86.895241121992 62.08133742881208 -3.5
    endloop
  endfacet
  facet normal 0 0 1
    outer loop
      vertex 85.11091270347399 53.110912703473986 -3.5
      vertex 85.94436371839218 61.573082867664 -3.5
      vertex 85.11091270347399 60.889087296526014 -3.5
    endloop
  endfacet
  facet normal 0 0 1
    outer loop
      vertex 85.94436371839218 52.426917132336 -3.5
      vertex 86.895241121992 62.08133742881208 -3.5
      vertex 85.94436371839218 61.573082867664 -3.5
    endloop
  endfacet
  facet normal 0 0 1
    outer loop
      vertex 87 57 -3.5
      vertex 87.03842943919354 57.390180644032256 -3.5
      vertex 86.895241121992 62.08133742881208 -3.5
    endloop
  endfacet
  facet normal 0 0 1
    outer loop
      vertex 87.03842943919354 57.390180644032256 -3.5
      vertex 87.15224093497743 57.76536686473018 -3.5
      vertex 86.895241121992 62.08133742881208 -3.5
    endloop
  endfacet
  facet normal 0 0 1
    outer loop
      vertex 87.15224093497743 57.76536686473018 -3.5
      vertex 87.3370607753949 58.1111404660392 -3.5
      vertex 86.895241121992 62.08133742881208 -3.5
    endloop
  endfacet
  facet normal 0 0 1
    outer loop
      vertex 87.3370607753949 58.1111404660392 -3.5
      vertex 87.58578643762691 58.41421356237309 -3.5
      vertex 87.92700322891129 62.39431904221777 -3.5
    endloop
  endfacet
  facet normal 0 0 1
    outer loop
      vertex 87.3370607753949 58.1111404660392 -3.5
      vertex 87.92700322891129 62.39431904221777 -3.5
      vertex 86.895241121992 62.08133742881208 -3.5
    endloop
  endfacet
  facet normal 0 0 1
    outer loop
      vertex 87.58578643762691 58.41421356237309 -3.5
      vertex 87.8888595339608 58.66293922460509 -3.5
      vertex 87.92700322891129 62.39431904221777 -3.5
    endloop
  endfacet
  facet normal 0 0 1
    outer loop
      vertex 87.8888595339608 58.66293922460509 -3.5
      vertex 88.23463313526982 58.84775906502257 -3.5
      vertex 87.92700322891129 62.39431904221777 -3.5
    endloop
  endfacet
  facet normal 0 0 1
    outer loop
      vertex 88.23463313526982 58.84775906502257 -3.5
      vertex 88.60981935596774 58.961570560806464 -3.5
      vertex 87.92700322891129 62.39431904221777 -3.5
    endloop
  endfacet
  facet normal 0 0 1
    outer loop
      vertex 87.92700322891129 62.39431904221777 -3.5
      vertex 88.60981935596774 58.961570560806464 -3.5
      vertex 89 62.5 -3.5
    endloop
  endfacet
  facet normal 0 0 1
    outer loop
      vertex 91.104758878008 51.91866257118792 -3.5
      vertex 91.104758878008 62.08133742881208 -3.5
      vertex 91 57 -3.5
    endloop
  endfacet
  facet normal 0 0 1
    outer loop
      vertex 91 57 -3.5
      vertex 91.104758878008 62.08133742881208 -3.5
      vertex 90.96157056080646 57.390180644032256 -3.5
    endloop
  endfacet
  facet normal 0 0 1
    outer loop
      vertex 90.96157056080646 57.390180644032256 -3.5
      vertex 91.104758878008 62.08133742881208 -3.5
      vertex 90.84775906502257 57.76536686473018 -3.5
    endloop
  endfacet
  facet normal 0 0 1
    outer loop
      vertex 90.84775906502257 57.76536686473018 -3.5
      vertex 91.104758878008 62.08133742881208 -3.5
      vertex 90.6629392246051 58.1111404660392 -3.5
    endloop
  endfacet
  facet normal 0 0 1
    outer loop
      vertex 91.104758878008 51.91866257118792 -3.5
      vertex 92.05563628160782 61.573082867664 -3.5
      vertex 91.104758878008 62.08133742881208 -3.5
    endloop
  endfacet
  facet normal 0 0 1
    outer loop
      vertex 88.60981935596774 58.961570560806464 -3.5
      vertex 89 59 -3.5
      vertex 89 62.5 -3.5
    endloop
  endfacet
  facet normal 0 0 1
    outer loop
      vertex 89 59 -3.5
      vertex 89.39018064403226 58.961570560806464 -3.5
      vertex 90.07299677108871 62.39431904221777 -3.5
    endloop
  endfacet
  facet normal 0 0 1
    outer loop
      vertex 89.39018064403226 58.961570560806464 -3.5
      vertex 89.76536686473018 58.84775906502257 -3.5
      vertex 90.07299677108871 62.39431904221777 -3.5
    endloop
  endfacet
  facet normal 0 0 1
    outer loop
      vertex 89 59 -3.5
      vertex 90.07299677108871 62.39431904221777 -3.5
      vertex 89 62.5 -3.5
    endloop
  endfacet
  facet normal 0 0 1
    outer loop
      vertex 90.41421356237309 58.41421356237309 -3.5
      vertex 91.104758878008 62.08133742881208 -3.5
      vertex 90.1111404660392 58.66293922460509 -3.5
    endloop
  endfacet
  facet normal 0 0 1
    outer loop
      vertex 89.76536686473018 58.84775906502257 -3.5
      vertex 90.1111404660392 58.66293922460509 -3.5
      vertex 91.104758878008 62.08133742881208 -3.5
    endloop
  endfacet
  facet normal 0 0 1
    outer loop
      vertex 90.41421356237309 58.41421356237309 -3.5
      vertex 90.6629392246051 58.1111404660392 -3.5
      vertex 91.104758878008 62.08133742881208 -3.5
    endloop
  endfacet
  facet normal 0 0 1
    outer loop
      vertex 89.76536686473018 58.84775906502257 -3.5
      vertex 91.104758878008 62.08133742881208 -3.5
      vertex 90.07299677108871 62.39431904221777 -3.5
    endloop
  endfacet
  facet normal 0 0 1
    outer loop
      vertex 92.05563628160782 52.426917132336 -3.5
      vertex 92.88908729652601 53.110912703473986 -3.5
      vertex 92.88908729652601 60.889087296526014 -3.5
    endloop
  endfacet
  facet normal 0 0 1
    outer loop
      vertex 92.88908729652601 53.110912703473986 -3.5
      vertex 93.573082867664 53.94436371839219 -3.5
      vertex 93.573082867664 60.05563628160781 -3.5
    endloop
  endfacet
  facet normal 0 0 1
    outer loop
      vertex 93.573082867664 53.94436371839219 -3.5
      vertex 94.08133742881208 54.89524112199201 -3.5
      vertex 94.08133742881208 59.10475887800799 -3.5
    endloop
  endfacet
  facet normal 0 0 1
    outer loop
      vertex 92.05563628160782 52.426917132336 -3.5
      vertex 92.88908729652601 60.889087296526014 -3.5
      vertex 92.05563628160782 61.573082867664 -3.5
    endloop
  endfacet
  facet normal 0 0 1
    outer loop
      vertex 92.88908729652601 53.110912703473986 -3.5
      vertex 93.573082867664 60.05563628160781 -3.5
      vertex 92.88908729652601 60.889087296526014 -3.5
    endloop
  endfacet
  facet normal 0 0 1
    outer loop
      vertex 94.08133742881208 54.89524112199201 -3.5
      vertex 94.39431904221777 55.927003228911296 -3.5
      vertex 94.39431904221777 58.072996771088704 -3.5
    endloop
  endfacet
  facet normal 0 0 1
    outer loop
      vertex 93.573082867664 53.94436371839219 -3.5
      vertex 94.08133742881208 59.10475887800799 -3.5
      vertex 93.573082867664 60.05563628160781 -3.5
    endloop
  endfacet
  facet normal 0 0 1
    outer loop
      vertex 94.08133742881208 54.89524112199201 -3.5
      vertex 94.39431904221777 58.072996771088704 -3.5
      vertex 94.08133742881208 59.10475887800799 -3.5
    endloop
  endfacet
  facet normal 0 0 1
    outer loop
      vertex 94.39431904221777 55.927003228911296 -3.5
      vertex 94.5 57 -3.5
      vertex 94.39431904221777 58.072996771088704 -3.5
    endloop
  endfacet
  facet normal 0.8819212643483552 0.4713967368259975 0
    outer loop
      vertex 83.91866257118792 54.89524112199201 -3.5
      vertex 83.91866257118792 54.89524112199201 7.5
      vertex 84.426917132336 53.94436371839219 -3.5
    endloop
  endfacet
  facet normal 0.7730104533627401 0.6343932841636417 0
    outer loop
      vertex 85.11091270347399 53.110912703473986 -3.5
      vertex 84.426917132336 53.94436371839219 -3.5
      vertex 84.426917132336 53.94436371839219 7.5
    endloop
  endfacet
  facet normal 0.9569403357322073 0.29028467725446777 0
    outer loop
      vertex 83.91866257118792 54.89524112199201 -3.5
      vertex 83.60568095778223 55.927003228911296 -3.5
      vertex 83.60568095778223 55.927003228911296 7.5
    endloop
  endfacet
  facet normal 0.9951847266721974 0.09801714032955512 0
    outer loop
      vertex 83.60568095778223 55.927003228911296 -3.5
      vertex 83.5 57 -3.5
      vertex 83.5 57 7.5
    endloop
  endfacet
  facet normal 0.9951847266721974 -0.09801714032955512 0
    outer loop
      vertex 83.5 57 -3.5
      vertex 83.60568095778223 58.072996771088704 -3.5
      vertex 83.60568095778223 58.072996771088704 7.5
    endloop
  endfacet
  facet normal 0.9569403357322073 -0.29028467725446777 0
    outer loop
      vertex 83.60568095778223 58.072996771088704 -3.5
      vertex 83.91866257118792 59.10475887800799 -3.5
      vertex 83.91866257118792 59.10475887800799 7.5
    endloop
  endfacet
  facet normal 0.8819212643483552 -0.4713967368259975 0
    outer loop
      vertex 83.91866257118792 59.10475887800799 -3.5
      vertex 84.426917132336 60.05563628160781 -3.5
      vertex 84.426917132336 60.05563628160781 7.5
    endloop
  endfacet
  facet normal 0.7730104533627401 -0.6343932841636417 0
    outer loop
      vertex 84.426917132336 60.05563628160781 -3.5
      vertex 85.11091270347399 60.889087296526014 -3.5
      vertex 85.11091270347399 60.889087296526014 7.5
    endloop
  endfacet
  facet normal 0.634393284163645 0.7730104533627374 0
    outer loop
      vertex 85.11091270347399 53.110912703473986 -3.5
      vertex 85.11091270347399 53.110912703473986 7.5
      vertex 85.94436371839218 52.426917132336 -3.5
    endloop
  endfacet
  facet normal 0.4713967368259975 0.8819212643483552 0
    outer loop
      vertex 86.895241121992 51.91866257118792 -3.5
      vertex 85.94436371839218 52.426917132336 -3.5
      vertex 85.94436371839218 52.426917132336 7.5
    endloop
  endfacet
  facet normal 0.2902846772544618 0.9569403357322092 0
    outer loop
      vertex 86.895241121992 51.91866257118792 -3.5
      vertex 86.895241121992 51.91866257118792 7.5
      vertex 87.92700322891129 51.60568095778223 -3.5
    endloop
  endfacet
  facet normal 0.09801714032956102 0.9951847266721968 0
    outer loop
      vertex 87.92700322891129 51.60568095778223 -3.5
      vertex 87.92700322891129 51.60568095778223 7.5
      vertex 89 51.5 -3.5
    endloop
  endfacet
  facet normal -0.09801714032956102 0.9951847266721968 0
    outer loop
      vertex 89 51.5 -3.5
      vertex 89 51.5 7.5
      vertex 90.07299677108871 51.60568095778223 -3.5
    endloop
  endfacet
  facet normal -0.2902846772544618 0.9569403357322092 0
    outer loop
      vertex 90.07299677108871 51.60568095778223 -3.5
      vertex 90.07299677108871 51.60568095778223 7.5
      vertex 91.104758878008 51.91866257118792 -3.5
    endloop
  endfacet
  facet normal -0.4713967368259975 0.8819212643483552 0
    outer loop
      vertex 91.104758878008 51.91866257118792 -3.5
      vertex 91.104758878008 51.91866257118792 7.5
      vertex 92.05563628160782 52.426917132336 -3.5
    endloop
  endfacet
  facet normal 0.634393284163645 -0.7730104533627374 0
    outer loop
      vertex 85.11091270347399 60.889087296526014 -3.5
      vertex 85.94436371839218 61.573082867664 -3.5
      vertex 85.94436371839218 61.573082867664 7.5
    endloop
  endfacet
  facet normal 0.4713967368259975 -0.8819212643483552 0
    outer loop
      vertex 85.94436371839218 61.573082867664 -3.5
      vertex 86.895241121992 62.08133742881208 -3.5
      vertex 86.895241121992 62.08133742881208 7.5
    endloop
  endfacet
  facet normal 0.2902846772544618 -0.9569403357322092 0
    outer loop
      vertex 86.895241121992 62.08133742881208 -3.5
      vertex 87.92700322891129 62.39431904221777 -3.5
      vertex 87.92700322891129 62.39431904221777 7.5
    endloop
  endfacet
  facet normal 0.09801714032956102 -0.9951847266721968 0
    outer loop
      vertex 87.92700322891129 62.39431904221777 -3.5
      vertex 89 62.5 -3.5
      vertex 89 62.5 7.5
    endloop
  endfacet
  facet normal -0.09801714032956102 -0.9951847266721968 0
    outer loop
      vertex 89 62.5 -3.5
      vertex 90.07299677108871 62.39431904221777 -3.5
      vertex 90.07299677108871 62.39431904221777 7.5
    endloop
  endfacet
  facet normal -0.2902846772544618 -0.9569403357322092 0
    outer loop
      vertex 91.104758878008 62.08133742881208 -3.5
      vertex 91.104758878008 62.08133742881208 7.5
      vertex 90.07299677108871 62.39431904221777 -3.5
    endloop
  endfacet
  facet normal -0.4713967368259975 -0.8819212643483552 0
    outer loop
      vertex 91.104758878008 62.08133742881208 -3.5
      vertex 92.05563628160782 61.573082867664 -3.5
      vertex 92.05563628160782 61.573082867664 7.5
    endloop
  endfacet
  facet normal -0.634393284163645 0.7730104533627374 0
    outer loop
      vertex 92.05563628160782 52.426917132336 -3.5
      vertex 92.05563628160782 52.426917132336 7.5
      vertex 92.88908729652601 53.110912703473986 -3.5
    endloop
  endfacet
  facet normal -0.7730104533627401 0.6343932841636417 0
    outer loop
      vertex 92.88908729652601 53.110912703473986 -3.5
      vertex 92.88908729652601 53.110912703473986 7.5
      vertex 93.573082867664 53.94436371839219 -3.5
    endloop
  endfacet
  facet normal -0.8819212643483552 0.4713967368259975 0
    outer loop
      vertex 93.573082867664 53.94436371839219 -3.5
      vertex 93.573082867664 53.94436371839219 7.5
      vertex 94.08133742881208 54.89524112199201 -3.5
    endloop
  endfacet
  facet normal -0.9569403357322073 0.29028467725446777 0
    outer loop
      vertex 94.08133742881208 54.89524112199201 -3.5
      vertex 94.08133742881208 54.89524112199201 7.5
      vertex 94.39431904221777 55.927003228911296 -3.5
    endloop
  endfacet
  facet normal -0.9951847266721974 0.09801714032955512 0
    outer loop
      vertex 94.39431904221777 55.927003228911296 -3.5
      vertex 94.39431904221777 55.927003228911296 7.5
      vertex 94.5 57 -3.5
    endloop
  endfacet
  facet normal -0.9951847266721974 -0.09801714032955512 0
    outer loop
      vertex 94.5 57 -3.5
      vertex 94.5 57 7.5
      vertex 94.39431904221777 58.072996771088704 -3.5
    endloop
  endfacet
  facet normal -0.9569403357322073 -0.29028467725446777 0
    outer loop
      vertex 94.39431904221777 58.072996771088704 -3.5
      vertex 94.39431904221777 58.072996771088704 7.5
      vertex 94.08133742881208 59.10475887800799 -3.5
    endloop
  endfacet
  facet normal -0.7730104533627401 -0.6343932841636417 0
    outer loop
      vertex 93.573082867664 60.05563628160781 -3.5
      vertex 93.573082867664 60.05563628160781 7.5
      vertex 92.88908729652601 60.889087296526014 -3.5
    endloop
  endfacet
  facet normal -0.634393284163645 -0.7730104533627374 0
    outer loop
      vertex 92.05563628160782 61.573082867664 -3.5
      vertex 92.88908729652601 60.889087296526014 -3.5
      vertex 92.88908729652601 60.889087296526014 7.5
    endloop
  endfacet
  facet normal -0.8819212643483552 -0.4713967368259975 0
    outer loop
      vertex 94.08133742881208 59.10475887800799 -3.5
      vertex 94.08133742881208 59.10475887800799 7.5
      vertex 93.573082867664 60.05563628160781 -3.5
    endloop
  endfacet
  facet normal 0.8819212643483552 0.4713967368259975 0
    outer loop
      vertex 84.426917132336 53.94436371839219 -3.5
      vertex 83.91866257118792 54.89524112199201 7.5
      vertex 84.426917132336 53.94436371839219 7.5
    endloop
  endfacet
  facet normal 0.7730104533627401 0.6343932841636417 0
    outer loop
      vertex 85.11091270347399 53.110912703473986 -3.5
      vertex 84.426917132336 53.94436371839219 7.5
      vertex 85.11091270347399 53.110912703473986 7.5
    endloop
  endfacet
  facet normal 0.9569403357322073 0.29028467725446777 0
    outer loop
      vertex 83.91866257118792 54.89524112199201 -3.5
      vertex 83.60568095778223 55.927003228911296 7.5
      vertex 83.91866257118792 54.89524112199201 7.5
    endloop
  endfacet
  facet normal 0.9951847266721974 0.09801714032955512 0
    outer loop
      vertex 83.60568095778223 55.927003228911296 -3.5
      vertex 83.5 57 7.5
      vertex 83.60568095778223 55.927003228911296 7.5
    endloop
  endfacet
  facet normal 0.9951847266721974 -0.09801714032955512 0
    outer loop
      vertex 83.5 57 -3.5
      vertex 83.60568095778223 58.072996771088704 7.5
      vertex 83.5 57 7.5
    endloop
  endfacet
  facet normal 0.9569403357322073 -0.29028467725446777 0
    outer loop
      vertex 83.60568095778223 58.072996771088704 -3.5
      vertex 83.91866257118792 59.10475887800799 7.5
      vertex 83.60568095778223 58.072996771088704 7.5
    endloop
  endfacet
  facet normal 0.8819212643483552 -0.4713967368259975 0
    outer loop
      vertex 83.91866257118792 59.10475887800799 -3.5
      vertex 84.426917132336 60.05563628160781 7.5
      vertex 83.91866257118792 59.10475887800799 7.5
    endloop
  endfacet
  facet normal 0.7730104533627401 -0.6343932841636417 0
    outer loop
      vertex 84.426917132336 60.05563628160781 -3.5
      vertex 85.11091270347399 60.889087296526014 7.5
      vertex 84.426917132336 60.05563628160781 7.5
    endloop
  endfacet
  facet normal 0.634393284163645 0.7730104533627374 0
    outer loop
      vertex 85.94436371839218 52.426917132336 -3.5
      vertex 85.11091270347399 53.110912703473986 7.5
      vertex 85.94436371839218 52.426917132336 7.5
    endloop
  endfacet
  facet normal 0.4713967368259975 0.8819212643483552 0
    outer loop
      vertex 86.895241121992 51.91866257118792 -3.5
      vertex 85.94436371839218 52.426917132336 7.5
      vertex 86.895241121992 51.91866257118792 7.5
    endloop
  endfacet
  facet normal 0.2902846772544618 0.9569403357322092 0
    outer loop
      vertex 87.92700322891129 51.60568095778223 -3.5
      vertex 86.895241121992 51.91866257118792 7.5
      vertex 87.92700322891129 51.60568095778223 7.5
    endloop
  endfacet
  facet normal 0.09801714032956102 0.9951847266721968 0
    outer loop
      vertex 89 51.5 -3.5
      vertex 87.92700322891129 51.60568095778223 7.5
      vertex 89 51.5 7.5
    endloop
  endfacet
  facet normal -0.09801714032956102 0.9951847266721968 0
    outer loop
      vertex 90.07299677108871 51.60568095778223 -3.5
      vertex 89 51.5 7.5
      vertex 90.07299677108871 51.60568095778223 7.5
    endloop
  endfacet
  facet normal -0.2902846772544618 0.9569403357322092 0
    outer loop
      vertex 91.104758878008 51.91866257118792 -3.5
      vertex 90.07299677108871 51.60568095778223 7.5
      vertex 91.104758878008 51.91866257118792 7.5
    endloop
  endfacet
  facet normal -0.4713967368259975 0.8819212643483552 0
    outer loop
      vertex 92.05563628160782 52.426917132336 -3.5
      vertex 91.104758878008 51.91866257118792 7.5
      vertex 92.05563628160782 52.426917132336 7.5
    endloop
  endfacet
  facet normal 0.634393284163645 -0.7730104533627374 0
    outer loop
      vertex 85.11091270347399 60.889087296526014 -3.5
      vertex 85.94436371839218 61.573082867664 7.5
      vertex 85.11091270347399 60.889087296526014 7.5
    endloop
  endfacet
  facet normal 0.4713967368259975 -0.8819212643483552 0
    outer loop
      vertex 85.94436371839218 61.573082867664 -3.5
      vertex 86.895241121992 62.08133742881208 7.5
      vertex 85.94436371839218 61.573082867664 7.5
    endloop
  endfacet
  facet normal 0.2902846772544618 -0.9569403357322092 0
    outer loop
      vertex 86.895241121992 62.08133742881208 -3.5
      vertex 87.92700322891129 62.39431904221777 7.5
      vertex 86.895241121992 62.08133742881208 7.5
    endloop
  endfacet
  facet normal 0.09801714032956102 -0.9951847266721968 0
    outer loop
      vertex 87.92700322891129 62.39431904221777 -3.5
      vertex 89 62.5 7.5
      vertex 87.92700322891129 62.39431904221777 7.5
    endloop
  endfacet
  facet normal -0.09801714032956102 -0.9951847266721968 0
    outer loop
      vertex 89 62.5 -3.5
      vertex 90.07299677108871 62.39431904221777 7.5
      vertex 89 62.5 7.5
    endloop
  endfacet
  facet normal -0.2902846772544618 -0.9569403357322092 0
    outer loop
      vertex 90.07299677108871 62.39431904221777 -3.5
      vertex 91.104758878008 62.08133742881208 7.5
      vertex 90.07299677108871 62.39431904221777 7.5
    endloop
  endfacet
  facet normal -0.4713967368259975 -0.8819212643483552 0
    outer loop
      vertex 91.104758878008 62.08133742881208 -3.5
      vertex 92.05563628160782 61.573082867664 7.5
      vertex 91.104758878008 62.08133742881208 7.5
    endloop
  endfacet
  facet normal -0.634393284163645 0.7730104533627374 0
    outer loop
      vertex 92.88908729652601 53.110912703473986 -3.5
      vertex 92.05563628160782 52.426917132336 7.5
      vertex 92.88908729652601 53.110912703473986 7.5
    endloop
  endfacet
  facet normal -0.7730104533627401 0.6343932841636417 0
    outer loop
      vertex 93.573082867664 53.94436371839219 -3.5
      vertex 92.88908729652601 53.110912703473986 7.5
      vertex 93.573082867664 53.94436371839219 7.5
    endloop
  endfacet
  facet normal -0.8819212643483552 0.4713967368259975 0
    outer loop
      vertex 94.08133742881208 54.89524112199201 -3.5
      vertex 93.573082867664 53.94436371839219 7.5
      vertex 94.08133742881208 54.89524112199201 7.5
    endloop
  endfacet
  facet normal -0.9569403357322073 0.29028467725446777 0
    outer loop
      vertex 94.39431904221777 55.927003228911296 -3.5
      vertex 94.08133742881208 54.89524112199201 7.5
      vertex 94.39431904221777 55.927003228911296 7.5
    endloop
  endfacet
  facet normal -0.9951847266721974 0.09801714032955512 0
    outer loop
      vertex 94.5 57 -3.5
      vertex 94.39431904221777 55.927003228911296 7.5
      vertex 94.5 57 7.5
    endloop
  endfacet
  facet normal -0.9951847266721974 -0.09801714032955512 0
    outer loop
      vertex 94.39431904221777 58.072996771088704 -3.5
      vertex 94.5 57 7.5
      vertex 94.39431904221777 58.072996771088704 7.5
    endloop
  endfacet
  facet normal -0.9569403357322073 -0.29028467725446777 0
    outer loop
      vertex 94.08133742881208 59.10475887800799 -3.5
      vertex 94.39431904221777 58.072996771088704 7.5
      vertex 94.08133742881208 59.10475887800799 7.5
    endloop
  endfacet
  facet normal -0.7730104533627401 -0.6343932841636417 0
    outer loop
      vertex 92.88908729652601 60.889087296526014 -3.5
      vertex 93.573082867664 60.05563628160781 7.5
      vertex 92.88908729652601 60.889087296526014 7.5
    endloop
  endfacet
  facet normal -0.634393284163645 -0.7730104533627374 0
    outer loop
      vertex 92.05563628160782 61.573082867664 -3.5
      vertex 92.88908729652601 60.889087296526014 7.5
      vertex 92.05563628160782 61.573082867664 7.5
    endloop
  endfacet
  facet normal -0.8819212643483552 -0.4713967368259975 0
    outer loop
      vertex 93.573082867664 60.05563628160781 -3.5
      vertex 94.08133742881208 59.10475887800799 7.5
      vertex 93.573082867664 60.05563628160781 7.5
    endloop
  endfacet
  facet normal 0 0 1
    outer loop
      vertex -5.394319042217767 -58.072996771088704 -3.5
      vertex -5.081337428812077 -59.10475887800799 -3.5
      vertex -5.081337428812077 -54.89524112199201 -3.5
    endloop
  endfacet
  facet normal 0 0 1
    outer loop
      vertex -5.394319042217767 -58.072996771088704 -3.5
      vertex -5.394319042217767 -55.927003228911296 -3.5
      vertex -5.5 -57 -3.5
    endloop
  endfacet
  facet normal 0 0 1
    outer loop
      vertex -5.394319042217767 -58.072996771088704 -3.5
      vertex -5.081337428812077 -54.89524112199201 -3.5
      vertex -5.394319042217767 -55.927003228911296 -3.5
    endloop
  endfacet
  facet normal 0 0 1
    outer loop
      vertex -3.8890872965260117 -60.889087296526014 -3.5
      vertex -3.8890872965260117 -53.110912703473986 -3.5
      vertex -4.573082867663999 -60.05563628160781 -3.5
    endloop
  endfacet
  facet normal 0 0 1
    outer loop
      vertex -3.8890872965260117 -60.889087296526014 -3.5
      vertex -3.055636281607812 -61.573082867664 -3.5
      vertex -3.055636281607812 -52.426917132336 -3.5
    endloop
  endfacet
  facet normal 0 0 1
    outer loop
      vertex -4.573082867663999 -60.05563628160781 -3.5
      vertex -4.573082867663999 -53.94436371839219 -3.5
      vertex -5.081337428812077 -59.10475887800799 -3.5
    endloop
  endfacet
  facet normal 0 0 1
    outer loop
      vertex -2.1047588780079938 -62.08133742881208 -3.5
      vertex -1.4142135623730951 -58.41421356237309 -3.5
      vertex -1.6629392246050905 -58.1111404660392 -3.5
    endloop
  endfacet
  facet normal 0 0 1
    outer loop
      vertex -2.1047588780079938 -62.08133742881208 -3.5
      vertex -1.0729967710887054 -62.39431904221777 -3.5
      vertex -0.7653668647301796 -58.84775906502257 -3.5
    endloop
  endfacet
  facet normal 0 0 1
    outer loop
      vertex -1.0729967710887054 -62.39431904221777 -3.5
      vertex 0 -62.5 -3.5
      vertex 0 -59 -3.5
    endloop
  endfacet
  facet normal 0 0 1
    outer loop
      vertex -2.1047588780079938 -62.08133742881208 -3.5
      vertex -0.7653668647301796 -58.84775906502257 -3.5
      vertex -1.1111404660392044 -58.66293922460509 -3.5
    endloop
  endfacet
  facet normal 0 0 1
    outer loop
      vertex -2.1047588780079938 -62.08133742881208 -3.5
      vertex -1.1111404660392044 -58.66293922460509 -3.5
      vertex -1.4142135623730951 -58.41421356237309 -3.5
    endloop
  endfacet
  facet normal 0 0 1
    outer loop
      vertex -1.0729967710887054 -62.39431904221777 -3.5
      vertex -0.3901806440322565 -58.961570560806464 -3.5
      vertex -0.7653668647301796 -58.84775906502257 -3.5
    endloop
  endfacet
  facet normal 0 0 1
    outer loop
      vertex -1.0729967710887054 -62.39431904221777 -3.5
      vertex 0 -59 -3.5
      vertex -0.3901806440322565 -58.961570560806464 -3.5
    endloop
  endfacet
  facet normal 0 0 1
    outer loop
      vertex -2.1047588780079938 -62.08133742881208 -3.5
      vertex -1.6629392246050905 -58.1111404660392 -3.5
      vertex -1.8477590650225735 -57.76536686473018 -3.5
    endloop
  endfacet
  facet normal 0 0 1
    outer loop
      vertex -2.1047588780079938 -62.08133742881208 -3.5
      vertex -1.8477590650225735 -57.76536686473018 -3.5
      vertex -1.9615705608064609 -57.390180644032256 -3.5
    endloop
  endfacet
  facet normal 0 0 1
    outer loop
      vertex -2.1047588780079938 -62.08133742881208 -3.5
      vertex -1.9615705608064609 -57.390180644032256 -3.5
      vertex -2 -57 -3.5
    endloop
  endfacet
  facet normal 0 0 1
    outer loop
      vertex -3.055636281607812 -61.573082867664 -3.5
      vertex -2.1047588780079938 -62.08133742881208 -3.5
      vertex -2.1047588780079938 -51.91866257118792 -3.5
    endloop
  endfacet
  facet normal 0 0 1
    outer loop
      vertex -2.1047588780079938 -62.08133742881208 -3.5
      vertex -2 -57 -3.5
      vertex -2.1047588780079938 -51.91866257118792 -3.5
    endloop
  endfacet
  facet normal 0 0 1
    outer loop
      vertex -5.081337428812077 -59.10475887800799 -3.5
      vertex -4.573082867663999 -53.94436371839219 -3.5
      vertex -5.081337428812077 -54.89524112199201 -3.5
    endloop
  endfacet
  facet normal 0 0 1
    outer loop
      vertex -4.573082867663999 -60.05563628160781 -3.5
      vertex -3.8890872965260117 -53.110912703473986 -3.5
      vertex -4.573082867663999 -53.94436371839219 -3.5
    endloop
  endfacet
  facet normal 0 0 1
    outer loop
      vertex -3.8890872965260117 -60.889087296526014 -3.5
      vertex -3.055636281607812 -52.426917132336 -3.5
      vertex -3.8890872965260117 -53.110912703473986 -3.5
    endloop
  endfacet
  facet normal 0 0 1
    outer loop
      vertex -3.055636281607812 -61.573082867664 -3.5
      vertex -2.1047588780079938 -51.91866257118792 -3.5
      vertex -3.055636281607812 -52.426917132336 -3.5
    endloop
  endfacet
  facet normal 0 0 1
    outer loop
      vertex -2 -57 -3.5
      vertex -1.9615705608064609 -56.609819355967744 -3.5
      vertex -2.1047588780079938 -51.91866257118792 -3.5
    endloop
  endfacet
  facet normal 0 0 1
    outer loop
      vertex -1.9615705608064609 -56.609819355967744 -3.5
      vertex -1.8477590650225735 -56.23463313526982 -3.5
      vertex -2.1047588780079938 -51.91866257118792 -3.5
    endloop
  endfacet
  facet normal 0 0 1
    outer loop
      vertex -1.8477590650225735 -56.23463313526982 -3.5
      vertex -1.6629392246050905 -55.8888595339608 -3.5
      vertex -2.1047588780079938 -51.91866257118792 -3.5
    endloop
  endfacet
  facet normal 0 0 1
    outer loop
      vertex -1.6629392246050905 -55.8888595339608 -3.5
      vertex -1.4142135623730951 -55.58578643762691 -3.5
      vertex -1.0729967710887054 -51.60568095778223 -3.5
    endloop
  endfacet
  facet normal 0 0 1
    outer loop
      vertex -1.4142135623730951 -55.58578643762691 -3.5
      vertex -1.1111404660392044 -55.33706077539491 -3.5
      vertex -1.0729967710887054 -51.60568095778223 -3.5
    endloop
  endfacet
  facet normal 0 0 1
    outer loop
      vertex -1.1111404660392044 -55.33706077539491 -3.5
      vertex -0.7653668647301796 -55.15224093497743 -3.5
      vertex -1.0729967710887054 -51.60568095778223 -3.5
    endloop
  endfacet
  facet normal 0 0 1
    outer loop
      vertex -1.6629392246050905 -55.8888595339608 -3.5
      vertex -1.0729967710887054 -51.60568095778223 -3.5
      vertex -2.1047588780079938 -51.91866257118792 -3.5
    endloop
  endfacet
  facet normal 0 0 1
    outer loop
      vertex -0.7653668647301796 -55.15224093497743 -3.5
      vertex -0.3901806440322565 -55.038429439193536 -3.5
      vertex -1.0729967710887054 -51.60568095778223 -3.5
    endloop
  endfacet
  facet normal 0 0 1
    outer loop
      vertex -0.3901806440322565 -55.038429439193536 -3.5
      vertex 0 -55 -3.5
      vertex 0 -51.5 -3.5
    endloop
  endfacet
  facet normal 0 0 1
    outer loop
      vertex -0.3901806440322565 -55.038429439193536 -3.5
      vertex 0 -51.5 -3.5
      vertex -1.0729967710887054 -51.60568095778223 -3.5
    endloop
  endfacet
  facet normal 0.6343932841636436 0.7730104533627385 0
    outer loop
      vertex -3.8890872965260117 -60.889087296526014 -3.5
      vertex -3.8890872965260117 -60.889087296526014 7.5
      vertex -3.055636281607812 -61.573082867664 -3.5
    endloop
  endfacet
  facet normal 0.773010453362739 0.6343932841636433 0
    outer loop
      vertex -3.8890872965260117 -60.889087296526014 -3.5
      vertex -4.573082867663999 -60.05563628160781 -3.5
      vertex -4.573082867663999 -60.05563628160781 7.5
    endloop
  endfacet
  facet normal 0.8819212643483552 0.4713967368259975 0
    outer loop
      vertex -4.573082867663999 -60.05563628160781 -3.5
      vertex -5.081337428812077 -59.10475887800799 -3.5
      vertex -5.081337428812077 -59.10475887800799 7.5
    endloop
  endfacet
  facet normal 0.9569403357322088 0.2902846772544625 0
    outer loop
      vertex -5.394319042217767 -58.072996771088704 -3.5
      vertex -5.394319042217767 -58.072996771088704 7.5
      vertex -5.081337428812077 -59.10475887800799 -3.5
    endloop
  endfacet
  facet normal 0.9951847266721968 0.09801714032956084 0
    outer loop
      vertex -5.394319042217767 -58.072996771088704 -3.5
      vertex -5.5 -57 -3.5
      vertex -5.5 -57 7.5
    endloop
  endfacet
  facet normal 0.9951847266721968 -0.09801714032956084 0
    outer loop
      vertex -5.5 -57 -3.5
      vertex -5.394319042217767 -55.927003228911296 -3.5
      vertex -5.394319042217767 -55.927003228911296 7.5
    endloop
  endfacet
  facet normal 0.4713967368259977 0.881921264348355 0
    outer loop
      vertex -3.055636281607812 -61.573082867664 -3.5
      vertex -3.055636281607812 -61.573082867664 7.5
      vertex -2.1047588780079938 -62.08133742881208 -3.5
    endloop
  endfacet
  facet normal 0.29028467725446166 0.9569403357322089 0
    outer loop
      vertex -2.1047588780079938 -62.08133742881208 -3.5
      vertex -2.1047588780079938 -62.08133742881208 7.5
      vertex -1.0729967710887054 -62.39431904221777 -3.5
    endloop
  endfacet
  facet normal 0.09801714032956152 0.9951847266721968 0
    outer loop
      vertex -1.0729967710887054 -62.39431904221777 -3.5
      vertex -1.0729967710887054 -62.39431904221777 7.5
      vertex 0 -62.5 -3.5
    endloop
  endfacet
  facet normal 0.9569403357322088 -0.2902846772544625 0
    outer loop
      vertex -5.394319042217767 -55.927003228911296 -3.5
      vertex -5.081337428812077 -54.89524112199201 -3.5
      vertex -5.081337428812077 -54.89524112199201 7.5
    endloop
  endfacet
  facet normal 0.8819212643483552 -0.4713967368259975 0
    outer loop
      vertex -5.081337428812077 -54.89524112199201 -3.5
      vertex -4.573082867663999 -53.94436371839219 -3.5
      vertex -4.573082867663999 -53.94436371839219 7.5
    endloop
  endfacet
  facet normal 0.773010453362739 -0.6343932841636433 0
    outer loop
      vertex -4.573082867663999 -53.94436371839219 -3.5
      vertex -3.8890872965260117 -53.110912703473986 -3.5
      vertex -3.8890872965260117 -53.110912703473986 7.5
    endloop
  endfacet
  facet normal 0.6343932841636436 -0.7730104533627385 0
    outer loop
      vertex -3.8890872965260117 -53.110912703473986 -3.5
      vertex -3.055636281607812 -52.426917132336 -3.5
      vertex -3.055636281607812 -52.426917132336 7.5
    endloop
  endfacet
  facet normal 0.4713967368259977 -0.881921264348355 0
    outer loop
      vertex -3.055636281607812 -52.426917132336 -3.5
      vertex -2.1047588780079938 -51.91866257118792 -3.5
      vertex -2.1047588780079938 -51.91866257118792 7.5
    endloop
  endfacet
  facet normal 0.29028467725446166 -0.9569403357322089 0
    outer loop
      vertex -2.1047588780079938 -51.91866257118792 -3.5
      vertex -1.0729967710887054 -51.60568095778223 -3.5
      vertex -1.0729967710887054 -51.60568095778223 7.5
    endloop
  endfacet
  facet normal 0.09801714032956152 -0.9951847266721968 0
    outer loop
      vertex -1.0729967710887054 -51.60568095778223 -3.5
      vertex 0 -51.5 -3.5
      vertex 0 -51.5 7.5
    endloop
  endfacet
  facet normal 0.6343932841636436 0.7730104533627385 0
    outer loop
      vertex -3.055636281607812 -61.573082867664 -3.5
      vertex -3.8890872965260117 -60.889087296526014 7.5
      vertex -3.055636281607812 -61.573082867664 7.5
    endloop
  endfacet
  facet normal 0.773010453362739 0.6343932841636433 0
    outer loop
      vertex -3.8890872965260117 -60.889087296526014 -3.5
      vertex -4.573082867663999 -60.05563628160781 7.5
      vertex -3.8890872965260117 -60.889087296526014 7.5
    endloop
  endfacet
  facet normal 0.8819212643483552 0.4713967368259975 0
    outer loop
      vertex -4.573082867663999 -60.05563628160781 -3.5
      vertex -5.081337428812077 -59.10475887800799 7.5
      vertex -4.573082867663999 -60.05563628160781 7.5
    endloop
  endfacet
  facet normal 0.9569403357322088 0.2902846772544625 0
    outer loop
      vertex -5.081337428812077 -59.10475887800799 -3.5
      vertex -5.394319042217767 -58.072996771088704 7.5
      vertex -5.081337428812077 -59.10475887800799 7.5
    endloop
  endfacet
  facet normal 0.9951847266721968 0.09801714032956084 0
    outer loop
      vertex -5.394319042217767 -58.072996771088704 -3.5
      vertex -5.5 -57 7.5
      vertex -5.394319042217767 -58.072996771088704 7.5
    endloop
  endfacet
  facet normal 0.9951847266721968 -0.09801714032956084 0
    outer loop
      vertex -5.5 -57 -3.5
      vertex -5.394319042217767 -55.927003228911296 7.5
      vertex -5.5 -57 7.5
    endloop
  endfacet
  facet normal 0.4713967368259977 0.881921264348355 0
    outer loop
      vertex -2.1047588780079938 -62.08133742881208 -3.5
      vertex -3.055636281607812 -61.573082867664 7.5
      vertex -2.1047588780079938 -62.08133742881208 7.5
    endloop
  endfacet
  facet normal 0.29028467725446166 0.9569403357322089 0
    outer loop
      vertex -1.0729967710887054 -62.39431904221777 -3.5
      vertex -2.1047588780079938 -62.08133742881208 7.5
      vertex -1.0729967710887054 -62.39431904221777 7.5
    endloop
  endfacet
  facet normal 0.09801714032956152 0.9951847266721968 0
    outer loop
      vertex 0 -62.5 -3.5
      vertex -1.0729967710887054 -62.39431904221777 7.5
      vertex 0 -62.5 7.5
    endloop
  endfacet
  facet normal 0.9569403357322088 -0.2902846772544625 0
    outer loop
      vertex -5.394319042217767 -55.927003228911296 -3.5
      vertex -5.081337428812077 -54.89524112199201 7.5
      vertex -5.394319042217767 -55.927003228911296 7.5
    endloop
  endfacet
  facet normal 0.8819212643483552 -0.4713967368259975 0
    outer loop
      vertex -5.081337428812077 -54.89524112199201 -3.5
      vertex -4.573082867663999 -53.94436371839219 7.5
      vertex -5.081337428812077 -54.89524112199201 7.5
    endloop
  endfacet
  facet normal 0.773010453362739 -0.6343932841636433 0
    outer loop
      vertex -4.573082867663999 -53.94436371839219 -3.5
      vertex -3.8890872965260117 -53.110912703473986 7.5
      vertex -4.573082867663999 -53.94436371839219 7.5
    endloop
  endfacet
  facet normal 0.6343932841636436 -0.7730104533627385 0
    outer loop
      vertex -3.8890872965260117 -53.110912703473986 -3.5
      vertex -3.055636281607812 -52.426917132336 7.5
      vertex -3.8890872965260117 -53.110912703473986 7.5
    endloop
  endfacet
  facet normal 0.4713967368259977 -0.881921264348355 0
    outer loop
      vertex -3.055636281607812 -52.426917132336 -3.5
      vertex -2.1047588780079938 -51.91866257118792 7.5
      vertex -3.055636281607812 -52.426917132336 7.5
    endloop
  endfacet
  facet normal 0.29028467725446166 -0.9569403357322089 0
    outer loop
      vertex -2.1047588780079938 -51.91866257118792 -3.5
      vertex -1.0729967710887054 -51.60568095778223 7.5
      vertex -2.1047588780079938 -51.91866257118792 7.5
    endloop
  endfacet
  facet normal 0.09801714032956152 -0.9951847266721968 0
    outer loop
      vertex -1.0729967710887054 -51.60568095778223 -3.5
      vertex 0 -51.5 7.5
      vertex -1.0729967710887054 -51.60568095778223 7.5
    endloop
  endfacet
  facet normal 0 0 1
    outer loop
      vertex 0 -62.5 -3.5
      vertex 1.0729967710887054 -62.39431904221777 -3.5
      vertex 0.3901806440322565 -58.961570560806464 -3.5
    endloop
  endfacet
  facet normal 0 0 1
    outer loop
      vertex 0 -62.5 -3.5
      vertex 0.3901806440322565 -58.961570560806464 -3.5
      vertex 0 -59 -3.5
    endloop
  endfacet
  facet normal 0 0 1
    outer loop
      vertex 1.0729967710887054 -62.39431904221777 -3.5
      vertex 0.7653668647301796 -58.84775906502257 -3.5
      vertex 0.3901806440322565 -58.961570560806464 -3.5
    endloop
  endfacet
  facet normal 0 0 1
    outer loop
      vertex 1.0729967710887054 -62.39431904221777 -3.5
      vertex 2.1047588780079938 -62.08133742881208 -3.5
      vertex 1.6629392246050905 -58.1111404660392 -3.5
    endloop
  endfacet
  facet normal 0 0 1
    outer loop
      vertex 1.0729967710887054 -62.39431904221777 -3.5
      vertex 1.1111404660392044 -58.66293922460509 -3.5
      vertex 0.7653668647301796 -58.84775906502257 -3.5
    endloop
  endfacet
  facet normal 0 0 1
    outer loop
      vertex 1.0729967710887054 -62.39431904221777 -3.5
      vertex 1.4142135623730951 -58.41421356237309 -3.5
      vertex 1.1111404660392044 -58.66293922460509 -3.5
    endloop
  endfacet
  facet normal 0 0 1
    outer loop
      vertex 1.0729967710887054 -62.39431904221777 -3.5
      vertex 1.6629392246050905 -58.1111404660392 -3.5
      vertex 1.4142135623730951 -58.41421356237309 -3.5
    endloop
  endfacet
  facet normal 0 0 1
    outer loop
      vertex 2.1047588780079938 -62.08133742881208 -3.5
      vertex 1.8477590650225735 -57.76536686473018 -3.5
      vertex 1.6629392246050905 -58.1111404660392 -3.5
    endloop
  endfacet
  facet normal 0 0 1
    outer loop
      vertex 2.1047588780079938 -62.08133742881208 -3.5
      vertex 1.9615705608064609 -57.390180644032256 -3.5
      vertex 1.8477590650225735 -57.76536686473018 -3.5
    endloop
  endfacet
  facet normal 0 0 1
    outer loop
      vertex 2.1047588780079938 -62.08133742881208 -3.5
      vertex 2 -57 -3.5
      vertex 1.9615705608064609 -57.390180644032256 -3.5
    endloop
  endfacet
  facet normal 0 0 1
    outer loop
      vertex 2.1047588780079938 -62.08133742881208 -3.5
      vertex 3.055636281607812 -61.573082867664 -3.5
      vertex 3.055636281607812 -52.426917132336 -3.5
    endloop
  endfacet
  facet normal 0 0 1
    outer loop
      vertex 2.1047588780079938 -62.08133742881208 -3.5
      vertex 2.1047588780079938 -51.91866257118792 -3.5
      vertex 2 -57 -3.5
    endloop
  endfacet
  facet normal 0 0 1
    outer loop
      vertex 3.055636281607812 -61.573082867664 -3.5
      vertex 3.8890872965260117 -60.889087296526014 -3.5
      vertex 3.8890872965260117 -53.110912703473986 -3.5
    endloop
  endfacet
  facet normal 0 0 1
    outer loop
      vertex 3.8890872965260117 -60.889087296526014 -3.5
      vertex 4.573082867663999 -60.05563628160781 -3.5
      vertex 4.573082867663999 -53.94436371839219 -3.5
    endloop
  endfacet
  facet normal 0 0 1
    outer loop
      vertex 4.573082867663999 -60.05563628160781 -3.5
      vertex 5.081337428812077 -59.10475887800799 -3.5
      vertex 5.081337428812077 -54.89524112199201 -3.5
    endloop
  endfacet
  facet normal 0 0 1
    outer loop
      vertex 4.573082867663999 -60.05563628160781 -3.5
      vertex 5.081337428812077 -54.89524112199201 -3.5
      vertex 4.573082867663999 -53.94436371839219 -3.5
    endloop
  endfacet
  facet normal 0 0 1
    outer loop
      vertex 5.081337428812077 -59.10475887800799 -3.5
      vertex 5.394319042217767 -58.072996771088704 -3.5
      vertex 5.394319042217767 -55.927003228911296 -3.5
    endloop
  endfacet
  facet normal 0 0 1
    outer loop
      vertex 5.081337428812077 -59.10475887800799 -3.5
      vertex 5.394319042217767 -55.927003228911296 -3.5
      vertex 5.081337428812077 -54.89524112199201 -3.5
    endloop
  endfacet
  facet normal 0 0 1
    outer loop
      vertex 5.394319042217767 -58.072996771088704 -3.5
      vertex 5.5 -57 -3.5
      vertex 5.394319042217767 -55.927003228911296 -3.5
    endloop
  endfacet
  facet normal 0 0 1
    outer loop
      vertex 0.7653668647301796 -55.15224093497743 -3.5
      vertex 1.0729967710887054 -51.60568095778223 -3.5
      vertex 0.3901806440322565 -55.038429439193536 -3.5
    endloop
  endfacet
  facet normal 0 0 1
    outer loop
      vertex 0 -55 -3.5
      vertex 0.3901806440322565 -55.038429439193536 -3.5
      vertex 1.0729967710887054 -51.60568095778223 -3.5
    endloop
  endfacet
  facet normal 0 0 1
    outer loop
      vertex 0.7653668647301796 -55.15224093497743 -3.5
      vertex 1.1111404660392044 -55.33706077539491 -3.5
      vertex 2.1047588780079938 -51.91866257118792 -3.5
    endloop
  endfacet
  facet normal 0 0 1
    outer loop
      vertex 1.4142135623730951 -55.58578643762691 -3.5
      vertex 2.1047588780079938 -51.91866257118792 -3.5
      vertex 1.1111404660392044 -55.33706077539491 -3.5
    endloop
  endfacet
  facet normal 0 0 1
    outer loop
      vertex 2.1047588780079938 -62.08133742881208 -3.5
      vertex 3.055636281607812 -52.426917132336 -3.5
      vertex 2.1047588780079938 -51.91866257118792 -3.5
    endloop
  endfacet
  facet normal 0 0 1
    outer loop
      vertex 2 -57 -3.5
      vertex 2.1047588780079938 -51.91866257118792 -3.5
      vertex 1.9615705608064609 -56.609819355967744 -3.5
    endloop
  endfacet
  facet normal 0 0 1
    outer loop
      vertex 1.9615705608064609 -56.609819355967744 -3.5
      vertex 2.1047588780079938 -51.91866257118792 -3.5
      vertex 1.8477590650225735 -56.23463313526982 -3.5
    endloop
  endfacet
  facet normal 0 0 1
    outer loop
      vertex 1.4142135623730951 -55.58578643762691 -3.5
      vertex 1.6629392246050905 -55.8888595339608 -3.5
      vertex 2.1047588780079938 -51.91866257118792 -3.5
    endloop
  endfacet
  facet normal 0 0 1
    outer loop
      vertex 1.6629392246050905 -55.8888595339608 -3.5
      vertex 1.8477590650225735 -56.23463313526982 -3.5
      vertex 2.1047588780079938 -51.91866257118792 -3.5
    endloop
  endfacet
  facet normal 0 0 1
    outer loop
      vertex 0 -55 -3.5
      vertex 1.0729967710887054 -51.60568095778223 -3.5
      vertex 0 -51.5 -3.5
    endloop
  endfacet
  facet normal 0 0 1
    outer loop
      vertex 0.7653668647301796 -55.15224093497743 -3.5
      vertex 2.1047588780079938 -51.91866257118792 -3.5
      vertex 1.0729967710887054 -51.60568095778223 -3.5
    endloop
  endfacet
  facet normal 0 0 1
    outer loop
      vertex 3.055636281607812 -61.573082867664 -3.5
      vertex 3.8890872965260117 -53.110912703473986 -3.5
      vertex 3.055636281607812 -52.426917132336 -3.5
    endloop
  endfacet
  facet normal 0 0 1
    outer loop
      vertex 3.8890872965260117 -60.889087296526014 -3.5
      vertex 4.573082867663999 -53.94436371839219 -3.5
      vertex 3.8890872965260117 -53.110912703473986 -3.5
    endloop
  endfacet
  facet normal -0.09801714032956152 0.9951847266721968 0
    outer loop
      vertex 0 -62.5 -3.5
      vertex 0 -62.5 7.5
      vertex 1.0729967710887054 -62.39431904221777 -3.5
    endloop
  endfacet
  facet normal -0.29028467725446166 0.9569403357322089 0
    outer loop
      vertex 1.0729967710887054 -62.39431904221777 -3.5
      vertex 1.0729967710887054 -62.39431904221777 7.5
      vertex 2.1047588780079938 -62.08133742881208 -3.5
    endloop
  endfacet
  facet normal -0.4713967368259977 0.881921264348355 0
    outer loop
      vertex 2.1047588780079938 -62.08133742881208 -3.5
      vertex 2.1047588780079938 -62.08133742881208 7.5
      vertex 3.055636281607812 -61.573082867664 -3.5
    endloop
  endfacet
  facet normal -0.6343932841636436 0.7730104533627385 0
    outer loop
      vertex 3.055636281607812 -61.573082867664 -3.5
      vertex 3.055636281607812 -61.573082867664 7.5
      vertex 3.8890872965260117 -60.889087296526014 -3.5
    endloop
  endfacet
  facet normal -0.773010453362739 0.6343932841636433 0
    outer loop
      vertex 3.8890872965260117 -60.889087296526014 -3.5
      vertex 3.8890872965260117 -60.889087296526014 7.5
      vertex 4.573082867663999 -60.05563628160781 -3.5
    endloop
  endfacet
  facet normal -0.8819212643483552 0.4713967368259975 0
    outer loop
      vertex 4.573082867663999 -60.05563628160781 -3.5
      vertex 4.573082867663999 -60.05563628160781 7.5
      vertex 5.081337428812077 -59.10475887800799 -3.5
    endloop
  endfacet
  facet normal -0.9569403357322088 0.2902846772544625 0
    outer loop
      vertex 5.081337428812077 -59.10475887800799 -3.5
      vertex 5.081337428812077 -59.10475887800799 7.5
      vertex 5.394319042217767 -58.072996771088704 -3.5
    endloop
  endfacet
  facet normal -0.9951847266721968 0.09801714032956084 0
    outer loop
      vertex 5.394319042217767 -58.072996771088704 -3.5
      vertex 5.394319042217767 -58.072996771088704 7.5
      vertex 5.5 -57 -3.5
    endloop
  endfacet
  facet normal -0.9951847266721968 -0.09801714032956084 0
    outer loop
      vertex 5.5 -57 -3.5
      vertex 5.5 -57 7.5
      vertex 5.394319042217767 -55.927003228911296 -3.5
    endloop
  endfacet
  facet normal -0.09801714032956152 -0.9951847266721968 0
    outer loop
      vertex 0 -51.5 -3.5
      vertex 1.0729967710887054 -51.60568095778223 -3.5
      vertex 1.0729967710887054 -51.60568095778223 7.5
    endloop
  endfacet
  facet normal -0.29028467725446166 -0.9569403357322089 0
    outer loop
      vertex 1.0729967710887054 -51.60568095778223 -3.5
      vertex 2.1047588780079938 -51.91866257118792 -3.5
      vertex 2.1047588780079938 -51.91866257118792 7.5
    endloop
  endfacet
  facet normal -0.4713967368259977 -0.881921264348355 0
    outer loop
      vertex 3.055636281607812 -52.426917132336 -3.5
      vertex 3.055636281607812 -52.426917132336 7.5
      vertex 2.1047588780079938 -51.91866257118792 -3.5
    endloop
  endfacet
  facet normal -0.8819212643483552 -0.4713967368259975 0
    outer loop
      vertex 5.081337428812077 -54.89524112199201 -3.5
      vertex 5.081337428812077 -54.89524112199201 7.5
      vertex 4.573082867663999 -53.94436371839219 -3.5
    endloop
  endfacet
  facet normal -0.773010453362739 -0.6343932841636433 0
    outer loop
      vertex 3.8890872965260117 -53.110912703473986 -3.5
      vertex 4.573082867663999 -53.94436371839219 -3.5
      vertex 4.573082867663999 -53.94436371839219 7.5
    endloop
  endfacet
  facet normal -0.9569403357322088 -0.2902846772544625 0
    outer loop
      vertex 5.394319042217767 -55.927003228911296 -3.5
      vertex 5.394319042217767 -55.927003228911296 7.5
      vertex 5.081337428812077 -54.89524112199201 -3.5
    endloop
  endfacet
  facet normal -0.6343932841636436 -0.7730104533627385 0
    outer loop
      vertex 3.055636281607812 -52.426917132336 -3.5
      vertex 3.8890872965260117 -53.110912703473986 -3.5
      vertex 3.8890872965260117 -53.110912703473986 7.5
    endloop
  endfacet
  facet normal -0.09801714032956152 0.9951847266721968 0
    outer loop
      vertex 1.0729967710887054 -62.39431904221777 -3.5
      vertex 0 -62.5 7.5
      vertex 1.0729967710887054 -62.39431904221777 7.5
    endloop
  endfacet
  facet normal -0.29028467725446166 0.9569403357322089 0
    outer loop
      vertex 2.1047588780079938 -62.08133742881208 -3.5
      vertex 1.0729967710887054 -62.39431904221777 7.5
      vertex 2.1047588780079938 -62.08133742881208 7.5
    endloop
  endfacet
  facet normal -0.4713967368259977 0.881921264348355 0
    outer loop
      vertex 3.055636281607812 -61.573082867664 -3.5
      vertex 2.1047588780079938 -62.08133742881208 7.5
      vertex 3.055636281607812 -61.573082867664 7.5
    endloop
  endfacet
  facet normal -0.6343932841636436 0.7730104533627385 0
    outer loop
      vertex 3.8890872965260117 -60.889087296526014 -3.5
      vertex 3.055636281607812 -61.573082867664 7.5
      vertex 3.8890872965260117 -60.889087296526014 7.5
    endloop
  endfacet
  facet normal -0.773010453362739 0.6343932841636433 0
    outer loop
      vertex 4.573082867663999 -60.05563628160781 -3.5
      vertex 3.8890872965260117 -60.889087296526014 7.5
      vertex 4.573082867663999 -60.05563628160781 7.5
    endloop
  endfacet
  facet normal -0.8819212643483552 0.4713967368259975 0
    outer loop
      vertex 5.081337428812077 -59.10475887800799 -3.5
      vertex 4.573082867663999 -60.05563628160781 7.5
      vertex 5.081337428812077 -59.10475887800799 7.5
    endloop
  endfacet
  facet normal -0.9569403357322088 0.2902846772544625 0
    outer loop
      vertex 5.394319042217767 -58.072996771088704 -3.5
      vertex 5.081337428812077 -59.10475887800799 7.5
      vertex 5.394319042217767 -58.072996771088704 7.5
    endloop
  endfacet
  facet normal -0.9951847266721968 0.09801714032956084 0
    outer loop
      vertex 5.5 -57 -3.5
      vertex 5.394319042217767 -58.072996771088704 7.5
      vertex 5.5 -57 7.5
    endloop
  endfacet
  facet normal -0.9951847266721968 -0.09801714032956084 0
    outer loop
      vertex 5.394319042217767 -55.927003228911296 -3.5
      vertex 5.5 -57 7.5
      vertex 5.394319042217767 -55.927003228911296 7.5
    endloop
  endfacet
  facet normal -0.29028467725446166 -0.9569403357322089 0
    outer loop
      vertex 1.0729967710887054 -51.60568095778223 -3.5
      vertex 2.1047588780079938 -51.91866257118792 7.5
      vertex 1.0729967710887054 -51.60568095778223 7.5
    endloop
  endfacet
  facet normal -0.09801714032956152 -0.9951847266721968 0
    outer loop
      vertex 0 -51.5 -3.5
      vertex 1.0729967710887054 -51.60568095778223 7.5
      vertex 0 -51.5 7.5
    endloop
  endfacet
  facet normal -0.4713967368259977 -0.881921264348355 0
    outer loop
      vertex 2.1047588780079938 -51.91866257118792 -3.5
      vertex 3.055636281607812 -52.426917132336 7.5
      vertex 2.1047588780079938 -51.91866257118792 7.5
    endloop
  endfacet
  facet normal -0.8819212643483552 -0.4713967368259975 0
    outer loop
      vertex 4.573082867663999 -53.94436371839219 -3.5
      vertex 5.081337428812077 -54.89524112199201 7.5
      vertex 4.573082867663999 -53.94436371839219 7.5
    endloop
  endfacet
  facet normal -0.773010453362739 -0.6343932841636433 0
    outer loop
      vertex 3.8890872965260117 -53.110912703473986 -3.5
      vertex 4.573082867663999 -53.94436371839219 7.5
      vertex 3.8890872965260117 -53.110912703473986 7.5
    endloop
  endfacet
  facet normal -0.9569403357322088 -0.2902846772544625 0
    outer loop
      vertex 5.081337428812077 -54.89524112199201 -3.5
      vertex 5.394319042217767 -55.927003228911296 7.5
      vertex 5.081337428812077 -54.89524112199201 7.5
    endloop
  endfacet
  facet normal -0.6343932841636436 -0.7730104533627385 0
    outer loop
      vertex 3.055636281607812 -52.426917132336 -3.5
      vertex 3.8890872965260117 -53.110912703473986 7.5
      vertex 3.055636281607812 -52.426917132336 7.5
    endloop
  endfacet
  facet normal 0 0 1
    outer loop
      vertex -4.573082867663999 53.94436371839219 -3.5
      vertex -3.8890872965260117 53.110912703473986 -3.5
      vertex -3.8890872965260117 60.889087296526014 -3.5
    endloop
  endfacet
  facet normal 0 0 1
    outer loop
      vertex -3.8890872965260117 53.110912703473986 -3.5
      vertex -3.055636281607812 52.426917132336 -3.5
      vertex -3.055636281607812 61.573082867664 -3.5
    endloop
  endfacet
  facet normal 0 0 1
    outer loop
      vertex -2.1047588780079938 51.91866257118792 -3.5
      vertex -1.0729967710887054 51.60568095778223 -3.5
      vertex -0.7653668647301796 55.15224093497743 -3.5
    endloop
  endfacet
  facet normal 0 0 1
    outer loop
      vertex -1.0729967710887054 51.60568095778223 -3.5
      vertex 0 51.5 -3.5
      vertex 0 55 -3.5
    endloop
  endfacet
  facet normal 0 0 1
    outer loop
      vertex -2.1047588780079938 51.91866257118792 -3.5
      vertex -1.6629392246050905 55.8888595339608 -3.5
      vertex -1.8477590650225735 56.23463313526982 -3.5
    endloop
  endfacet
  facet normal 0 0 1
    outer loop
      vertex -2.1047588780079938 51.91866257118792 -3.5
      vertex -1.4142135623730951 55.58578643762691 -3.5
      vertex -1.6629392246050905 55.8888595339608 -3.5
    endloop
  endfacet
  facet normal 0 0 1
    outer loop
      vertex -2.1047588780079938 51.91866257118792 -3.5
      vertex -1.8477590650225735 56.23463313526982 -3.5
      vertex -1.9615705608064609 56.609819355967744 -3.5
    endloop
  endfacet
  facet normal 0 0 1
    outer loop
      vertex -2.1047588780079938 51.91866257118792 -3.5
      vertex -1.9615705608064609 56.609819355967744 -3.5
      vertex -2 57 -3.5
    endloop
  endfacet
  facet normal 0 0 1
    outer loop
      vertex -2.1047588780079938 51.91866257118792 -3.5
      vertex -2.1047588780079938 62.08133742881208 -3.5
      vertex -3.055636281607812 52.426917132336 -3.5
    endloop
  endfacet
  facet normal 0 0 1
    outer loop
      vertex -2.1047588780079938 51.91866257118792 -3.5
      vertex -1.1111404660392044 55.33706077539491 -3.5
      vertex -1.4142135623730951 55.58578643762691 -3.5
    endloop
  endfacet
  facet normal 0 0 1
    outer loop
      vertex -2.1047588780079938 51.91866257118792 -3.5
      vertex -0.7653668647301796 55.15224093497743 -3.5
      vertex -1.1111404660392044 55.33706077539491 -3.5
    endloop
  endfacet
  facet normal 0 0 1
    outer loop
      vertex -1.0729967710887054 51.60568095778223 -3.5
      vertex 0 55 -3.5
      vertex -0.3901806440322565 55.038429439193536 -3.5
    endloop
  endfacet
  facet normal 0 0 1
    outer loop
      vertex -1.0729967710887054 51.60568095778223 -3.5
      vertex -0.3901806440322565 55.038429439193536 -3.5
      vertex -0.7653668647301796 55.15224093497743 -3.5
    endloop
  endfacet
  facet normal 0 0 1
    outer loop
      vertex -5.394319042217767 55.927003228911296 -3.5
      vertex -5.394319042217767 58.072996771088704 -3.5
      vertex -5.5 57 -3.5
    endloop
  endfacet
  facet normal 0 0 1
    outer loop
      vertex -5.081337428812077 54.89524112199201 -3.5
      vertex -5.081337428812077 59.10475887800799 -3.5
      vertex -5.394319042217767 55.927003228911296 -3.5
    endloop
  endfacet
  facet normal 0 0 1
    outer loop
      vertex -5.394319042217767 55.927003228911296 -3.5
      vertex -5.081337428812077 59.10475887800799 -3.5
      vertex -5.394319042217767 58.072996771088704 -3.5
    endloop
  endfacet
  facet normal 0 0 1
    outer loop
      vertex -4.573082867663999 53.94436371839219 -3.5
      vertex -4.573082867663999 60.05563628160781 -3.5
      vertex -5.081337428812077 54.89524112199201 -3.5
    endloop
  endfacet
  facet normal 0 0 1
    outer loop
      vertex -5.081337428812077 54.89524112199201 -3.5
      vertex -4.573082867663999 60.05563628160781 -3.5
      vertex -5.081337428812077 59.10475887800799 -3.5
    endloop
  endfacet
  facet normal 0 0 1
    outer loop
      vertex -4.573082867663999 53.94436371839219 -3.5
      vertex -3.8890872965260117 60.889087296526014 -3.5
      vertex -4.573082867663999 60.05563628160781 -3.5
    endloop
  endfacet
  facet normal 0 0 1
    outer loop
      vertex -3.8890872965260117 53.110912703473986 -3.5
      vertex -3.055636281607812 61.573082867664 -3.5
      vertex -3.8890872965260117 60.889087296526014 -3.5
    endloop
  endfacet
  facet normal 0 0 1
    outer loop
      vertex -2.1047588780079938 51.91866257118792 -3.5
      vertex -2 57 -3.5
      vertex -2.1047588780079938 62.08133742881208 -3.5
    endloop
  endfacet
  facet normal 0 0 1
    outer loop
      vertex -3.055636281607812 52.426917132336 -3.5
      vertex -2.1047588780079938 62.08133742881208 -3.5
      vertex -3.055636281607812 61.573082867664 -3.5
    endloop
  endfacet
  facet normal 0 0 1
    outer loop
      vertex -2 57 -3.5
      vertex -1.9615705608064609 57.390180644032256 -3.5
      vertex -2.1047588780079938 62.08133742881208 -3.5
    endloop
  endfacet
  facet normal 0 0 1
    outer loop
      vertex -1.9615705608064609 57.390180644032256 -3.5
      vertex -1.8477590650225735 57.76536686473018 -3.5
      vertex -2.1047588780079938 62.08133742881208 -3.5
    endloop
  endfacet
  facet normal 0 0 1
    outer loop
      vertex -1.8477590650225735 57.76536686473018 -3.5
      vertex -1.6629392246050905 58.1111404660392 -3.5
      vertex -2.1047588780079938 62.08133742881208 -3.5
    endloop
  endfacet
  facet normal 0 0 1
    outer loop
      vertex -1.6629392246050905 58.1111404660392 -3.5
      vertex -1.4142135623730951 58.41421356237309 -3.5
      vertex -1.0729967710887054 62.39431904221777 -3.5
    endloop
  endfacet
  facet normal 0 0 1
    outer loop
      vertex -1.4142135623730951 58.41421356237309 -3.5
      vertex -1.1111404660392044 58.66293922460509 -3.5
      vertex -1.0729967710887054 62.39431904221777 -3.5
    endloop
  endfacet
  facet normal 0 0 1
    outer loop
      vertex -1.1111404660392044 58.66293922460509 -3.5
      vertex -0.7653668647301796 58.84775906502257 -3.5
      vertex -1.0729967710887054 62.39431904221777 -3.5
    endloop
  endfacet
  facet normal 0 0 1
    outer loop
      vertex -1.6629392246050905 58.1111404660392 -3.5
      vertex -1.0729967710887054 62.39431904221777 -3.5
      vertex -2.1047588780079938 62.08133742881208 -3.5
    endloop
  endfacet
  facet normal 0 0 1
    outer loop
      vertex -0.7653668647301796 58.84775906502257 -3.5
      vertex -0.3901806440322565 58.961570560806464 -3.5
      vertex -1.0729967710887054 62.39431904221777 -3.5
    endloop
  endfacet
  facet normal 0 0 1
    outer loop
      vertex -0.3901806440322565 58.961570560806464 -3.5
      vertex 0 59 -3.5
      vertex 0 62.5 -3.5
    endloop
  endfacet
  facet normal 0 0 1
    outer loop
      vertex -0.3901806440322565 58.961570560806464 -3.5
      vertex 0 62.5 -3.5
      vertex -1.0729967710887054 62.39431904221777 -3.5
    endloop
  endfacet
  facet normal 0.6343932841636436 0.7730104533627385 0
    outer loop
      vertex -3.8890872965260117 53.110912703473986 -3.5
      vertex -3.8890872965260117 53.110912703473986 7.5
      vertex -3.055636281607812 52.426917132336 -3.5
    endloop
  endfacet
  facet normal 0.9569403357322088 0.2902846772544625 0
    outer loop
      vertex -5.081337428812077 54.89524112199201 -3.5
      vertex -5.394319042217767 55.927003228911296 -3.5
      vertex -5.394319042217767 55.927003228911296 7.5
    endloop
  endfacet
  facet normal 0.773010453362739 0.6343932841636433 0
    outer loop
      vertex -4.573082867663999 53.94436371839219 -3.5
      vertex -4.573082867663999 53.94436371839219 7.5
      vertex -3.8890872965260117 53.110912703473986 -3.5
    endloop
  endfacet
  facet normal 0.8819212643483552 0.4713967368259975 0
    outer loop
      vertex -4.573082867663999 53.94436371839219 -3.5
      vertex -5.081337428812077 54.89524112199201 -3.5
      vertex -5.081337428812077 54.89524112199201 7.5
    endloop
  endfacet
  facet normal 0.4713967368259977 0.881921264348355 0
    outer loop
      vertex -2.1047588780079938 51.91866257118792 -3.5
      vertex -3.055636281607812 52.426917132336 -3.5
      vertex -3.055636281607812 52.426917132336 7.5
    endloop
  endfacet
  facet normal 0.29028467725446166 0.9569403357322089 0
    outer loop
      vertex -2.1047588780079938 51.91866257118792 -3.5
      vertex -2.1047588780079938 51.91866257118792 7.5
      vertex -1.0729967710887054 51.60568095778223 -3.5
    endloop
  endfacet
  facet normal 0.09801714032956152 0.9951847266721968 0
    outer loop
      vertex -1.0729967710887054 51.60568095778223 -3.5
      vertex -1.0729967710887054 51.60568095778223 7.5
      vertex 0 51.5 -3.5
    endloop
  endfacet
  facet normal 0.9951847266721968 0.09801714032956084 0
    outer loop
      vertex -5.394319042217767 55.927003228911296 -3.5
      vertex -5.5 57 -3.5
      vertex -5.5 57 7.5
    endloop
  endfacet
  facet normal 0.9951847266721968 -0.09801714032956084 0
    outer loop
      vertex -5.5 57 -3.5
      vertex -5.394319042217767 58.072996771088704 -3.5
      vertex -5.394319042217767 58.072996771088704 7.5
    endloop
  endfacet
  facet normal 0.9569403357322088 -0.2902846772544625 0
    outer loop
      vertex -5.394319042217767 58.072996771088704 -3.5
      vertex -5.081337428812077 59.10475887800799 -3.5
      vertex -5.081337428812077 59.10475887800799 7.5
    endloop
  endfacet
  facet normal 0.8819212643483552 -0.4713967368259975 0
    outer loop
      vertex -5.081337428812077 59.10475887800799 -3.5
      vertex -4.573082867663999 60.05563628160781 -3.5
      vertex -4.573082867663999 60.05563628160781 7.5
    endloop
  endfacet
  facet normal 0.773010453362739 -0.6343932841636433 0
    outer loop
      vertex -4.573082867663999 60.05563628160781 -3.5
      vertex -3.8890872965260117 60.889087296526014 -3.5
      vertex -3.8890872965260117 60.889087296526014 7.5
    endloop
  endfacet
  facet normal 0.6343932841636436 -0.7730104533627385 0
    outer loop
      vertex -3.8890872965260117 60.889087296526014 -3.5
      vertex -3.055636281607812 61.573082867664 -3.5
      vertex -3.055636281607812 61.573082867664 7.5
    endloop
  endfacet
  facet normal 0.4713967368259977 -0.881921264348355 0
    outer loop
      vertex -3.055636281607812 61.573082867664 -3.5
      vertex -2.1047588780079938 62.08133742881208 -3.5
      vertex -2.1047588780079938 62.08133742881208 7.5
    endloop
  endfacet
  facet normal 0.29028467725446166 -0.9569403357322089 0
    outer loop
      vertex -2.1047588780079938 62.08133742881208 -3.5
      vertex -1.0729967710887054 62.39431904221777 -3.5
      vertex -1.0729967710887054 62.39431904221777 7.5
    endloop
  endfacet
  facet normal 0.09801714032956152 -0.9951847266721968 0
    outer loop
      vertex -1.0729967710887054 62.39431904221777 -3.5
      vertex 0 62.5 -3.5
      vertex 0 62.5 7.5
    endloop
  endfacet
  facet normal 0.6343932841636436 0.7730104533627385 0
    outer loop
      vertex -3.055636281607812 52.426917132336 -3.5
      vertex -3.8890872965260117 53.110912703473986 7.5
      vertex -3.055636281607812 52.426917132336 7.5
    endloop
  endfacet
  facet normal 0.9569403357322088 0.2902846772544625 0
    outer loop
      vertex -5.081337428812077 54.89524112199201 -3.5
      vertex -5.394319042217767 55.927003228911296 7.5
      vertex -5.081337428812077 54.89524112199201 7.5
    endloop
  endfacet
  facet normal 0.773010453362739 0.6343932841636433 0
    outer loop
      vertex -3.8890872965260117 53.110912703473986 -3.5
      vertex -4.573082867663999 53.94436371839219 7.5
      vertex -3.8890872965260117 53.110912703473986 7.5
    endloop
  endfacet
  facet normal 0.8819212643483552 0.4713967368259975 0
    outer loop
      vertex -4.573082867663999 53.94436371839219 -3.5
      vertex -5.081337428812077 54.89524112199201 7.5
      vertex -4.573082867663999 53.94436371839219 7.5
    endloop
  endfacet
  facet normal 0.4713967368259977 0.881921264348355 0
    outer loop
      vertex -2.1047588780079938 51.91866257118792 -3.5
      vertex -3.055636281607812 52.426917132336 7.5
      vertex -2.1047588780079938 51.91866257118792 7.5
    endloop
  endfacet
  facet normal 0.09801714032956152 0.9951847266721968 0
    outer loop
      vertex 0 51.5 -3.5
      vertex -1.0729967710887054 51.60568095778223 7.5
      vertex 0 51.5 7.5
    endloop
  endfacet
  facet normal 0.29028467725446166 0.9569403357322089 0
    outer loop
      vertex -1.0729967710887054 51.60568095778223 -3.5
      vertex -2.1047588780079938 51.91866257118792 7.5
      vertex -1.0729967710887054 51.60568095778223 7.5
    endloop
  endfacet
  facet normal 0.9951847266721968 0.09801714032956084 0
    outer loop
      vertex -5.394319042217767 55.927003228911296 -3.5
      vertex -5.5 57 7.5
      vertex -5.394319042217767 55.927003228911296 7.5
    endloop
  endfacet
  facet normal 0.9951847266721968 -0.09801714032956084 0
    outer loop
      vertex -5.5 57 -3.5
      vertex -5.394319042217767 58.072996771088704 7.5
      vertex -5.5 57 7.5
    endloop
  endfacet
  facet normal 0.9569403357322088 -0.2902846772544625 0
    outer loop
      vertex -5.394319042217767 58.072996771088704 -3.5
      vertex -5.081337428812077 59.10475887800799 7.5
      vertex -5.394319042217767 58.072996771088704 7.5
    endloop
  endfacet
  facet normal 0.8819212643483552 -0.4713967368259975 0
    outer loop
      vertex -5.081337428812077 59.10475887800799 -3.5
      vertex -4.573082867663999 60.05563628160781 7.5
      vertex -5.081337428812077 59.10475887800799 7.5
    endloop
  endfacet
  facet normal 0.773010453362739 -0.6343932841636433 0
    outer loop
      vertex -4.573082867663999 60.05563628160781 -3.5
      vertex -3.8890872965260117 60.889087296526014 7.5
      vertex -4.573082867663999 60.05563628160781 7.5
    endloop
  endfacet
  facet normal 0.6343932841636436 -0.7730104533627385 0
    outer loop
      vertex -3.8890872965260117 60.889087296526014 -3.5
      vertex -3.055636281607812 61.573082867664 7.5
      vertex -3.8890872965260117 60.889087296526014 7.5
    endloop
  endfacet
  facet normal 0.4713967368259977 -0.881921264348355 0
    outer loop
      vertex -3.055636281607812 61.573082867664 -3.5
      vertex -2.1047588780079938 62.08133742881208 7.5
      vertex -3.055636281607812 61.573082867664 7.5
    endloop
  endfacet
  facet normal 0.29028467725446166 -0.9569403357322089 0
    outer loop
      vertex -2.1047588780079938 62.08133742881208 -3.5
      vertex -1.0729967710887054 62.39431904221777 7.5
      vertex -2.1047588780079938 62.08133742881208 7.5
    endloop
  endfacet
  facet normal 0.09801714032956152 -0.9951847266721968 0
    outer loop
      vertex -1.0729967710887054 62.39431904221777 -3.5
      vertex 0 62.5 7.5
      vertex -1.0729967710887054 62.39431904221777 7.5
    endloop
  endfacet
  facet normal 0 0 1
    outer loop
      vertex 0 51.5 -3.5
      vertex 1.0729967710887054 51.60568095778223 -3.5
      vertex 0.3901806440322565 55.038429439193536 -3.5
    endloop
  endfacet
  facet normal 0 0 1
    outer loop
      vertex 0 51.5 -3.5
      vertex 0.3901806440322565 55.038429439193536 -3.5
      vertex 0 55 -3.5
    endloop
  endfacet
  facet normal 0 0 1
    outer loop
      vertex 1.0729967710887054 51.60568095778223 -3.5
      vertex 0.7653668647301796 55.15224093497743 -3.5
      vertex 0.3901806440322565 55.038429439193536 -3.5
    endloop
  endfacet
  facet normal 0 0 1
    outer loop
      vertex 1.0729967710887054 51.60568095778223 -3.5
      vertex 2.1047588780079938 51.91866257118792 -3.5
      vertex 1.6629392246050905 55.8888595339608 -3.5
    endloop
  endfacet
  facet normal 0 0 1
    outer loop
      vertex 1.0729967710887054 51.60568095778223 -3.5
      vertex 1.1111404660392044 55.33706077539491 -3.5
      vertex 0.7653668647301796 55.15224093497743 -3.5
    endloop
  endfacet
  facet normal 0 0 1
    outer loop
      vertex 1.0729967710887054 51.60568095778223 -3.5
      vertex 1.4142135623730951 55.58578643762691 -3.5
      vertex 1.1111404660392044 55.33706077539491 -3.5
    endloop
  endfacet
  facet normal 0 0 1
    outer loop
      vertex 1.0729967710887054 51.60568095778223 -3.5
      vertex 1.6629392246050905 55.8888595339608 -3.5
      vertex 1.4142135623730951 55.58578643762691 -3.5
    endloop
  endfacet
  facet normal 0 0 1
    outer loop
      vertex 2.1047588780079938 51.91866257118792 -3.5
      vertex 1.8477590650225735 56.23463313526982 -3.5
      vertex 1.6629392246050905 55.8888595339608 -3.5
    endloop
  endfacet
  facet normal 0 0 1
    outer loop
      vertex 2.1047588780079938 51.91866257118792 -3.5
      vertex 1.9615705608064609 56.609819355967744 -3.5
      vertex 1.8477590650225735 56.23463313526982 -3.5
    endloop
  endfacet
  facet normal 0 0 1
    outer loop
      vertex 2.1047588780079938 51.91866257118792 -3.5
      vertex 2 57 -3.5
      vertex 1.9615705608064609 56.609819355967744 -3.5
    endloop
  endfacet
  facet normal 0 0 1
    outer loop
      vertex 2.1047588780079938 51.91866257118792 -3.5
      vertex 3.055636281607812 52.426917132336 -3.5
      vertex 3.055636281607812 61.573082867664 -3.5
    endloop
  endfacet
  facet normal 0 0 1
    outer loop
      vertex 3.055636281607812 52.426917132336 -3.5
      vertex 3.8890872965260117 53.110912703473986 -3.5
      vertex 3.8890872965260117 60.889087296526014 -3.5
    endloop
  endfacet
  facet normal 0 0 1
    outer loop
      vertex 3.8890872965260117 53.110912703473986 -3.5
      vertex 4.573082867663999 53.94436371839219 -3.5
      vertex 4.573082867663999 60.05563628160781 -3.5
    endloop
  endfacet
  facet normal 0 0 1
    outer loop
      vertex 4.573082867663999 53.94436371839219 -3.5
      vertex 5.081337428812077 54.89524112199201 -3.5
      vertex 5.081337428812077 59.10475887800799 -3.5
    endloop
  endfacet
  facet normal 0 0 1
    outer loop
      vertex 2.1047588780079938 51.91866257118792 -3.5
      vertex 2.1047588780079938 62.08133742881208 -3.5
      vertex 2 57 -3.5
    endloop
  endfacet
  facet normal 0 0 1
    outer loop
      vertex 2.1047588780079938 51.91866257118792 -3.5
      vertex 3.055636281607812 61.573082867664 -3.5
      vertex 2.1047588780079938 62.08133742881208 -3.5
    endloop
  endfacet
  facet normal 0 0 1
    outer loop
      vertex 2 57 -3.5
      vertex 2.1047588780079938 62.08133742881208 -3.5
      vertex 1.9615705608064609 57.390180644032256 -3.5
    endloop
  endfacet
  facet normal 0 0 1
    outer loop
      vertex 1.9615705608064609 57.390180644032256 -3.5
      vertex 2.1047588780079938 62.08133742881208 -3.5
      vertex 1.8477590650225735 57.76536686473018 -3.5
    endloop
  endfacet
  facet normal 0 0 1
    outer loop
      vertex 1.8477590650225735 57.76536686473018 -3.5
      vertex 2.1047588780079938 62.08133742881208 -3.5
      vertex 1.6629392246050905 58.1111404660392 -3.5
    endloop
  endfacet
  facet normal 0 0 1
    outer loop
      vertex 0 59 -3.5
      vertex 0.3901806440322565 58.961570560806464 -3.5
      vertex 1.0729967710887054 62.39431904221777 -3.5
    endloop
  endfacet
  facet normal 0 0 1
    outer loop
      vertex 0.3901806440322565 58.961570560806464 -3.5
      vertex 0.7653668647301796 58.84775906502257 -3.5
      vertex 1.0729967710887054 62.39431904221777 -3.5
    endloop
  endfacet
  facet normal 0 0 1
    outer loop
      vertex 1.4142135623730951 58.41421356237309 -3.5
      vertex 2.1047588780079938 62.08133742881208 -3.5
      vertex 1.1111404660392044 58.66293922460509 -3.5
    endloop
  endfacet
  facet normal 0 0 1
    outer loop
      vertex 0.7653668647301796 58.84775906502257 -3.5
      vertex 1.1111404660392044 58.66293922460509 -3.5
      vertex 2.1047588780079938 62.08133742881208 -3.5
    endloop
  endfacet
  facet normal 0 0 1
    outer loop
      vertex 0 59 -3.5
      vertex 1.0729967710887054 62.39431904221777 -3.5
      vertex 0 62.5 -3.5
    endloop
  endfacet
  facet normal 0 0 1
    outer loop
      vertex 0.7653668647301796 58.84775906502257 -3.5
      vertex 2.1047588780079938 62.08133742881208 -3.5
      vertex 1.0729967710887054 62.39431904221777 -3.5
    endloop
  endfacet
  facet normal 0 0 1
    outer loop
      vertex 1.4142135623730951 58.41421356237309 -3.5
      vertex 1.6629392246050905 58.1111404660392 -3.5
      vertex 2.1047588780079938 62.08133742881208 -3.5
    endloop
  endfacet
  facet normal 0 0 1
    outer loop
      vertex 4.573082867663999 53.94436371839219 -3.5
      vertex 5.081337428812077 59.10475887800799 -3.5
      vertex 4.573082867663999 60.05563628160781 -3.5
    endloop
  endfacet
  facet normal 0 0 1
    outer loop
      vertex 3.055636281607812 52.426917132336 -3.5
      vertex 3.8890872965260117 60.889087296526014 -3.5
      vertex 3.055636281607812 61.573082867664 -3.5
    endloop
  endfacet
  facet normal 0 0 1
    outer loop
      vertex 3.8890872965260117 53.110912703473986 -3.5
      vertex 4.573082867663999 60.05563628160781 -3.5
      vertex 3.8890872965260117 60.889087296526014 -3.5
    endloop
  endfacet
  facet normal 0 0 1
    outer loop
      vertex 5.081337428812077 54.89524112199201 -3.5
      vertex 5.394319042217767 55.927003228911296 -3.5
      vertex 5.394319042217767 58.072996771088704 -3.5
    endloop
  endfacet
  facet normal 0 0 1
    outer loop
      vertex 5.394319042217767 55.927003228911296 -3.5
      vertex 5.5 57 -3.5
      vertex 5.394319042217767 58.072996771088704 -3.5
    endloop
  endfacet
  facet normal 0 0 1
    outer loop
      vertex 5.081337428812077 54.89524112199201 -3.5
      vertex 5.394319042217767 58.072996771088704 -3.5
      vertex 5.081337428812077 59.10475887800799 -3.5
    endloop
  endfacet
  facet normal -0.09801714032956152 0.9951847266721968 0
    outer loop
      vertex 0 51.5 -3.5
      vertex 0 51.5 7.5
      vertex 1.0729967710887054 51.60568095778223 -3.5
    endloop
  endfacet
  facet normal -0.29028467725446166 0.9569403357322089 0
    outer loop
      vertex 1.0729967710887054 51.60568095778223 -3.5
      vertex 1.0729967710887054 51.60568095778223 7.5
      vertex 2.1047588780079938 51.91866257118792 -3.5
    endloop
  endfacet
  facet normal -0.4713967368259977 0.881921264348355 0
    outer loop
      vertex 2.1047588780079938 51.91866257118792 -3.5
      vertex 2.1047588780079938 51.91866257118792 7.5
      vertex 3.055636281607812 52.426917132336 -3.5
    endloop
  endfacet
  facet normal -0.6343932841636436 0.7730104533627385 0
    outer loop
      vertex 3.055636281607812 52.426917132336 -3.5
      vertex 3.055636281607812 52.426917132336 7.5
      vertex 3.8890872965260117 53.110912703473986 -3.5
    endloop
  endfacet
  facet normal -0.773010453362739 0.6343932841636433 0
    outer loop
      vertex 3.8890872965260117 53.110912703473986 -3.5
      vertex 3.8890872965260117 53.110912703473986 7.5
      vertex 4.573082867663999 53.94436371839219 -3.5
    endloop
  endfacet
  facet normal -0.8819212643483552 0.4713967368259975 0
    outer loop
      vertex 4.573082867663999 53.94436371839219 -3.5
      vertex 4.573082867663999 53.94436371839219 7.5
      vertex 5.081337428812077 54.89524112199201 -3.5
    endloop
  endfacet
  facet normal -0.9569403357322088 0.2902846772544625 0
    outer loop
      vertex 5.081337428812077 54.89524112199201 -3.5
      vertex 5.081337428812077 54.89524112199201 7.5
      vertex 5.394319042217767 55.927003228911296 -3.5
    endloop
  endfacet
  facet normal -0.09801714032956152 -0.9951847266721968 0
    outer loop
      vertex 0 62.5 -3.5
      vertex 1.0729967710887054 62.39431904221777 -3.5
      vertex 1.0729967710887054 62.39431904221777 7.5
    endloop
  endfacet
  facet normal -0.29028467725446166 -0.9569403357322089 0
    outer loop
      vertex 1.0729967710887054 62.39431904221777 -3.5
      vertex 2.1047588780079938 62.08133742881208 -3.5
      vertex 2.1047588780079938 62.08133742881208 7.5
    endloop
  endfacet
  facet normal -0.4713967368259977 -0.881921264348355 0
    outer loop
      vertex 2.1047588780079938 62.08133742881208 -3.5
      vertex 3.055636281607812 61.573082867664 -3.5
      vertex 3.055636281607812 61.573082867664 7.5
    endloop
  endfacet
  facet normal -0.9951847266721968 0.09801714032956084 0
    outer loop
      vertex 5.394319042217767 55.927003228911296 -3.5
      vertex 5.394319042217767 55.927003228911296 7.5
      vertex 5.5 57 -3.5
    endloop
  endfacet
  facet normal -0.9951847266721968 -0.09801714032956084 0
    outer loop
      vertex 5.5 57 -3.5
      vertex 5.5 57 7.5
      vertex 5.394319042217767 58.072996771088704 -3.5
    endloop
  endfacet
  facet normal -0.9569403357322088 -0.2902846772544625 0
    outer loop
      vertex 5.081337428812077 59.10475887800799 -3.5
      vertex 5.394319042217767 58.072996771088704 -3.5
      vertex 5.394319042217767 58.072996771088704 7.5
    endloop
  endfacet
  facet normal -0.8819212643483552 -0.4713967368259975 0
    outer loop
      vertex 5.081337428812077 59.10475887800799 -3.5
      vertex 5.081337428812077 59.10475887800799 7.5
      vertex 4.573082867663999 60.05563628160781 -3.5
    endloop
  endfacet
  facet normal -0.773010453362739 -0.6343932841636433 0
    outer loop
      vertex 4.573082867663999 60.05563628160781 -3.5
      vertex 4.573082867663999 60.05563628160781 7.5
      vertex 3.8890872965260117 60.889087296526014 -3.5
    endloop
  endfacet
  facet normal -0.6343932841636436 -0.7730104533627385 0
    outer loop
      vertex 3.055636281607812 61.573082867664 -3.5
      vertex 3.8890872965260117 60.889087296526014 -3.5
      vertex 3.8890872965260117 60.889087296526014 7.5
    endloop
  endfacet
  facet normal -0.09801714032956152 0.9951847266721968 0
    outer loop
      vertex 1.0729967710887054 51.60568095778223 -3.5
      vertex 0 51.5 7.5
      vertex 1.0729967710887054 51.60568095778223 7.5
    endloop
  endfacet
  facet normal -0.29028467725446166 0.9569403357322089 0
    outer loop
      vertex 2.1047588780079938 51.91866257118792 -3.5
      vertex 1.0729967710887054 51.60568095778223 7.5
      vertex 2.1047588780079938 51.91866257118792 7.5
    endloop
  endfacet
  facet normal -0.4713967368259977 0.881921264348355 0
    outer loop
      vertex 3.055636281607812 52.426917132336 -3.5
      vertex 2.1047588780079938 51.91866257118792 7.5
      vertex 3.055636281607812 52.426917132336 7.5
    endloop
  endfacet
  facet normal -0.6343932841636436 0.7730104533627385 0
    outer loop
      vertex 3.8890872965260117 53.110912703473986 -3.5
      vertex 3.055636281607812 52.426917132336 7.5
      vertex 3.8890872965260117 53.110912703473986 7.5
    endloop
  endfacet
  facet normal -0.773010453362739 0.6343932841636433 0
    outer loop
      vertex 4.573082867663999 53.94436371839219 -3.5
      vertex 3.8890872965260117 53.110912703473986 7.5
      vertex 4.573082867663999 53.94436371839219 7.5
    endloop
  endfacet
  facet normal -0.8819212643483552 0.4713967368259975 0
    outer loop
      vertex 5.081337428812077 54.89524112199201 -3.5
      vertex 4.573082867663999 53.94436371839219 7.5
      vertex 5.081337428812077 54.89524112199201 7.5
    endloop
  endfacet
  facet normal -0.9569403357322088 0.2902846772544625 0
    outer loop
      vertex 5.394319042217767 55.927003228911296 -3.5
      vertex 5.081337428812077 54.89524112199201 7.5
      vertex 5.394319042217767 55.927003228911296 7.5
    endloop
  endfacet
  facet normal -0.09801714032956152 -0.9951847266721968 0
    outer loop
      vertex 0 62.5 -3.5
      vertex 1.0729967710887054 62.39431904221777 7.5
      vertex 0 62.5 7.5
    endloop
  endfacet
  facet normal -0.29028467725446166 -0.9569403357322089 0
    outer loop
      vertex 1.0729967710887054 62.39431904221777 -3.5
      vertex 2.1047588780079938 62.08133742881208 7.5
      vertex 1.0729967710887054 62.39431904221777 7.5
    endloop
  endfacet
  facet normal -0.4713967368259977 -0.881921264348355 0
    outer loop
      vertex 2.1047588780079938 62.08133742881208 -3.5
      vertex 3.055636281607812 61.573082867664 7.5
      vertex 2.1047588780079938 62.08133742881208 7.5
    endloop
  endfacet
  facet normal -0.9951847266721968 0.09801714032956084 0
    outer loop
      vertex 5.5 57 -3.5
      vertex 5.394319042217767 55.927003228911296 7.5
      vertex 5.5 57 7.5
    endloop
  endfacet
  facet normal -0.9951847266721968 -0.09801714032956084 0
    outer loop
      vertex 5.394319042217767 58.072996771088704 -3.5
      vertex 5.5 57 7.5
      vertex 5.394319042217767 58.072996771088704 7.5
    endloop
  endfacet
  facet normal -0.9569403357322088 -0.2902846772544625 0
    outer loop
      vertex 5.081337428812077 59.10475887800799 -3.5
      vertex 5.394319042217767 58.072996771088704 7.5
      vertex 5.081337428812077 59.10475887800799 7.5
    endloop
  endfacet
  facet normal -0.8819212643483552 -0.4713967368259975 0
    outer loop
      vertex 4.573082867663999 60.05563628160781 -3.5
      vertex 5.081337428812077 59.10475887800799 7.5
      vertex 4.573082867663999 60.05563628160781 7.5
    endloop
  endfacet
  facet normal -0.773010453362739 -0.6343932841636433 0
    outer loop
      vertex 3.8890872965260117 60.889087296526014 -3.5
      vertex 4.573082867663999 60.05563628160781 7.5
      vertex 3.8890872965260117 60.889087296526014 7.5
    endloop
  endfacet
  facet normal -0.6343932841636436 -0.7730104533627385 0
    outer loop
      vertex 3.055636281607812 61.573082867664 -3.5
      vertex 3.8890872965260117 60.889087296526014 7.5
      vertex 3.055636281607812 61.573082867664 7.5
    endloop
  endfacet
  facet normal 0.8819212643483604 0.47139673682598754 0
    outer loop
      vertex -90.84775906502257 -57.76536686473018 -3.5
      vertex -90.6629392246051 -58.1111404660392 -7.5
      vertex -90.84775906502257 -57.76536686473018 -7.5
    endloop
  endfacet
  facet normal 0.7730104533627244 0.6343932841636607 0
    outer loop
      vertex -90.6629392246051 -58.1111404660392 -3.5
      vertex -90.41421356237309 -58.41421356237309 -7.5
      vertex -90.6629392246051 -58.1111404660392 -7.5
    endloop
  endfacet
  facet normal 0.6343932841636498 0.7730104533627333 0
    outer loop
      vertex -90.41421356237309 -58.41421356237309 -3.5
      vertex -90.1111404660392 -58.66293922460509 -7.5
      vertex -90.41421356237309 -58.41421356237309 -7.5
    endloop
  endfacet
  facet normal 0.9569403357322063 0.2902846772544711 0
    outer loop
      vertex -90.96157056080646 -57.390180644032256 -3.5
      vertex -90.84775906502257 -57.76536686473018 -7.5
      vertex -90.96157056080646 -57.390180644032256 -7.5
    endloop
  endfacet
  facet normal 0.9951847266721977 0.09801714032955187 0
    outer loop
      vertex -91 -57 -3.5
      vertex -90.96157056080646 -57.390180644032256 -7.5
      vertex -91 -57 -7.5
    endloop
  endfacet
  facet normal 0.9951847266721977 -0.09801714032955187 0
    outer loop
      vertex -90.96157056080646 -56.609819355967744 -3.5
      vertex -91 -57 -7.5
      vertex -90.96157056080646 -56.609819355967744 -7.5
    endloop
  endfacet
  facet normal 0.9569403357322063 -0.2902846772544711 0
    outer loop
      vertex -90.84775906502257 -56.23463313526982 -3.5
      vertex -90.96157056080646 -56.609819355967744 -7.5
      vertex -90.84775906502257 -56.23463313526982 -7.5
    endloop
  endfacet
  facet normal 0.47139673682600164 0.8819212643483528 0
    outer loop
      vertex -90.1111404660392 -58.66293922460509 -3.5
      vertex -89.76536686473018 -58.84775906502257 -7.5
      vertex -90.1111404660392 -58.66293922460509 -7.5
    endloop
  endfacet
  facet normal 0.2902846772544711 0.9569403357322063 0
    outer loop
      vertex -89.76536686473018 -58.84775906502257 -3.5
      vertex -89.39018064403226 -58.961570560806464 -7.5
      vertex -89.76536686473018 -58.84775906502257 -7.5
    endloop
  endfacet
  facet normal 0.09801714032955187 0.9951847266721977 0
    outer loop
      vertex -89.39018064403226 -58.961570560806464 -3.5
      vertex -89 -59 -7.5
      vertex -89.39018064403226 -58.961570560806464 -7.5
    endloop
  endfacet
  facet normal -0.09801714032955187 0.9951847266721977 0
    outer loop
      vertex -89 -59 -3.5
      vertex -88.60981935596774 -58.961570560806464 -7.5
      vertex -89 -59 -7.5
    endloop
  endfacet
  facet normal -0.2902846772544711 0.9569403357322063 0
    outer loop
      vertex -88.60981935596774 -58.961570560806464 -3.5
      vertex -88.23463313526982 -58.84775906502257 -7.5
      vertex -88.60981935596774 -58.961570560806464 -7.5
    endloop
  endfacet
  facet normal -0.47139673682600164 0.8819212643483528 0
    outer loop
      vertex -88.23463313526982 -58.84775906502257 -3.5
      vertex -87.8888595339608 -58.66293922460509 -7.5
      vertex -88.23463313526982 -58.84775906502257 -7.5
    endloop
  endfacet
  facet normal -0.6343932841636498 0.7730104533627333 0
    outer loop
      vertex -87.8888595339608 -58.66293922460509 -3.5
      vertex -87.58578643762691 -58.41421356237309 -7.5
      vertex -87.8888595339608 -58.66293922460509 -7.5
    endloop
  endfacet
  facet normal -0.7730104533627244 0.6343932841636607 0
    outer loop
      vertex -87.58578643762691 -58.41421356237309 -3.5
      vertex -87.3370607753949 -58.1111404660392 -7.5
      vertex -87.58578643762691 -58.41421356237309 -7.5
    endloop
  endfacet
  facet normal -0.8819212643483604 0.47139673682598754 0
    outer loop
      vertex -87.3370607753949 -58.1111404660392 -3.5
      vertex -87.15224093497743 -57.76536686473018 -7.5
      vertex -87.3370607753949 -58.1111404660392 -7.5
    endloop
  endfacet
  facet normal -0.9569403357322063 0.2902846772544711 0
    outer loop
      vertex -87.15224093497743 -57.76536686473018 -3.5
      vertex -87.03842943919354 -57.390180644032256 -7.5
      vertex -87.15224093497743 -57.76536686473018 -7.5
    endloop
  endfacet
  facet normal -0.9951847266721977 0.09801714032955187 0
    outer loop
      vertex -87.03842943919354 -57.390180644032256 -3.5
      vertex -87 -57 -7.5
      vertex -87.03842943919354 -57.390180644032256 -7.5
    endloop
  endfacet
  facet normal -0.9951847266721977 -0.09801714032955187 0
    outer loop
      vertex -87 -57 -3.5
      vertex -87.03842943919354 -56.609819355967744 -7.5
      vertex -87 -57 -7.5
    endloop
  endfacet
  facet normal -0.9569403357322063 -0.2902846772544711 0
    outer loop
      vertex -87.03842943919354 -56.609819355967744 -3.5
      vertex -87.15224093497743 -56.23463313526982 -7.5
      vertex -87.03842943919354 -56.609819355967744 -7.5
    endloop
  endfacet
  facet normal 0.8819212643483604 -0.47139673682598754 0
    outer loop
      vertex -90.6629392246051 -55.8888595339608 -3.5
      vertex -90.84775906502257 -56.23463313526982 -7.5
      vertex -90.6629392246051 -55.8888595339608 -7.5
    endloop
  endfacet
  facet normal 0.7730104533627244 -0.6343932841636607 0
    outer loop
      vertex -90.41421356237309 -55.58578643762691 -3.5
      vertex -90.6629392246051 -55.8888595339608 -7.5
      vertex -90.41421356237309 -55.58578643762691 -7.5
    endloop
  endfacet
  facet normal 0.6343932841636498 -0.7730104533627333 0
    outer loop
      vertex -90.1111404660392 -55.33706077539491 -3.5
      vertex -90.41421356237309 -55.58578643762691 -7.5
      vertex -90.1111404660392 -55.33706077539491 -7.5
    endloop
  endfacet
  facet normal 0.47139673682600164 -0.8819212643483528 0
    outer loop
      vertex -89.76536686473018 -55.15224093497743 -3.5
      vertex -90.1111404660392 -55.33706077539491 -7.5
      vertex -89.76536686473018 -55.15224093497743 -7.5
    endloop
  endfacet
  facet normal 0.2902846772544711 -0.9569403357322063 0
    outer loop
      vertex -89.39018064403226 -55.038429439193536 -3.5
      vertex -89.76536686473018 -55.15224093497743 -7.5
      vertex -89.39018064403226 -55.038429439193536 -7.5
    endloop
  endfacet
  facet normal 0.09801714032955187 -0.9951847266721977 0
    outer loop
      vertex -89 -55 -3.5
      vertex -89.39018064403226 -55.038429439193536 -7.5
      vertex -89 -55 -7.5
    endloop
  endfacet
  facet normal -0.09801714032955187 -0.9951847266721977 0
    outer loop
      vertex -88.60981935596774 -55.038429439193536 -3.5
      vertex -89 -55 -7.5
      vertex -88.60981935596774 -55.038429439193536 -7.5
    endloop
  endfacet
  facet normal -0.2902846772544711 -0.9569403357322063 0
    outer loop
      vertex -88.23463313526982 -55.15224093497743 -3.5
      vertex -88.60981935596774 -55.038429439193536 -7.5
      vertex -88.23463313526982 -55.15224093497743 -7.5
    endloop
  endfacet
  facet normal -0.47139673682600164 -0.8819212643483528 0
    outer loop
      vertex -87.8888595339608 -55.33706077539491 -3.5
      vertex -88.23463313526982 -55.15224093497743 -7.5
      vertex -87.8888595339608 -55.33706077539491 -7.5
    endloop
  endfacet
  facet normal -0.6343932841636498 -0.7730104533627333 0
    outer loop
      vertex -87.58578643762691 -55.58578643762691 -3.5
      vertex -87.8888595339608 -55.33706077539491 -7.5
      vertex -87.58578643762691 -55.58578643762691 -7.5
    endloop
  endfacet
  facet normal -0.7730104533627244 -0.6343932841636607 0
    outer loop
      vertex -87.3370607753949 -55.8888595339608 -3.5
      vertex -87.58578643762691 -55.58578643762691 -7.5
      vertex -87.3370607753949 -55.8888595339608 -7.5
    endloop
  endfacet
  facet normal -0.8819212643483604 -0.47139673682598754 0
    outer loop
      vertex -87.15224093497743 -56.23463313526982 -3.5
      vertex -87.3370607753949 -55.8888595339608 -7.5
      vertex -87.15224093497743 -56.23463313526982 -7.5
    endloop
  endfacet
  facet normal 0.8819212643483604 0.47139673682598754 0
    outer loop
      vertex -90.6629392246051 -58.1111404660392 -3.5
      vertex -90.6629392246051 -58.1111404660392 -7.5
      vertex -90.84775906502257 -57.76536686473018 -3.5
    endloop
  endfacet
  facet normal 0.7730104533627244 0.6343932841636607 0
    outer loop
      vertex -90.6629392246051 -58.1111404660392 -3.5
      vertex -90.41421356237309 -58.41421356237309 -3.5
      vertex -90.41421356237309 -58.41421356237309 -7.5
    endloop
  endfacet
  facet normal 0.9569403357322063 0.2902846772544711 0
    outer loop
      vertex -90.84775906502257 -57.76536686473018 -3.5
      vertex -90.84775906502257 -57.76536686473018 -7.5
      vertex -90.96157056080646 -57.390180644032256 -3.5
    endloop
  endfacet
  facet normal 0.9951847266721977 0.09801714032955187 0
    outer loop
      vertex -90.96157056080646 -57.390180644032256 -3.5
      vertex -90.96157056080646 -57.390180644032256 -7.5
      vertex -91 -57 -3.5
    endloop
  endfacet
  facet normal 0.9951847266721977 -0.09801714032955187 0
    outer loop
      vertex -91 -57 -3.5
      vertex -91 -57 -7.5
      vertex -90.96157056080646 -56.609819355967744 -3.5
    endloop
  endfacet
  facet normal 0.9569403357322063 -0.2902846772544711 0
    outer loop
      vertex -90.96157056080646 -56.609819355967744 -3.5
      vertex -90.96157056080646 -56.609819355967744 -7.5
      vertex -90.84775906502257 -56.23463313526982 -3.5
    endloop
  endfacet
  facet normal 0.47139673682600164 0.8819212643483528 0
    outer loop
      vertex -90.1111404660392 -58.66293922460509 -3.5
      vertex -89.76536686473018 -58.84775906502257 -3.5
      vertex -89.76536686473018 -58.84775906502257 -7.5
    endloop
  endfacet
  facet normal 0.2902846772544711 0.9569403357322063 0
    outer loop
      vertex -89.76536686473018 -58.84775906502257 -3.5
      vertex -89.39018064403226 -58.961570560806464 -3.5
      vertex -89.39018064403226 -58.961570560806464 -7.5
    endloop
  endfacet
  facet normal 0.6343932841636498 0.7730104533627333 0
    outer loop
      vertex -90.1111404660392 -58.66293922460509 -3.5
      vertex -90.1111404660392 -58.66293922460509 -7.5
      vertex -90.41421356237309 -58.41421356237309 -3.5
    endloop
  endfacet
  facet normal 0.09801714032955187 0.9951847266721977 0
    outer loop
      vertex -89.39018064403226 -58.961570560806464 -3.5
      vertex -89 -59 -3.5
      vertex -89 -59 -7.5
    endloop
  endfacet
  facet normal -0.09801714032955187 0.9951847266721977 0
    outer loop
      vertex -89 -59 -3.5
      vertex -88.60981935596774 -58.961570560806464 -3.5
      vertex -88.60981935596774 -58.961570560806464 -7.5
    endloop
  endfacet
  facet normal -0.2902846772544711 0.9569403357322063 0
    outer loop
      vertex -88.60981935596774 -58.961570560806464 -3.5
      vertex -88.23463313526982 -58.84775906502257 -3.5
      vertex -88.23463313526982 -58.84775906502257 -7.5
    endloop
  endfacet
  facet normal -0.47139673682600164 0.8819212643483528 0
    outer loop
      vertex -88.23463313526982 -58.84775906502257 -3.5
      vertex -87.8888595339608 -58.66293922460509 -3.5
      vertex -87.8888595339608 -58.66293922460509 -7.5
    endloop
  endfacet
  facet normal -0.6343932841636498 0.7730104533627333 0
    outer loop
      vertex -87.8888595339608 -58.66293922460509 -3.5
      vertex -87.58578643762691 -58.41421356237309 -3.5
      vertex -87.58578643762691 -58.41421356237309 -7.5
    endloop
  endfacet
  facet normal -0.7730104533627244 0.6343932841636607 0
    outer loop
      vertex -87.58578643762691 -58.41421356237309 -3.5
      vertex -87.3370607753949 -58.1111404660392 -3.5
      vertex -87.3370607753949 -58.1111404660392 -7.5
    endloop
  endfacet
  facet normal -0.8819212643483604 0.47139673682598754 0
    outer loop
      vertex -87.3370607753949 -58.1111404660392 -3.5
      vertex -87.15224093497743 -57.76536686473018 -3.5
      vertex -87.15224093497743 -57.76536686473018 -7.5
    endloop
  endfacet
  facet normal -0.9569403357322063 0.2902846772544711 0
    outer loop
      vertex -87.15224093497743 -57.76536686473018 -3.5
      vertex -87.03842943919354 -57.390180644032256 -3.5
      vertex -87.03842943919354 -57.390180644032256 -7.5
    endloop
  endfacet
  facet normal -0.9951847266721977 0.09801714032955187 0
    outer loop
      vertex -87.03842943919354 -57.390180644032256 -3.5
      vertex -87 -57 -3.5
      vertex -87 -57 -7.5
    endloop
  endfacet
  facet normal -0.9951847266721977 -0.09801714032955187 0
    outer loop
      vertex -87 -57 -3.5
      vertex -87.03842943919354 -56.609819355967744 -3.5
      vertex -87.03842943919354 -56.609819355967744 -7.5
    endloop
  endfacet
  facet normal -0.9569403357322063 -0.2902846772544711 0
    outer loop
      vertex -87.15224093497743 -56.23463313526982 -3.5
      vertex -87.15224093497743 -56.23463313526982 -7.5
      vertex -87.03842943919354 -56.609819355967744 -3.5
    endloop
  endfacet
  facet normal 0.8819212643483604 -0.47139673682598754 0
    outer loop
      vertex -90.84775906502257 -56.23463313526982 -3.5
      vertex -90.84775906502257 -56.23463313526982 -7.5
      vertex -90.6629392246051 -55.8888595339608 -3.5
    endloop
  endfacet
  facet normal 0.7730104533627244 -0.6343932841636607 0
    outer loop
      vertex -90.6629392246051 -55.8888595339608 -3.5
      vertex -90.6629392246051 -55.8888595339608 -7.5
      vertex -90.41421356237309 -55.58578643762691 -3.5
    endloop
  endfacet
  facet normal 0.6343932841636498 -0.7730104533627333 0
    outer loop
      vertex -90.41421356237309 -55.58578643762691 -3.5
      vertex -90.41421356237309 -55.58578643762691 -7.5
      vertex -90.1111404660392 -55.33706077539491 -3.5
    endloop
  endfacet
  facet normal 0.47139673682600164 -0.8819212643483528 0
    outer loop
      vertex -90.1111404660392 -55.33706077539491 -3.5
      vertex -90.1111404660392 -55.33706077539491 -7.5
      vertex -89.76536686473018 -55.15224093497743 -3.5
    endloop
  endfacet
  facet normal 0.2902846772544711 -0.9569403357322063 0
    outer loop
      vertex -89.76536686473018 -55.15224093497743 -3.5
      vertex -89.76536686473018 -55.15224093497743 -7.5
      vertex -89.39018064403226 -55.038429439193536 -3.5
    endloop
  endfacet
  facet normal 0.09801714032955187 -0.9951847266721977 0
    outer loop
      vertex -89.39018064403226 -55.038429439193536 -3.5
      vertex -89.39018064403226 -55.038429439193536 -7.5
      vertex -89 -55 -3.5
    endloop
  endfacet
  facet normal -0.09801714032955187 -0.9951847266721977 0
    outer loop
      vertex -89 -55 -3.5
      vertex -89 -55 -7.5
      vertex -88.60981935596774 -55.038429439193536 -3.5
    endloop
  endfacet
  facet normal -0.2902846772544711 -0.9569403357322063 0
    outer loop
      vertex -88.60981935596774 -55.038429439193536 -3.5
      vertex -88.60981935596774 -55.038429439193536 -7.5
      vertex -88.23463313526982 -55.15224093497743 -3.5
    endloop
  endfacet
  facet normal -0.47139673682600164 -0.8819212643483528 0
    outer loop
      vertex -88.23463313526982 -55.15224093497743 -3.5
      vertex -88.23463313526982 -55.15224093497743 -7.5
      vertex -87.8888595339608 -55.33706077539491 -3.5
    endloop
  endfacet
  facet normal -0.6343932841636498 -0.7730104533627333 0
    outer loop
      vertex -87.8888595339608 -55.33706077539491 -3.5
      vertex -87.8888595339608 -55.33706077539491 -7.5
      vertex -87.58578643762691 -55.58578643762691 -3.5
    endloop
  endfacet
  facet normal -0.7730104533627244 -0.6343932841636607 0
    outer loop
      vertex -87.3370607753949 -55.8888595339608 -3.5
      vertex -87.58578643762691 -55.58578643762691 -3.5
      vertex -87.58578643762691 -55.58578643762691 -7.5
    endloop
  endfacet
  facet normal -0.8819212643483604 -0.47139673682598754 0
    outer loop
      vertex -87.15224093497743 -56.23463313526982 -3.5
      vertex -87.3370607753949 -55.8888595339608 -3.5
      vertex -87.3370607753949 -55.8888595339608 -7.5
    endloop
  endfacet
  facet normal 0.8819212643483604 0.47139673682598754 0
    outer loop
      vertex -90.84775906502257 56.23463313526982 -3.5
      vertex -90.6629392246051 55.8888595339608 -7.5
      vertex -90.84775906502257 56.23463313526982 -7.5
    endloop
  endfacet
  facet normal 0.7730104533627244 0.6343932841636607 0
    outer loop
      vertex -90.6629392246051 55.8888595339608 -3.5
      vertex -90.41421356237309 55.58578643762691 -7.5
      vertex -90.6629392246051 55.8888595339608 -7.5
    endloop
  endfacet
  facet normal 0.6343932841636498 0.7730104533627333 0
    outer loop
      vertex -90.41421356237309 55.58578643762691 -3.5
      vertex -90.1111404660392 55.33706077539491 -7.5
      vertex -90.41421356237309 55.58578643762691 -7.5
    endloop
  endfacet
  facet normal 0.47139673682600164 0.8819212643483528 0
    outer loop
      vertex -90.1111404660392 55.33706077539491 -3.5
      vertex -89.76536686473018 55.15224093497743 -7.5
      vertex -90.1111404660392 55.33706077539491 -7.5
    endloop
  endfacet
  facet normal 0.2902846772544711 0.9569403357322063 0
    outer loop
      vertex -89.76536686473018 55.15224093497743 -3.5
      vertex -89.39018064403226 55.038429439193536 -7.5
      vertex -89.76536686473018 55.15224093497743 -7.5
    endloop
  endfacet
  facet normal 0.09801714032955187 0.9951847266721977 0
    outer loop
      vertex -89.39018064403226 55.038429439193536 -3.5
      vertex -89 55 -7.5
      vertex -89.39018064403226 55.038429439193536 -7.5
    endloop
  endfacet
  facet normal -0.09801714032955187 0.9951847266721977 0
    outer loop
      vertex -89 55 -3.5
      vertex -88.60981935596774 55.038429439193536 -7.5
      vertex -89 55 -7.5
    endloop
  endfacet
  facet normal -0.2902846772544711 0.9569403357322063 0
    outer loop
      vertex -88.60981935596774 55.038429439193536 -3.5
      vertex -88.23463313526982 55.15224093497743 -7.5
      vertex -88.60981935596774 55.038429439193536 -7.5
    endloop
  endfacet
  facet normal -0.47139673682600164 0.8819212643483528 0
    outer loop
      vertex -88.23463313526982 55.15224093497743 -3.5
      vertex -87.8888595339608 55.33706077539491 -7.5
      vertex -88.23463313526982 55.15224093497743 -7.5
    endloop
  endfacet
  facet normal -0.6343932841636498 0.7730104533627333 0
    outer loop
      vertex -87.8888595339608 55.33706077539491 -3.5
      vertex -87.58578643762691 55.58578643762691 -7.5
      vertex -87.8888595339608 55.33706077539491 -7.5
    endloop
  endfacet
  facet normal -0.7730104533627244 0.6343932841636607 0
    outer loop
      vertex -87.58578643762691 55.58578643762691 -3.5
      vertex -87.3370607753949 55.8888595339608 -7.5
      vertex -87.58578643762691 55.58578643762691 -7.5
    endloop
  endfacet
  facet normal -0.8819212643483604 0.47139673682598754 0
    outer loop
      vertex -87.3370607753949 55.8888595339608 -3.5
      vertex -87.15224093497743 56.23463313526982 -7.5
      vertex -87.3370607753949 55.8888595339608 -7.5
    endloop
  endfacet
  facet normal 0.9569403357322063 0.2902846772544711 0
    outer loop
      vertex -90.96157056080646 56.609819355967744 -3.5
      vertex -90.84775906502257 56.23463313526982 -7.5
      vertex -90.96157056080646 56.609819355967744 -7.5
    endloop
  endfacet
  facet normal 0.9951847266721977 0.09801714032955187 0
    outer loop
      vertex -91 57 -3.5
      vertex -90.96157056080646 56.609819355967744 -7.5
      vertex -91 57 -7.5
    endloop
  endfacet
  facet normal 0.9951847266721977 -0.09801714032955187 0
    outer loop
      vertex -90.96157056080646 57.390180644032256 -3.5
      vertex -91 57 -7.5
      vertex -90.96157056080646 57.390180644032256 -7.5
    endloop
  endfacet
  facet normal 0.9569403357322063 -0.2902846772544711 0
    outer loop
      vertex -90.84775906502257 57.76536686473018 -3.5
      vertex -90.96157056080646 57.390180644032256 -7.5
      vertex -90.84775906502257 57.76536686473018 -7.5
    endloop
  endfacet
  facet normal 0.8819212643483604 -0.47139673682598754 0
    outer loop
      vertex -90.6629392246051 58.1111404660392 -3.5
      vertex -90.84775906502257 57.76536686473018 -7.5
      vertex -90.6629392246051 58.1111404660392 -7.5
    endloop
  endfacet
  facet normal 0.7730104533627244 -0.6343932841636607 0
    outer loop
      vertex -90.41421356237309 58.41421356237309 -3.5
      vertex -90.6629392246051 58.1111404660392 -7.5
      vertex -90.41421356237309 58.41421356237309 -7.5
    endloop
  endfacet
  facet normal 0.6343932841636498 -0.7730104533627333 0
    outer loop
      vertex -90.1111404660392 58.66293922460509 -3.5
      vertex -90.41421356237309 58.41421356237309 -7.5
      vertex -90.1111404660392 58.66293922460509 -7.5
    endloop
  endfacet
  facet normal 0.47139673682600164 -0.8819212643483528 0
    outer loop
      vertex -89.76536686473018 58.84775906502257 -3.5
      vertex -90.1111404660392 58.66293922460509 -7.5
      vertex -89.76536686473018 58.84775906502257 -7.5
    endloop
  endfacet
  facet normal 0.2902846772544711 -0.9569403357322063 0
    outer loop
      vertex -89.39018064403226 58.961570560806464 -3.5
      vertex -89.76536686473018 58.84775906502257 -7.5
      vertex -89.39018064403226 58.961570560806464 -7.5
    endloop
  endfacet
  facet normal 0.09801714032955187 -0.9951847266721977 0
    outer loop
      vertex -89 59 -3.5
      vertex -89.39018064403226 58.961570560806464 -7.5
      vertex -89 59 -7.5
    endloop
  endfacet
  facet normal -0.09801714032955187 -0.9951847266721977 0
    outer loop
      vertex -88.60981935596774 58.961570560806464 -3.5
      vertex -89 59 -7.5
      vertex -88.60981935596774 58.961570560806464 -7.5
    endloop
  endfacet
  facet normal -0.9569403357322063 0.2902846772544711 0
    outer loop
      vertex -87.15224093497743 56.23463313526982 -3.5
      vertex -87.03842943919354 56.609819355967744 -7.5
      vertex -87.15224093497743 56.23463313526982 -7.5
    endloop
  endfacet
  facet normal -0.9951847266721977 0.09801714032955187 0
    outer loop
      vertex -87.03842943919354 56.609819355967744 -3.5
      vertex -87 57 -7.5
      vertex -87.03842943919354 56.609819355967744 -7.5
    endloop
  endfacet
  facet normal -0.9951847266721977 -0.09801714032955187 0
    outer loop
      vertex -87 57 -3.5
      vertex -87.03842943919354 57.390180644032256 -7.5
      vertex -87 57 -7.5
    endloop
  endfacet
  facet normal -0.9569403357322063 -0.2902846772544711 0
    outer loop
      vertex -87.03842943919354 57.390180644032256 -3.5
      vertex -87.15224093497743 57.76536686473018 -7.5
      vertex -87.03842943919354 57.390180644032256 -7.5
    endloop
  endfacet
  facet normal -0.2902846772544711 -0.9569403357322063 0
    outer loop
      vertex -88.23463313526982 58.84775906502257 -3.5
      vertex -88.60981935596774 58.961570560806464 -7.5
      vertex -88.23463313526982 58.84775906502257 -7.5
    endloop
  endfacet
  facet normal -0.47139673682600164 -0.8819212643483528 0
    outer loop
      vertex -87.8888595339608 58.66293922460509 -3.5
      vertex -88.23463313526982 58.84775906502257 -7.5
      vertex -87.8888595339608 58.66293922460509 -7.5
    endloop
  endfacet
  facet normal -0.6343932841636498 -0.7730104533627333 0
    outer loop
      vertex -87.58578643762691 58.41421356237309 -3.5
      vertex -87.8888595339608 58.66293922460509 -7.5
      vertex -87.58578643762691 58.41421356237309 -7.5
    endloop
  endfacet
  facet normal -0.7730104533627244 -0.6343932841636607 0
    outer loop
      vertex -87.3370607753949 58.1111404660392 -3.5
      vertex -87.58578643762691 58.41421356237309 -7.5
      vertex -87.3370607753949 58.1111404660392 -7.5
    endloop
  endfacet
  facet normal -0.8819212643483604 -0.47139673682598754 0
    outer loop
      vertex -87.15224093497743 57.76536686473018 -3.5
      vertex -87.3370607753949 58.1111404660392 -7.5
      vertex -87.15224093497743 57.76536686473018 -7.5
    endloop
  endfacet
  facet normal 0.8819212643483604 0.47139673682598754 0
    outer loop
      vertex -90.84775906502257 56.23463313526982 -3.5
      vertex -90.6629392246051 55.8888595339608 -3.5
      vertex -90.6629392246051 55.8888595339608 -7.5
    endloop
  endfacet
  facet normal 0.7730104533627244 0.6343932841636607 0
    outer loop
      vertex -90.41421356237309 55.58578643762691 -3.5
      vertex -90.41421356237309 55.58578643762691 -7.5
      vertex -90.6629392246051 55.8888595339608 -3.5
    endloop
  endfacet
  facet normal 0.6343932841636498 0.7730104533627333 0
    outer loop
      vertex -90.1111404660392 55.33706077539491 -3.5
      vertex -90.1111404660392 55.33706077539491 -7.5
      vertex -90.41421356237309 55.58578643762691 -3.5
    endloop
  endfacet
  facet normal 0.47139673682600164 0.8819212643483528 0
    outer loop
      vertex -90.1111404660392 55.33706077539491 -3.5
      vertex -89.76536686473018 55.15224093497743 -3.5
      vertex -89.76536686473018 55.15224093497743 -7.5
    endloop
  endfacet
  facet normal 0.2902846772544711 0.9569403357322063 0
    outer loop
      vertex -89.39018064403226 55.038429439193536 -3.5
      vertex -89.39018064403226 55.038429439193536 -7.5
      vertex -89.76536686473018 55.15224093497743 -3.5
    endloop
  endfacet
  facet normal 0.09801714032955187 0.9951847266721977 0
    outer loop
      vertex -89.39018064403226 55.038429439193536 -3.5
      vertex -89 55 -3.5
      vertex -89 55 -7.5
    endloop
  endfacet
  facet normal -0.09801714032955187 0.9951847266721977 0
    outer loop
      vertex -89 55 -3.5
      vertex -88.60981935596774 55.038429439193536 -3.5
      vertex -88.60981935596774 55.038429439193536 -7.5
    endloop
  endfacet
  facet normal -0.2902846772544711 0.9569403357322063 0
    outer loop
      vertex -88.60981935596774 55.038429439193536 -3.5
      vertex -88.23463313526982 55.15224093497743 -3.5
      vertex -88.23463313526982 55.15224093497743 -7.5
    endloop
  endfacet
  facet normal -0.47139673682600164 0.8819212643483528 0
    outer loop
      vertex -88.23463313526982 55.15224093497743 -3.5
      vertex -87.8888595339608 55.33706077539491 -3.5
      vertex -87.8888595339608 55.33706077539491 -7.5
    endloop
  endfacet
  facet normal -0.6343932841636498 0.7730104533627333 0
    outer loop
      vertex -87.8888595339608 55.33706077539491 -3.5
      vertex -87.58578643762691 55.58578643762691 -3.5
      vertex -87.58578643762691 55.58578643762691 -7.5
    endloop
  endfacet
  facet normal -0.7730104533627244 0.6343932841636607 0
    outer loop
      vertex -87.58578643762691 55.58578643762691 -3.5
      vertex -87.3370607753949 55.8888595339608 -3.5
      vertex -87.3370607753949 55.8888595339608 -7.5
    endloop
  endfacet
  facet normal -0.8819212643483604 0.47139673682598754 0
    outer loop
      vertex -87.3370607753949 55.8888595339608 -3.5
      vertex -87.15224093497743 56.23463313526982 -3.5
      vertex -87.15224093497743 56.23463313526982 -7.5
    endloop
  endfacet
  facet normal 0.9569403357322063 0.2902846772544711 0
    outer loop
      vertex -90.84775906502257 56.23463313526982 -3.5
      vertex -90.84775906502257 56.23463313526982 -7.5
      vertex -90.96157056080646 56.609819355967744 -3.5
    endloop
  endfacet
  facet normal 0.9951847266721977 0.09801714032955187 0
    outer loop
      vertex -90.96157056080646 56.609819355967744 -3.5
      vertex -90.96157056080646 56.609819355967744 -7.5
      vertex -91 57 -3.5
    endloop
  endfacet
  facet normal 0.9951847266721977 -0.09801714032955187 0
    outer loop
      vertex -91 57 -3.5
      vertex -91 57 -7.5
      vertex -90.96157056080646 57.390180644032256 -3.5
    endloop
  endfacet
  facet normal 0.9569403357322063 -0.2902846772544711 0
    outer loop
      vertex -90.96157056080646 57.390180644032256 -3.5
      vertex -90.96157056080646 57.390180644032256 -7.5
      vertex -90.84775906502257 57.76536686473018 -3.5
    endloop
  endfacet
  facet normal 0.8819212643483604 -0.47139673682598754 0
    outer loop
      vertex -90.84775906502257 57.76536686473018 -3.5
      vertex -90.84775906502257 57.76536686473018 -7.5
      vertex -90.6629392246051 58.1111404660392 -3.5
    endloop
  endfacet
  facet normal 0.7730104533627244 -0.6343932841636607 0
    outer loop
      vertex -90.6629392246051 58.1111404660392 -3.5
      vertex -90.6629392246051 58.1111404660392 -7.5
      vertex -90.41421356237309 58.41421356237309 -3.5
    endloop
  endfacet
  facet normal 0.6343932841636498 -0.7730104533627333 0
    outer loop
      vertex -90.41421356237309 58.41421356237309 -3.5
      vertex -90.41421356237309 58.41421356237309 -7.5
      vertex -90.1111404660392 58.66293922460509 -3.5
    endloop
  endfacet
  facet normal 0.47139673682600164 -0.8819212643483528 0
    outer loop
      vertex -90.1111404660392 58.66293922460509 -3.5
      vertex -90.1111404660392 58.66293922460509 -7.5
      vertex -89.76536686473018 58.84775906502257 -3.5
    endloop
  endfacet
  facet normal 0.2902846772544711 -0.9569403357322063 0
    outer loop
      vertex -89.76536686473018 58.84775906502257 -3.5
      vertex -89.76536686473018 58.84775906502257 -7.5
      vertex -89.39018064403226 58.961570560806464 -3.5
    endloop
  endfacet
  facet normal 0.09801714032955187 -0.9951847266721977 0
    outer loop
      vertex -89.39018064403226 58.961570560806464 -3.5
      vertex -89.39018064403226 58.961570560806464 -7.5
      vertex -89 59 -3.5
    endloop
  endfacet
  facet normal -0.09801714032955187 -0.9951847266721977 0
    outer loop
      vertex -89 59 -3.5
      vertex -89 59 -7.5
      vertex -88.60981935596774 58.961570560806464 -3.5
    endloop
  endfacet
  facet normal -0.9569403357322063 0.2902846772544711 0
    outer loop
      vertex -87.15224093497743 56.23463313526982 -3.5
      vertex -87.03842943919354 56.609819355967744 -3.5
      vertex -87.03842943919354 56.609819355967744 -7.5
    endloop
  endfacet
  facet normal -0.9951847266721977 0.09801714032955187 0
    outer loop
      vertex -87.03842943919354 56.609819355967744 -3.5
      vertex -87 57 -3.5
      vertex -87 57 -7.5
    endloop
  endfacet
  facet normal -0.9951847266721977 -0.09801714032955187 0
    outer loop
      vertex -87 57 -3.5
      vertex -87.03842943919354 57.390180644032256 -3.5
      vertex -87.03842943919354 57.390180644032256 -7.5
    endloop
  endfacet
  facet normal -0.9569403357322063 -0.2902846772544711 0
    outer loop
      vertex -87.15224093497743 57.76536686473018 -3.5
      vertex -87.15224093497743 57.76536686473018 -7.5
      vertex -87.03842943919354 57.390180644032256 -3.5
    endloop
  endfacet
  facet normal -0.6343932841636498 -0.7730104533627333 0
    outer loop
      vertex -87.8888595339608 58.66293922460509 -3.5
      vertex -87.8888595339608 58.66293922460509 -7.5
      vertex -87.58578643762691 58.41421356237309 -3.5
    endloop
  endfacet
  facet normal -0.2902846772544711 -0.9569403357322063 0
    outer loop
      vertex -88.60981935596774 58.961570560806464 -3.5
      vertex -88.60981935596774 58.961570560806464 -7.5
      vertex -88.23463313526982 58.84775906502257 -3.5
    endloop
  endfacet
  facet normal -0.47139673682600164 -0.8819212643483528 0
    outer loop
      vertex -88.23463313526982 58.84775906502257 -3.5
      vertex -88.23463313526982 58.84775906502257 -7.5
      vertex -87.8888595339608 58.66293922460509 -3.5
    endloop
  endfacet
  facet normal -0.7730104533627244 -0.6343932841636607 0
    outer loop
      vertex -87.58578643762691 58.41421356237309 -3.5
      vertex -87.58578643762691 58.41421356237309 -7.5
      vertex -87.3370607753949 58.1111404660392 -3.5
    endloop
  endfacet
  facet normal -0.8819212643483604 -0.47139673682598754 0
    outer loop
      vertex -87.15224093497743 57.76536686473018 -3.5
      vertex -87.3370607753949 58.1111404660392 -3.5
      vertex -87.3370607753949 58.1111404660392 -7.5
    endloop
  endfacet
  facet normal 0.8819212643483604 0.47139673682598754 0
    outer loop
      vertex 87.15224093497743 -57.76536686473018 -3.5
      vertex 87.3370607753949 -58.1111404660392 -7.5
      vertex 87.15224093497743 -57.76536686473018 -7.5
    endloop
  endfacet
  facet normal 0.7730104533627244 0.6343932841636607 0
    outer loop
      vertex 87.3370607753949 -58.1111404660392 -3.5
      vertex 87.58578643762691 -58.41421356237309 -7.5
      vertex 87.3370607753949 -58.1111404660392 -7.5
    endloop
  endfacet
  facet normal 0.6343932841636498 0.7730104533627333 0
    outer loop
      vertex 87.58578643762691 -58.41421356237309 -3.5
      vertex 87.8888595339608 -58.66293922460509 -7.5
      vertex 87.58578643762691 -58.41421356237309 -7.5
    endloop
  endfacet
  facet normal 0.47139673682600164 0.8819212643483528 0
    outer loop
      vertex 87.8888595339608 -58.66293922460509 -3.5
      vertex 88.23463313526982 -58.84775906502257 -7.5
      vertex 87.8888595339608 -58.66293922460509 -7.5
    endloop
  endfacet
  facet normal 0.2902846772544711 0.9569403357322063 0
    outer loop
      vertex 88.23463313526982 -58.84775906502257 -3.5
      vertex 88.60981935596774 -58.961570560806464 -7.5
      vertex 88.23463313526982 -58.84775906502257 -7.5
    endloop
  endfacet
  facet normal 0.9569403357322063 0.2902846772544711 0
    outer loop
      vertex 87.03842943919354 -57.390180644032256 -3.5
      vertex 87.15224093497743 -57.76536686473018 -7.5
      vertex 87.03842943919354 -57.390180644032256 -7.5
    endloop
  endfacet
  facet normal 0.9951847266721977 0.09801714032955187 0
    outer loop
      vertex 87 -57 -3.5
      vertex 87.03842943919354 -57.390180644032256 -7.5
      vertex 87 -57 -7.5
    endloop
  endfacet
  facet normal 0.9951847266721977 -0.09801714032955187 0
    outer loop
      vertex 87.03842943919354 -56.609819355967744 -3.5
      vertex 87 -57 -7.5
      vertex 87.03842943919354 -56.609819355967744 -7.5
    endloop
  endfacet
  facet normal 0.9569403357322063 -0.2902846772544711 0
    outer loop
      vertex 87.15224093497743 -56.23463313526982 -3.5
      vertex 87.03842943919354 -56.609819355967744 -7.5
      vertex 87.15224093497743 -56.23463313526982 -7.5
    endloop
  endfacet
  facet normal 0.09801714032955187 0.9951847266721977 0
    outer loop
      vertex 88.60981935596774 -58.961570560806464 -3.5
      vertex 89 -59 -7.5
      vertex 88.60981935596774 -58.961570560806464 -7.5
    endloop
  endfacet
  facet normal -0.09801714032955187 0.9951847266721977 0
    outer loop
      vertex 89 -59 -3.5
      vertex 89.39018064403226 -58.961570560806464 -7.5
      vertex 89 -59 -7.5
    endloop
  endfacet
  facet normal -0.2902846772544711 0.9569403357322063 0
    outer loop
      vertex 89.39018064403226 -58.961570560806464 -3.5
      vertex 89.76536686473018 -58.84775906502257 -7.5
      vertex 89.39018064403226 -58.961570560806464 -7.5
    endloop
  endfacet
  facet normal -0.47139673682600164 0.8819212643483528 0
    outer loop
      vertex 89.76536686473018 -58.84775906502257 -3.5
      vertex 90.1111404660392 -58.66293922460509 -7.5
      vertex 89.76536686473018 -58.84775906502257 -7.5
    endloop
  endfacet
  facet normal -0.6343932841636498 0.7730104533627333 0
    outer loop
      vertex 90.1111404660392 -58.66293922460509 -3.5
      vertex 90.41421356237309 -58.41421356237309 -7.5
      vertex 90.1111404660392 -58.66293922460509 -7.5
    endloop
  endfacet
  facet normal -0.7730104533627244 0.6343932841636607 0
    outer loop
      vertex 90.41421356237309 -58.41421356237309 -3.5
      vertex 90.6629392246051 -58.1111404660392 -7.5
      vertex 90.41421356237309 -58.41421356237309 -7.5
    endloop
  endfacet
  facet normal -0.8819212643483604 0.47139673682598754 0
    outer loop
      vertex 90.6629392246051 -58.1111404660392 -3.5
      vertex 90.84775906502257 -57.76536686473018 -7.5
      vertex 90.6629392246051 -58.1111404660392 -7.5
    endloop
  endfacet
  facet normal -0.9569403357322063 0.2902846772544711 0
    outer loop
      vertex 90.84775906502257 -57.76536686473018 -3.5
      vertex 90.96157056080646 -57.390180644032256 -7.5
      vertex 90.84775906502257 -57.76536686473018 -7.5
    endloop
  endfacet
  facet normal -0.9951847266721977 0.09801714032955187 0
    outer loop
      vertex 90.96157056080646 -57.390180644032256 -3.5
      vertex 91 -57 -7.5
      vertex 90.96157056080646 -57.390180644032256 -7.5
    endloop
  endfacet
  facet normal -0.9951847266721977 -0.09801714032955187 0
    outer loop
      vertex 91 -57 -3.5
      vertex 90.96157056080646 -56.609819355967744 -7.5
      vertex 91 -57 -7.5
    endloop
  endfacet
  facet normal -0.9569403357322063 -0.2902846772544711 0
    outer loop
      vertex 90.96157056080646 -56.609819355967744 -3.5
      vertex 90.84775906502257 -56.23463313526982 -7.5
      vertex 90.96157056080646 -56.609819355967744 -7.5
    endloop
  endfacet
  facet normal 0.8819212643483604 -0.47139673682598754 0
    outer loop
      vertex 87.3370607753949 -55.8888595339608 -3.5
      vertex 87.15224093497743 -56.23463313526982 -7.5
      vertex 87.3370607753949 -55.8888595339608 -7.5
    endloop
  endfacet
  facet normal 0.7730104533627244 -0.6343932841636607 0
    outer loop
      vertex 87.58578643762691 -55.58578643762691 -3.5
      vertex 87.3370607753949 -55.8888595339608 -7.5
      vertex 87.58578643762691 -55.58578643762691 -7.5
    endloop
  endfacet
  facet normal 0.6343932841636498 -0.7730104533627333 0
    outer loop
      vertex 87.8888595339608 -55.33706077539491 -3.5
      vertex 87.58578643762691 -55.58578643762691 -7.5
      vertex 87.8888595339608 -55.33706077539491 -7.5
    endloop
  endfacet
  facet normal 0.47139673682600164 -0.8819212643483528 0
    outer loop
      vertex 88.23463313526982 -55.15224093497743 -3.5
      vertex 87.8888595339608 -55.33706077539491 -7.5
      vertex 88.23463313526982 -55.15224093497743 -7.5
    endloop
  endfacet
  facet normal 0.2902846772544711 -0.9569403357322063 0
    outer loop
      vertex 88.60981935596774 -55.038429439193536 -3.5
      vertex 88.23463313526982 -55.15224093497743 -7.5
      vertex 88.60981935596774 -55.038429439193536 -7.5
    endloop
  endfacet
  facet normal 0.09801714032955187 -0.9951847266721977 0
    outer loop
      vertex 89 -55 -3.5
      vertex 88.60981935596774 -55.038429439193536 -7.5
      vertex 89 -55 -7.5
    endloop
  endfacet
  facet normal -0.09801714032955187 -0.9951847266721977 0
    outer loop
      vertex 89.39018064403226 -55.038429439193536 -3.5
      vertex 89 -55 -7.5
      vertex 89.39018064403226 -55.038429439193536 -7.5
    endloop
  endfacet
  facet normal -0.2902846772544711 -0.9569403357322063 0
    outer loop
      vertex 89.76536686473018 -55.15224093497743 -3.5
      vertex 89.39018064403226 -55.038429439193536 -7.5
      vertex 89.76536686473018 -55.15224093497743 -7.5
    endloop
  endfacet
  facet normal -0.47139673682600164 -0.8819212643483528 0
    outer loop
      vertex 90.1111404660392 -55.33706077539491 -3.5
      vertex 89.76536686473018 -55.15224093497743 -7.5
      vertex 90.1111404660392 -55.33706077539491 -7.5
    endloop
  endfacet
  facet normal -0.6343932841636498 -0.7730104533627333 0
    outer loop
      vertex 90.41421356237309 -55.58578643762691 -3.5
      vertex 90.1111404660392 -55.33706077539491 -7.5
      vertex 90.41421356237309 -55.58578643762691 -7.5
    endloop
  endfacet
  facet normal -0.7730104533627244 -0.6343932841636607 0
    outer loop
      vertex 90.6629392246051 -55.8888595339608 -3.5
      vertex 90.41421356237309 -55.58578643762691 -7.5
      vertex 90.6629392246051 -55.8888595339608 -7.5
    endloop
  endfacet
  facet normal -0.8819212643483604 -0.47139673682598754 0
    outer loop
      vertex 90.84775906502257 -56.23463313526982 -3.5
      vertex 90.6629392246051 -55.8888595339608 -7.5
      vertex 90.84775906502257 -56.23463313526982 -7.5
    endloop
  endfacet
  facet normal 0.8819212643483604 0.47139673682598754 0
    outer loop
      vertex 87.3370607753949 -58.1111404660392 -3.5
      vertex 87.3370607753949 -58.1111404660392 -7.5
      vertex 87.15224093497743 -57.76536686473018 -3.5
    endloop
  endfacet
  facet normal 0.7730104533627244 0.6343932841636607 0
    outer loop
      vertex 87.3370607753949 -58.1111404660392 -3.5
      vertex 87.58578643762691 -58.41421356237309 -3.5
      vertex 87.58578643762691 -58.41421356237309 -7.5
    endloop
  endfacet
  facet normal 0.47139673682600164 0.8819212643483528 0
    outer loop
      vertex 87.8888595339608 -58.66293922460509 -3.5
      vertex 88.23463313526982 -58.84775906502257 -3.5
      vertex 88.23463313526982 -58.84775906502257 -7.5
    endloop
  endfacet
  facet normal 0.2902846772544711 0.9569403357322063 0
    outer loop
      vertex 88.23463313526982 -58.84775906502257 -3.5
      vertex 88.60981935596774 -58.961570560806464 -3.5
      vertex 88.60981935596774 -58.961570560806464 -7.5
    endloop
  endfacet
  facet normal 0.6343932841636498 0.7730104533627333 0
    outer loop
      vertex 87.58578643762691 -58.41421356237309 -3.5
      vertex 87.8888595339608 -58.66293922460509 -3.5
      vertex 87.8888595339608 -58.66293922460509 -7.5
    endloop
  endfacet
  facet normal 0.9569403357322063 0.2902846772544711 0
    outer loop
      vertex 87.03842943919354 -57.390180644032256 -3.5
      vertex 87.15224093497743 -57.76536686473018 -3.5
      vertex 87.15224093497743 -57.76536686473018 -7.5
    endloop
  endfacet
  facet normal 0.9951847266721977 0.09801714032955187 0
    outer loop
      vertex 87.03842943919354 -57.390180644032256 -3.5
      vertex 87.03842943919354 -57.390180644032256 -7.5
      vertex 87 -57 -3.5
    endloop
  endfacet
  facet normal 0.9951847266721977 -0.09801714032955187 0
    outer loop
      vertex 87 -57 -3.5
      vertex 87 -57 -7.5
      vertex 87.03842943919354 -56.609819355967744 -3.5
    endloop
  endfacet
  facet normal 0.9569403357322063 -0.2902846772544711 0
    outer loop
      vertex 87.03842943919354 -56.609819355967744 -3.5
      vertex 87.03842943919354 -56.609819355967744 -7.5
      vertex 87.15224093497743 -56.23463313526982 -3.5
    endloop
  endfacet
  facet normal 0.09801714032955187 0.9951847266721977 0
    outer loop
      vertex 88.60981935596774 -58.961570560806464 -3.5
      vertex 89 -59 -3.5
      vertex 89 -59 -7.5
    endloop
  endfacet
  facet normal -0.09801714032955187 0.9951847266721977 0
    outer loop
      vertex 89 -59 -3.5
      vertex 89.39018064403226 -58.961570560806464 -3.5
      vertex 89.39018064403226 -58.961570560806464 -7.5
    endloop
  endfacet
  facet normal -0.2902846772544711 0.9569403357322063 0
    outer loop
      vertex 89.39018064403226 -58.961570560806464 -3.5
      vertex 89.76536686473018 -58.84775906502257 -3.5
      vertex 89.76536686473018 -58.84775906502257 -7.5
    endloop
  endfacet
  facet normal -0.47139673682600164 0.8819212643483528 0
    outer loop
      vertex 89.76536686473018 -58.84775906502257 -3.5
      vertex 90.1111404660392 -58.66293922460509 -3.5
      vertex 90.1111404660392 -58.66293922460509 -7.5
    endloop
  endfacet
  facet normal -0.6343932841636498 0.7730104533627333 0
    outer loop
      vertex 90.1111404660392 -58.66293922460509 -3.5
      vertex 90.41421356237309 -58.41421356237309 -3.5
      vertex 90.41421356237309 -58.41421356237309 -7.5
    endloop
  endfacet
  facet normal -0.7730104533627244 0.6343932841636607 0
    outer loop
      vertex 90.41421356237309 -58.41421356237309 -3.5
      vertex 90.6629392246051 -58.1111404660392 -3.5
      vertex 90.6629392246051 -58.1111404660392 -7.5
    endloop
  endfacet
  facet normal -0.8819212643483604 0.47139673682598754 0
    outer loop
      vertex 90.6629392246051 -58.1111404660392 -3.5
      vertex 90.84775906502257 -57.76536686473018 -3.5
      vertex 90.84775906502257 -57.76536686473018 -7.5
    endloop
  endfacet
  facet normal -0.9569403357322063 0.2902846772544711 0
    outer loop
      vertex 90.84775906502257 -57.76536686473018 -3.5
      vertex 90.96157056080646 -57.390180644032256 -3.5
      vertex 90.96157056080646 -57.390180644032256 -7.5
    endloop
  endfacet
  facet normal -0.9951847266721977 0.09801714032955187 0
    outer loop
      vertex 90.96157056080646 -57.390180644032256 -3.5
      vertex 91 -57 -3.5
      vertex 91 -57 -7.5
    endloop
  endfacet
  facet normal -0.9951847266721977 -0.09801714032955187 0
    outer loop
      vertex 91 -57 -3.5
      vertex 90.96157056080646 -56.609819355967744 -3.5
      vertex 90.96157056080646 -56.609819355967744 -7.5
    endloop
  endfacet
  facet normal -0.9569403357322063 -0.2902846772544711 0
    outer loop
      vertex 90.96157056080646 -56.609819355967744 -3.5
      vertex 90.84775906502257 -56.23463313526982 -3.5
      vertex 90.84775906502257 -56.23463313526982 -7.5
    endloop
  endfacet
  facet normal 0.8819212643483604 -0.47139673682598754 0
    outer loop
      vertex 87.15224093497743 -56.23463313526982 -3.5
      vertex 87.15224093497743 -56.23463313526982 -7.5
      vertex 87.3370607753949 -55.8888595339608 -3.5
    endloop
  endfacet
  facet normal 0.7730104533627244 -0.6343932841636607 0
    outer loop
      vertex 87.3370607753949 -55.8888595339608 -3.5
      vertex 87.3370607753949 -55.8888595339608 -7.5
      vertex 87.58578643762691 -55.58578643762691 -3.5
    endloop
  endfacet
  facet normal 0.6343932841636498 -0.7730104533627333 0
    outer loop
      vertex 87.58578643762691 -55.58578643762691 -3.5
      vertex 87.58578643762691 -55.58578643762691 -7.5
      vertex 87.8888595339608 -55.33706077539491 -3.5
    endloop
  endfacet
  facet normal 0.47139673682600164 -0.8819212643483528 0
    outer loop
      vertex 87.8888595339608 -55.33706077539491 -3.5
      vertex 87.8888595339608 -55.33706077539491 -7.5
      vertex 88.23463313526982 -55.15224093497743 -3.5
    endloop
  endfacet
  facet normal 0.2902846772544711 -0.9569403357322063 0
    outer loop
      vertex 88.23463313526982 -55.15224093497743 -3.5
      vertex 88.23463313526982 -55.15224093497743 -7.5
      vertex 88.60981935596774 -55.038429439193536 -3.5
    endloop
  endfacet
  facet normal 0.09801714032955187 -0.9951847266721977 0
    outer loop
      vertex 88.60981935596774 -55.038429439193536 -3.5
      vertex 88.60981935596774 -55.038429439193536 -7.5
      vertex 89 -55 -3.5
    endloop
  endfacet
  facet normal -0.09801714032955187 -0.9951847266721977 0
    outer loop
      vertex 89 -55 -3.5
      vertex 89 -55 -7.5
      vertex 89.39018064403226 -55.038429439193536 -3.5
    endloop
  endfacet
  facet normal -0.2902846772544711 -0.9569403357322063 0
    outer loop
      vertex 89.76536686473018 -55.15224093497743 -3.5
      vertex 89.39018064403226 -55.038429439193536 -3.5
      vertex 89.39018064403226 -55.038429439193536 -7.5
    endloop
  endfacet
  facet normal -0.47139673682600164 -0.8819212643483528 0
    outer loop
      vertex 89.76536686473018 -55.15224093497743 -3.5
      vertex 89.76536686473018 -55.15224093497743 -7.5
      vertex 90.1111404660392 -55.33706077539491 -3.5
    endloop
  endfacet
  facet normal -0.6343932841636498 -0.7730104533627333 0
    outer loop
      vertex 90.41421356237309 -55.58578643762691 -3.5
      vertex 90.1111404660392 -55.33706077539491 -3.5
      vertex 90.1111404660392 -55.33706077539491 -7.5
    endloop
  endfacet
  facet normal -0.7730104533627244 -0.6343932841636607 0
    outer loop
      vertex 90.6629392246051 -55.8888595339608 -3.5
      vertex 90.41421356237309 -55.58578643762691 -3.5
      vertex 90.41421356237309 -55.58578643762691 -7.5
    endloop
  endfacet
  facet normal -0.8819212643483604 -0.47139673682598754 0
    outer loop
      vertex 90.6629392246051 -55.8888595339608 -3.5
      vertex 90.6629392246051 -55.8888595339608 -7.5
      vertex 90.84775906502257 -56.23463313526982 -3.5
    endloop
  endfacet
  facet normal 0.8819212643483604 0.47139673682598754 0
    outer loop
      vertex 87.15224093497743 56.23463313526982 -3.5
      vertex 87.3370607753949 55.8888595339608 -7.5
      vertex 87.15224093497743 56.23463313526982 -7.5
    endloop
  endfacet
  facet normal 0.7730104533627244 0.6343932841636607 0
    outer loop
      vertex 87.3370607753949 55.8888595339608 -3.5
      vertex 87.58578643762691 55.58578643762691 -7.5
      vertex 87.3370607753949 55.8888595339608 -7.5
    endloop
  endfacet
  facet normal 0.6343932841636498 0.7730104533627333 0
    outer loop
      vertex 87.58578643762691 55.58578643762691 -3.5
      vertex 87.8888595339608 55.33706077539491 -7.5
      vertex 87.58578643762691 55.58578643762691 -7.5
    endloop
  endfacet
  facet normal 0.47139673682600164 0.8819212643483528 0
    outer loop
      vertex 87.8888595339608 55.33706077539491 -3.5
      vertex 88.23463313526982 55.15224093497743 -7.5
      vertex 87.8888595339608 55.33706077539491 -7.5
    endloop
  endfacet
  facet normal 0.2902846772544711 0.9569403357322063 0
    outer loop
      vertex 88.23463313526982 55.15224093497743 -3.5
      vertex 88.60981935596774 55.038429439193536 -7.5
      vertex 88.23463313526982 55.15224093497743 -7.5
    endloop
  endfacet
  facet normal 0.09801714032955187 0.9951847266721977 0
    outer loop
      vertex 88.60981935596774 55.038429439193536 -3.5
      vertex 89 55 -7.5
      vertex 88.60981935596774 55.038429439193536 -7.5
    endloop
  endfacet
  facet normal -0.09801714032955187 0.9951847266721977 0
    outer loop
      vertex 89 55 -3.5
      vertex 89.39018064403226 55.038429439193536 -7.5
      vertex 89 55 -7.5
    endloop
  endfacet
  facet normal -0.2902846772544711 0.9569403357322063 0
    outer loop
      vertex 89.39018064403226 55.038429439193536 -3.5
      vertex 89.76536686473018 55.15224093497743 -7.5
      vertex 89.39018064403226 55.038429439193536 -7.5
    endloop
  endfacet
  facet normal -0.47139673682600164 0.8819212643483528 0
    outer loop
      vertex 89.76536686473018 55.15224093497743 -3.5
      vertex 90.1111404660392 55.33706077539491 -7.5
      vertex 89.76536686473018 55.15224093497743 -7.5
    endloop
  endfacet
  facet normal -0.6343932841636498 0.7730104533627333 0
    outer loop
      vertex 90.1111404660392 55.33706077539491 -3.5
      vertex 90.41421356237309 55.58578643762691 -7.5
      vertex 90.1111404660392 55.33706077539491 -7.5
    endloop
  endfacet
  facet normal -0.7730104533627244 0.6343932841636607 0
    outer loop
      vertex 90.41421356237309 55.58578643762691 -3.5
      vertex 90.6629392246051 55.8888595339608 -7.5
      vertex 90.41421356237309 55.58578643762691 -7.5
    endloop
  endfacet
  facet normal -0.8819212643483604 0.47139673682598754 0
    outer loop
      vertex 90.6629392246051 55.8888595339608 -3.5
      vertex 90.84775906502257 56.23463313526982 -7.5
      vertex 90.6629392246051 55.8888595339608 -7.5
    endloop
  endfacet
  facet normal 0.9569403357322063 0.2902846772544711 0
    outer loop
      vertex 87.03842943919354 56.609819355967744 -3.5
      vertex 87.15224093497743 56.23463313526982 -7.5
      vertex 87.03842943919354 56.609819355967744 -7.5
    endloop
  endfacet
  facet normal 0.9951847266721977 0.09801714032955187 0
    outer loop
      vertex 87 57 -3.5
      vertex 87.03842943919354 56.609819355967744 -7.5
      vertex 87 57 -7.5
    endloop
  endfacet
  facet normal 0.9951847266721977 -0.09801714032955187 0
    outer loop
      vertex 87.03842943919354 57.390180644032256 -3.5
      vertex 87 57 -7.5
      vertex 87.03842943919354 57.390180644032256 -7.5
    endloop
  endfacet
  facet normal 0.9569403357322063 -0.2902846772544711 0
    outer loop
      vertex 87.15224093497743 57.76536686473018 -3.5
      vertex 87.03842943919354 57.390180644032256 -7.5
      vertex 87.15224093497743 57.76536686473018 -7.5
    endloop
  endfacet
  facet normal 0.8819212643483604 -0.47139673682598754 0
    outer loop
      vertex 87.3370607753949 58.1111404660392 -3.5
      vertex 87.15224093497743 57.76536686473018 -7.5
      vertex 87.3370607753949 58.1111404660392 -7.5
    endloop
  endfacet
  facet normal 0.7730104533627244 -0.6343932841636607 0
    outer loop
      vertex 87.58578643762691 58.41421356237309 -3.5
      vertex 87.3370607753949 58.1111404660392 -7.5
      vertex 87.58578643762691 58.41421356237309 -7.5
    endloop
  endfacet
  facet normal 0.6343932841636498 -0.7730104533627333 0
    outer loop
      vertex 87.8888595339608 58.66293922460509 -3.5
      vertex 87.58578643762691 58.41421356237309 -7.5
      vertex 87.8888595339608 58.66293922460509 -7.5
    endloop
  endfacet
  facet normal 0.47139673682600164 -0.8819212643483528 0
    outer loop
      vertex 88.23463313526982 58.84775906502257 -3.5
      vertex 87.8888595339608 58.66293922460509 -7.5
      vertex 88.23463313526982 58.84775906502257 -7.5
    endloop
  endfacet
  facet normal 0.2902846772544711 -0.9569403357322063 0
    outer loop
      vertex 88.60981935596774 58.961570560806464 -3.5
      vertex 88.23463313526982 58.84775906502257 -7.5
      vertex 88.60981935596774 58.961570560806464 -7.5
    endloop
  endfacet
  facet normal 0.09801714032955187 -0.9951847266721977 0
    outer loop
      vertex 89 59 -3.5
      vertex 88.60981935596774 58.961570560806464 -7.5
      vertex 89 59 -7.5
    endloop
  endfacet
  facet normal -0.09801714032955187 -0.9951847266721977 0
    outer loop
      vertex 89.39018064403226 58.961570560806464 -3.5
      vertex 89 59 -7.5
      vertex 89.39018064403226 58.961570560806464 -7.5
    endloop
  endfacet
  facet normal -0.2902846772544711 -0.9569403357322063 0
    outer loop
      vertex 89.76536686473018 58.84775906502257 -3.5
      vertex 89.39018064403226 58.961570560806464 -7.5
      vertex 89.76536686473018 58.84775906502257 -7.5
    endloop
  endfacet
  facet normal -0.47139673682600164 -0.8819212643483528 0
    outer loop
      vertex 90.1111404660392 58.66293922460509 -3.5
      vertex 89.76536686473018 58.84775906502257 -7.5
      vertex 90.1111404660392 58.66293922460509 -7.5
    endloop
  endfacet
  facet normal -0.9569403357322063 0.2902846772544711 0
    outer loop
      vertex 90.84775906502257 56.23463313526982 -3.5
      vertex 90.96157056080646 56.609819355967744 -7.5
      vertex 90.84775906502257 56.23463313526982 -7.5
    endloop
  endfacet
  facet normal -0.9951847266721977 0.09801714032955187 0
    outer loop
      vertex 90.96157056080646 56.609819355967744 -3.5
      vertex 91 57 -7.5
      vertex 90.96157056080646 56.609819355967744 -7.5
    endloop
  endfacet
  facet normal -0.9951847266721977 -0.09801714032955187 0
    outer loop
      vertex 91 57 -3.5
      vertex 90.96157056080646 57.390180644032256 -7.5
      vertex 91 57 -7.5
    endloop
  endfacet
  facet normal -0.9569403357322063 -0.2902846772544711 0
    outer loop
      vertex 90.96157056080646 57.390180644032256 -3.5
      vertex 90.84775906502257 57.76536686473018 -7.5
      vertex 90.96157056080646 57.390180644032256 -7.5
    endloop
  endfacet
  facet normal -0.6343932841636498 -0.7730104533627333 0
    outer loop
      vertex 90.41421356237309 58.41421356237309 -3.5
      vertex 90.1111404660392 58.66293922460509 -7.5
      vertex 90.41421356237309 58.41421356237309 -7.5
    endloop
  endfacet
  facet normal -0.7730104533627244 -0.6343932841636607 0
    outer loop
      vertex 90.6629392246051 58.1111404660392 -3.5
      vertex 90.41421356237309 58.41421356237309 -7.5
      vertex 90.6629392246051 58.1111404660392 -7.5
    endloop
  endfacet
  facet normal -0.8819212643483604 -0.47139673682598754 0
    outer loop
      vertex 90.84775906502257 57.76536686473018 -3.5
      vertex 90.6629392246051 58.1111404660392 -7.5
      vertex 90.84775906502257 57.76536686473018 -7.5
    endloop
  endfacet
  facet normal 0.8819212643483604 0.47139673682598754 0
    outer loop
      vertex 87.3370607753949 55.8888595339608 -3.5
      vertex 87.3370607753949 55.8888595339608 -7.5
      vertex 87.15224093497743 56.23463313526982 -3.5
    endloop
  endfacet
  facet normal 0.7730104533627244 0.6343932841636607 0
    outer loop
      vertex 87.58578643762691 55.58578643762691 -3.5
      vertex 87.58578643762691 55.58578643762691 -7.5
      vertex 87.3370607753949 55.8888595339608 -3.5
    endloop
  endfacet
  facet normal 0.6343932841636498 0.7730104533627333 0
    outer loop
      vertex 87.58578643762691 55.58578643762691 -3.5
      vertex 87.8888595339608 55.33706077539491 -3.5
      vertex 87.8888595339608 55.33706077539491 -7.5
    endloop
  endfacet
  facet normal 0.47139673682600164 0.8819212643483528 0
    outer loop
      vertex 87.8888595339608 55.33706077539491 -3.5
      vertex 88.23463313526982 55.15224093497743 -3.5
      vertex 88.23463313526982 55.15224093497743 -7.5
    endloop
  endfacet
  facet normal 0.2902846772544711 0.9569403357322063 0
    outer loop
      vertex 88.23463313526982 55.15224093497743 -3.5
      vertex 88.60981935596774 55.038429439193536 -3.5
      vertex 88.60981935596774 55.038429439193536 -7.5
    endloop
  endfacet
  facet normal 0.09801714032955187 0.9951847266721977 0
    outer loop
      vertex 88.60981935596774 55.038429439193536 -3.5
      vertex 89 55 -3.5
      vertex 89 55 -7.5
    endloop
  endfacet
  facet normal -0.09801714032955187 0.9951847266721977 0
    outer loop
      vertex 89 55 -3.5
      vertex 89.39018064403226 55.038429439193536 -3.5
      vertex 89.39018064403226 55.038429439193536 -7.5
    endloop
  endfacet
  facet normal -0.2902846772544711 0.9569403357322063 0
    outer loop
      vertex 89.39018064403226 55.038429439193536 -3.5
      vertex 89.76536686473018 55.15224093497743 -3.5
      vertex 89.76536686473018 55.15224093497743 -7.5
    endloop
  endfacet
  facet normal -0.47139673682600164 0.8819212643483528 0
    outer loop
      vertex 89.76536686473018 55.15224093497743 -3.5
      vertex 90.1111404660392 55.33706077539491 -3.5
      vertex 90.1111404660392 55.33706077539491 -7.5
    endloop
  endfacet
  facet normal -0.6343932841636498 0.7730104533627333 0
    outer loop
      vertex 90.1111404660392 55.33706077539491 -3.5
      vertex 90.41421356237309 55.58578643762691 -3.5
      vertex 90.41421356237309 55.58578643762691 -7.5
    endloop
  endfacet
  facet normal -0.7730104533627244 0.6343932841636607 0
    outer loop
      vertex 90.41421356237309 55.58578643762691 -3.5
      vertex 90.6629392246051 55.8888595339608 -3.5
      vertex 90.6629392246051 55.8888595339608 -7.5
    endloop
  endfacet
  facet normal -0.8819212643483604 0.47139673682598754 0
    outer loop
      vertex 90.6629392246051 55.8888595339608 -3.5
      vertex 90.84775906502257 56.23463313526982 -3.5
      vertex 90.84775906502257 56.23463313526982 -7.5
    endloop
  endfacet
  facet normal 0.9569403357322063 0.2902846772544711 0
    outer loop
      vertex 87.03842943919354 56.609819355967744 -3.5
      vertex 87.15224093497743 56.23463313526982 -3.5
      vertex 87.15224093497743 56.23463313526982 -7.5
    endloop
  endfacet
  facet normal 0.9951847266721977 0.09801714032955187 0
    outer loop
      vertex 87.03842943919354 56.609819355967744 -3.5
      vertex 87.03842943919354 56.609819355967744 -7.5
      vertex 87 57 -3.5
    endloop
  endfacet
  facet normal 0.9951847266721977 -0.09801714032955187 0
    outer loop
      vertex 87 57 -3.5
      vertex 87 57 -7.5
      vertex 87.03842943919354 57.390180644032256 -3.5
    endloop
  endfacet
  facet normal 0.9569403357322063 -0.2902846772544711 0
    outer loop
      vertex 87.03842943919354 57.390180644032256 -3.5
      vertex 87.03842943919354 57.390180644032256 -7.5
      vertex 87.15224093497743 57.76536686473018 -3.5
    endloop
  endfacet
  facet normal 0.8819212643483604 -0.47139673682598754 0
    outer loop
      vertex 87.15224093497743 57.76536686473018 -3.5
      vertex 87.15224093497743 57.76536686473018 -7.5
      vertex 87.3370607753949 58.1111404660392 -3.5
    endloop
  endfacet
  facet normal 0.7730104533627244 -0.6343932841636607 0
    outer loop
      vertex 87.3370607753949 58.1111404660392 -3.5
      vertex 87.3370607753949 58.1111404660392 -7.5
      vertex 87.58578643762691 58.41421356237309 -3.5
    endloop
  endfacet
  facet normal 0.6343932841636498 -0.7730104533627333 0
    outer loop
      vertex 87.58578643762691 58.41421356237309 -3.5
      vertex 87.58578643762691 58.41421356237309 -7.5
      vertex 87.8888595339608 58.66293922460509 -3.5
    endloop
  endfacet
  facet normal 0.47139673682600164 -0.8819212643483528 0
    outer loop
      vertex 87.8888595339608 58.66293922460509 -3.5
      vertex 87.8888595339608 58.66293922460509 -7.5
      vertex 88.23463313526982 58.84775906502257 -3.5
    endloop
  endfacet
  facet normal 0.2902846772544711 -0.9569403357322063 0
    outer loop
      vertex 88.23463313526982 58.84775906502257 -3.5
      vertex 88.23463313526982 58.84775906502257 -7.5
      vertex 88.60981935596774 58.961570560806464 -3.5
    endloop
  endfacet
  facet normal 0.09801714032955187 -0.9951847266721977 0
    outer loop
      vertex 88.60981935596774 58.961570560806464 -3.5
      vertex 88.60981935596774 58.961570560806464 -7.5
      vertex 89 59 -3.5
    endloop
  endfacet
  facet normal -0.09801714032955187 -0.9951847266721977 0
    outer loop
      vertex 89 59 -3.5
      vertex 89 59 -7.5
      vertex 89.39018064403226 58.961570560806464 -3.5
    endloop
  endfacet
  facet normal -0.6343932841636498 -0.7730104533627333 0
    outer loop
      vertex 90.41421356237309 58.41421356237309 -3.5
      vertex 90.1111404660392 58.66293922460509 -3.5
      vertex 90.1111404660392 58.66293922460509 -7.5
    endloop
  endfacet
  facet normal -0.2902846772544711 -0.9569403357322063 0
    outer loop
      vertex 89.39018064403226 58.961570560806464 -3.5
      vertex 89.39018064403226 58.961570560806464 -7.5
      vertex 89.76536686473018 58.84775906502257 -3.5
    endloop
  endfacet
  facet normal -0.47139673682600164 -0.8819212643483528 0
    outer loop
      vertex 89.76536686473018 58.84775906502257 -3.5
      vertex 89.76536686473018 58.84775906502257 -7.5
      vertex 90.1111404660392 58.66293922460509 -3.5
    endloop
  endfacet
  facet normal -0.9569403357322063 0.2902846772544711 0
    outer loop
      vertex 90.84775906502257 56.23463313526982 -3.5
      vertex 90.96157056080646 56.609819355967744 -3.5
      vertex 90.96157056080646 56.609819355967744 -7.5
    endloop
  endfacet
  facet normal -0.9951847266721977 0.09801714032955187 0
    outer loop
      vertex 90.96157056080646 56.609819355967744 -3.5
      vertex 91 57 -3.5
      vertex 91 57 -7.5
    endloop
  endfacet
  facet normal -0.9951847266721977 -0.09801714032955187 0
    outer loop
      vertex 91 57 -3.5
      vertex 90.96157056080646 57.390180644032256 -3.5
      vertex 90.96157056080646 57.390180644032256 -7.5
    endloop
  endfacet
  facet normal -0.9569403357322063 -0.2902846772544711 0
    outer loop
      vertex 90.96157056080646 57.390180644032256 -3.5
      vertex 90.84775906502257 57.76536686473018 -3.5
      vertex 90.84775906502257 57.76536686473018 -7.5
    endloop
  endfacet
  facet normal -0.7730104533627244 -0.6343932841636607 0
    outer loop
      vertex 90.41421356237309 58.41421356237309 -3.5
      vertex 90.41421356237309 58.41421356237309 -7.5
      vertex 90.6629392246051 58.1111404660392 -3.5
    endloop
  endfacet
  facet normal -0.8819212643483604 -0.47139673682598754 0
    outer loop
      vertex 90.84775906502257 57.76536686473018 -3.5
      vertex 90.6629392246051 58.1111404660392 -3.5
      vertex 90.6629392246051 58.1111404660392 -7.5
    endloop
  endfacet
  facet normal 0.8819212643483523 0.471396736826003 0
    outer loop
      vertex -1.8477590650225735 -57.76536686473018 -3.5
      vertex -1.6629392246050905 -58.1111404660392 -7.5
      vertex -1.8477590650225735 -57.76536686473018 -7.5
    endloop
  endfacet
  facet normal 0.9569403357322097 0.29028467725445967 0
    outer loop
      vertex -1.9615705608064609 -57.390180644032256 -3.5
      vertex -1.8477590650225735 -57.76536686473018 -7.5
      vertex -1.9615705608064609 -57.390180644032256 -7.5
    endloop
  endfacet
  facet normal 0.9951847266721969 0.09801714032956085 0
    outer loop
      vertex -2 -57 -3.5
      vertex -1.9615705608064609 -57.390180644032256 -7.5
      vertex -2 -57 -7.5
    endloop
  endfacet
  facet normal 0.9951847266721969 -0.09801714032956085 0
    outer loop
      vertex -1.9615705608064609 -56.609819355967744 -3.5
      vertex -2 -57 -7.5
      vertex -1.9615705608064609 -56.609819355967744 -7.5
    endloop
  endfacet
  facet normal 0.9569403357322097 -0.29028467725445967 0
    outer loop
      vertex -1.8477590650225735 -56.23463313526982 -3.5
      vertex -1.9615705608064609 -56.609819355967744 -7.5
      vertex -1.8477590650225735 -56.23463313526982 -7.5
    endloop
  endfacet
  facet normal 0.47139673682599637 0.8819212643483557 0
    outer loop
      vertex -1.1111404660392044 -58.66293922460509 -3.5
      vertex -0.7653668647301796 -58.84775906502257 -7.5
      vertex -1.1111404660392044 -58.66293922460509 -7.5
    endloop
  endfacet
  facet normal 0.7730104533627361 0.6343932841636465 0
    outer loop
      vertex -1.6629392246050905 -58.1111404660392 -3.5
      vertex -1.4142135623730951 -58.41421356237309 -7.5
      vertex -1.6629392246050905 -58.1111404660392 -7.5
    endloop
  endfacet
  facet normal 0.6343932841636485 0.7730104533627344 0
    outer loop
      vertex -1.4142135623730951 -58.41421356237309 -3.5
      vertex -1.1111404660392044 -58.66293922460509 -7.5
      vertex -1.4142135623730951 -58.41421356237309 -7.5
    endloop
  endfacet
  facet normal 0.29028467725447377 0.9569403357322055 0
    outer loop
      vertex -0.7653668647301796 -58.84775906502257 -3.5
      vertex -0.3901806440322565 -58.961570560806464 -7.5
      vertex -0.7653668647301796 -58.84775906502257 -7.5
    endloop
  endfacet
  facet normal 0.09801714032955174 0.9951847266721977 0
    outer loop
      vertex -0.3901806440322565 -58.961570560806464 -3.5
      vertex 0 -59 -7.5
      vertex -0.3901806440322565 -58.961570560806464 -7.5
    endloop
  endfacet
  facet normal 0.8819212643483523 -0.471396736826003 0
    outer loop
      vertex -1.6629392246050905 -55.8888595339608 -3.5
      vertex -1.8477590650225735 -56.23463313526982 -7.5
      vertex -1.6629392246050905 -55.8888595339608 -7.5
    endloop
  endfacet
  facet normal 0.7730104533627361 -0.6343932841636465 0
    outer loop
      vertex -1.4142135623730951 -55.58578643762691 -3.5
      vertex -1.6629392246050905 -55.8888595339608 -7.5
      vertex -1.4142135623730951 -55.58578643762691 -7.5
    endloop
  endfacet
  facet normal 0.6343932841636485 -0.7730104533627344 0
    outer loop
      vertex -1.1111404660392044 -55.33706077539491 -3.5
      vertex -1.4142135623730951 -55.58578643762691 -7.5
      vertex -1.1111404660392044 -55.33706077539491 -7.5
    endloop
  endfacet
  facet normal 0.47139673682599637 -0.8819212643483557 0
    outer loop
      vertex -0.7653668647301796 -55.15224093497743 -3.5
      vertex -1.1111404660392044 -55.33706077539491 -7.5
      vertex -0.7653668647301796 -55.15224093497743 -7.5
    endloop
  endfacet
  facet normal 0.29028467725447377 -0.9569403357322055 0
    outer loop
      vertex -0.3901806440322565 -55.038429439193536 -3.5
      vertex -0.7653668647301796 -55.15224093497743 -7.5
      vertex -0.3901806440322565 -55.038429439193536 -7.5
    endloop
  endfacet
  facet normal 0.09801714032955174 -0.9951847266721977 0
    outer loop
      vertex 0 -55 -3.5
      vertex -0.3901806440322565 -55.038429439193536 -7.5
      vertex 0 -55 -7.5
    endloop
  endfacet
  facet normal 0.8819212643483523 0.471396736826003 0
    outer loop
      vertex -1.6629392246050905 -58.1111404660392 -3.5
      vertex -1.6629392246050905 -58.1111404660392 -7.5
      vertex -1.8477590650225735 -57.76536686473018 -3.5
    endloop
  endfacet
  facet normal 0.9569403357322097 0.29028467725445967 0
    outer loop
      vertex -1.8477590650225735 -57.76536686473018 -3.5
      vertex -1.8477590650225735 -57.76536686473018 -7.5
      vertex -1.9615705608064609 -57.390180644032256 -3.5
    endloop
  endfacet
  facet normal 0.9951847266721969 0.09801714032956085 0
    outer loop
      vertex -1.9615705608064609 -57.390180644032256 -3.5
      vertex -1.9615705608064609 -57.390180644032256 -7.5
      vertex -2 -57 -3.5
    endloop
  endfacet
  facet normal 0.9951847266721969 -0.09801714032956085 0
    outer loop
      vertex -2 -57 -3.5
      vertex -2 -57 -7.5
      vertex -1.9615705608064609 -56.609819355967744 -3.5
    endloop
  endfacet
  facet normal 0.9569403357322097 -0.29028467725445967 0
    outer loop
      vertex -1.9615705608064609 -56.609819355967744 -3.5
      vertex -1.9615705608064609 -56.609819355967744 -7.5
      vertex -1.8477590650225735 -56.23463313526982 -3.5
    endloop
  endfacet
  facet normal 0.47139673682599637 0.8819212643483557 0
    outer loop
      vertex -1.1111404660392044 -58.66293922460509 -3.5
      vertex -0.7653668647301796 -58.84775906502257 -3.5
      vertex -0.7653668647301796 -58.84775906502257 -7.5
    endloop
  endfacet
  facet normal 0.7730104533627361 0.6343932841636465 0
    outer loop
      vertex -1.6629392246050905 -58.1111404660392 -3.5
      vertex -1.4142135623730951 -58.41421356237309 -3.5
      vertex -1.4142135623730951 -58.41421356237309 -7.5
    endloop
  endfacet
  facet normal 0.6343932841636485 0.7730104533627344 0
    outer loop
      vertex -1.1111404660392044 -58.66293922460509 -3.5
      vertex -1.1111404660392044 -58.66293922460509 -7.5
      vertex -1.4142135623730951 -58.41421356237309 -3.5
    endloop
  endfacet
  facet normal 0.29028467725447377 0.9569403357322055 0
    outer loop
      vertex -0.7653668647301796 -58.84775906502257 -3.5
      vertex -0.3901806440322565 -58.961570560806464 -3.5
      vertex -0.3901806440322565 -58.961570560806464 -7.5
    endloop
  endfacet
  facet normal 0.09801714032955174 0.9951847266721977 0
    outer loop
      vertex -0.3901806440322565 -58.961570560806464 -3.5
      vertex 0 -59 -3.5
      vertex 0 -59 -7.5
    endloop
  endfacet
  facet normal 0.8819212643483523 -0.471396736826003 0
    outer loop
      vertex -1.8477590650225735 -56.23463313526982 -3.5
      vertex -1.8477590650225735 -56.23463313526982 -7.5
      vertex -1.6629392246050905 -55.8888595339608 -3.5
    endloop
  endfacet
  facet normal 0.7730104533627361 -0.6343932841636465 0
    outer loop
      vertex -1.6629392246050905 -55.8888595339608 -3.5
      vertex -1.6629392246050905 -55.8888595339608 -7.5
      vertex -1.4142135623730951 -55.58578643762691 -3.5
    endloop
  endfacet
  facet normal 0.6343932841636485 -0.7730104533627344 0
    outer loop
      vertex -1.4142135623730951 -55.58578643762691 -3.5
      vertex -1.4142135623730951 -55.58578643762691 -7.5
      vertex -1.1111404660392044 -55.33706077539491 -3.5
    endloop
  endfacet
  facet normal 0.47139673682599637 -0.8819212643483557 0
    outer loop
      vertex -1.1111404660392044 -55.33706077539491 -3.5
      vertex -1.1111404660392044 -55.33706077539491 -7.5
      vertex -0.7653668647301796 -55.15224093497743 -3.5
    endloop
  endfacet
  facet normal 0.29028467725447377 -0.9569403357322055 0
    outer loop
      vertex -0.7653668647301796 -55.15224093497743 -3.5
      vertex -0.7653668647301796 -55.15224093497743 -7.5
      vertex -0.3901806440322565 -55.038429439193536 -3.5
    endloop
  endfacet
  facet normal 0.09801714032955174 -0.9951847266721977 0
    outer loop
      vertex -0.3901806440322565 -55.038429439193536 -3.5
      vertex -0.3901806440322565 -55.038429439193536 -7.5
      vertex 0 -55 -3.5
    endloop
  endfacet
  facet normal -0.09801714032955174 0.9951847266721977 0
    outer loop
      vertex 0 -59 -3.5
      vertex 0.3901806440322565 -58.961570560806464 -7.5
      vertex 0 -59 -7.5
    endloop
  endfacet
  facet normal -0.29028467725447377 0.9569403357322055 0
    outer loop
      vertex 0.3901806440322565 -58.961570560806464 -3.5
      vertex 0.7653668647301796 -58.84775906502257 -7.5
      vertex 0.3901806440322565 -58.961570560806464 -7.5
    endloop
  endfacet
  facet normal -0.47139673682599637 0.8819212643483557 0
    outer loop
      vertex 0.7653668647301796 -58.84775906502257 -3.5
      vertex 1.1111404660392044 -58.66293922460509 -7.5
      vertex 0.7653668647301796 -58.84775906502257 -7.5
    endloop
  endfacet
  facet normal -0.6343932841636485 0.7730104533627344 0
    outer loop
      vertex 1.1111404660392044 -58.66293922460509 -3.5
      vertex 1.4142135623730951 -58.41421356237309 -7.5
      vertex 1.1111404660392044 -58.66293922460509 -7.5
    endloop
  endfacet
  facet normal -0.7730104533627361 0.6343932841636465 0
    outer loop
      vertex 1.4142135623730951 -58.41421356237309 -3.5
      vertex 1.6629392246050905 -58.1111404660392 -7.5
      vertex 1.4142135623730951 -58.41421356237309 -7.5
    endloop
  endfacet
  facet normal -0.8819212643483523 0.471396736826003 0
    outer loop
      vertex 1.6629392246050905 -58.1111404660392 -3.5
      vertex 1.8477590650225735 -57.76536686473018 -7.5
      vertex 1.6629392246050905 -58.1111404660392 -7.5
    endloop
  endfacet
  facet normal -0.9569403357322097 0.29028467725445967 0
    outer loop
      vertex 1.8477590650225735 -57.76536686473018 -3.5
      vertex 1.9615705608064609 -57.390180644032256 -7.5
      vertex 1.8477590650225735 -57.76536686473018 -7.5
    endloop
  endfacet
  facet normal -0.9951847266721969 0.09801714032956085 0
    outer loop
      vertex 1.9615705608064609 -57.390180644032256 -3.5
      vertex 2 -57 -7.5
      vertex 1.9615705608064609 -57.390180644032256 -7.5
    endloop
  endfacet
  facet normal -0.9951847266721969 -0.09801714032956085 0
    outer loop
      vertex 2 -57 -3.5
      vertex 1.9615705608064609 -56.609819355967744 -7.5
      vertex 2 -57 -7.5
    endloop
  endfacet
  facet normal -0.9569403357322097 -0.29028467725445967 0
    outer loop
      vertex 1.9615705608064609 -56.609819355967744 -3.5
      vertex 1.8477590650225735 -56.23463313526982 -7.5
      vertex 1.9615705608064609 -56.609819355967744 -7.5
    endloop
  endfacet
  facet normal -0.09801714032955174 -0.9951847266721977 0
    outer loop
      vertex 0.3901806440322565 -55.038429439193536 -3.5
      vertex 0 -55 -7.5
      vertex 0.3901806440322565 -55.038429439193536 -7.5
    endloop
  endfacet
  facet normal -0.29028467725447377 -0.9569403357322055 0
    outer loop
      vertex 0.7653668647301796 -55.15224093497743 -3.5
      vertex 0.3901806440322565 -55.038429439193536 -7.5
      vertex 0.7653668647301796 -55.15224093497743 -7.5
    endloop
  endfacet
  facet normal -0.6343932841636485 -0.7730104533627344 0
    outer loop
      vertex 1.4142135623730951 -55.58578643762691 -3.5
      vertex 1.1111404660392044 -55.33706077539491 -7.5
      vertex 1.4142135623730951 -55.58578643762691 -7.5
    endloop
  endfacet
  facet normal -0.7730104533627361 -0.6343932841636465 0
    outer loop
      vertex 1.6629392246050905 -55.8888595339608 -3.5
      vertex 1.4142135623730951 -55.58578643762691 -7.5
      vertex 1.6629392246050905 -55.8888595339608 -7.5
    endloop
  endfacet
  facet normal -0.47139673682599637 -0.8819212643483557 0
    outer loop
      vertex 1.1111404660392044 -55.33706077539491 -3.5
      vertex 0.7653668647301796 -55.15224093497743 -7.5
      vertex 1.1111404660392044 -55.33706077539491 -7.5
    endloop
  endfacet
  facet normal -0.8819212643483523 -0.471396736826003 0
    outer loop
      vertex 1.8477590650225735 -56.23463313526982 -3.5
      vertex 1.6629392246050905 -55.8888595339608 -7.5
      vertex 1.8477590650225735 -56.23463313526982 -7.5
    endloop
  endfacet
  facet normal -0.09801714032955174 0.9951847266721977 0
    outer loop
      vertex 0 -59 -3.5
      vertex 0.3901806440322565 -58.961570560806464 -3.5
      vertex 0.3901806440322565 -58.961570560806464 -7.5
    endloop
  endfacet
  facet normal -0.29028467725447377 0.9569403357322055 0
    outer loop
      vertex 0.3901806440322565 -58.961570560806464 -3.5
      vertex 0.7653668647301796 -58.84775906502257 -3.5
      vertex 0.7653668647301796 -58.84775906502257 -7.5
    endloop
  endfacet
  facet normal -0.47139673682599637 0.8819212643483557 0
    outer loop
      vertex 0.7653668647301796 -58.84775906502257 -3.5
      vertex 1.1111404660392044 -58.66293922460509 -3.5
      vertex 1.1111404660392044 -58.66293922460509 -7.5
    endloop
  endfacet
  facet normal -0.6343932841636485 0.7730104533627344 0
    outer loop
      vertex 1.1111404660392044 -58.66293922460509 -3.5
      vertex 1.4142135623730951 -58.41421356237309 -3.5
      vertex 1.4142135623730951 -58.41421356237309 -7.5
    endloop
  endfacet
  facet normal -0.7730104533627361 0.6343932841636465 0
    outer loop
      vertex 1.4142135623730951 -58.41421356237309 -3.5
      vertex 1.6629392246050905 -58.1111404660392 -3.5
      vertex 1.6629392246050905 -58.1111404660392 -7.5
    endloop
  endfacet
  facet normal -0.8819212643483523 0.471396736826003 0
    outer loop
      vertex 1.6629392246050905 -58.1111404660392 -3.5
      vertex 1.8477590650225735 -57.76536686473018 -3.5
      vertex 1.8477590650225735 -57.76536686473018 -7.5
    endloop
  endfacet
  facet normal -0.9569403357322097 0.29028467725445967 0
    outer loop
      vertex 1.8477590650225735 -57.76536686473018 -3.5
      vertex 1.9615705608064609 -57.390180644032256 -3.5
      vertex 1.9615705608064609 -57.390180644032256 -7.5
    endloop
  endfacet
  facet normal -0.9951847266721969 0.09801714032956085 0
    outer loop
      vertex 1.9615705608064609 -57.390180644032256 -3.5
      vertex 2 -57 -3.5
      vertex 2 -57 -7.5
    endloop
  endfacet
  facet normal -0.9951847266721969 -0.09801714032956085 0
    outer loop
      vertex 2 -57 -3.5
      vertex 1.9615705608064609 -56.609819355967744 -3.5
      vertex 1.9615705608064609 -56.609819355967744 -7.5
    endloop
  endfacet
  facet normal -0.9569403357322097 -0.29028467725445967 0
    outer loop
      vertex 1.9615705608064609 -56.609819355967744 -3.5
      vertex 1.8477590650225735 -56.23463313526982 -3.5
      vertex 1.8477590650225735 -56.23463313526982 -7.5
    endloop
  endfacet
  facet normal -0.09801714032955174 -0.9951847266721977 0
    outer loop
      vertex 0 -55 -3.5
      vertex 0 -55 -7.5
      vertex 0.3901806440322565 -55.038429439193536 -3.5
    endloop
  endfacet
  facet normal -0.29028467725447377 -0.9569403357322055 0
    outer loop
      vertex 0.7653668647301796 -55.15224093497743 -3.5
      vertex 0.3901806440322565 -55.038429439193536 -3.5
      vertex 0.3901806440322565 -55.038429439193536 -7.5
    endloop
  endfacet
  facet normal -0.7730104533627361 -0.6343932841636465 0
    outer loop
      vertex 1.4142135623730951 -55.58578643762691 -3.5
      vertex 1.4142135623730951 -55.58578643762691 -7.5
      vertex 1.6629392246050905 -55.8888595339608 -3.5
    endloop
  endfacet
  facet normal -0.47139673682599637 -0.8819212643483557 0
    outer loop
      vertex 0.7653668647301796 -55.15224093497743 -3.5
      vertex 0.7653668647301796 -55.15224093497743 -7.5
      vertex 1.1111404660392044 -55.33706077539491 -3.5
    endloop
  endfacet
  facet normal -0.6343932841636485 -0.7730104533627344 0
    outer loop
      vertex 1.4142135623730951 -55.58578643762691 -3.5
      vertex 1.1111404660392044 -55.33706077539491 -3.5
      vertex 1.1111404660392044 -55.33706077539491 -7.5
    endloop
  endfacet
  facet normal -0.8819212643483523 -0.471396736826003 0
    outer loop
      vertex 1.6629392246050905 -55.8888595339608 -3.5
      vertex 1.6629392246050905 -55.8888595339608 -7.5
      vertex 1.8477590650225735 -56.23463313526982 -3.5
    endloop
  endfacet
  facet normal 0.8819212643483523 0.471396736826003 0
    outer loop
      vertex -1.8477590650225735 56.23463313526982 -3.5
      vertex -1.6629392246050905 55.8888595339608 -7.5
      vertex -1.8477590650225735 56.23463313526982 -7.5
    endloop
  endfacet
  facet normal 0.47139673682599637 0.8819212643483557 0
    outer loop
      vertex -1.1111404660392044 55.33706077539491 -3.5
      vertex -0.7653668647301796 55.15224093497743 -7.5
      vertex -1.1111404660392044 55.33706077539491 -7.5
    endloop
  endfacet
  facet normal 0.7730104533627361 0.6343932841636465 0
    outer loop
      vertex -1.6629392246050905 55.8888595339608 -3.5
      vertex -1.4142135623730951 55.58578643762691 -7.5
      vertex -1.6629392246050905 55.8888595339608 -7.5
    endloop
  endfacet
  facet normal 0.6343932841636485 0.7730104533627344 0
    outer loop
      vertex -1.4142135623730951 55.58578643762691 -3.5
      vertex -1.1111404660392044 55.33706077539491 -7.5
      vertex -1.4142135623730951 55.58578643762691 -7.5
    endloop
  endfacet
  facet normal 0.29028467725447377 0.9569403357322055 0
    outer loop
      vertex -0.7653668647301796 55.15224093497743 -3.5
      vertex -0.3901806440322565 55.038429439193536 -7.5
      vertex -0.7653668647301796 55.15224093497743 -7.5
    endloop
  endfacet
  facet normal 0.09801714032955174 0.9951847266721977 0
    outer loop
      vertex -0.3901806440322565 55.038429439193536 -3.5
      vertex 0 55 -7.5
      vertex -0.3901806440322565 55.038429439193536 -7.5
    endloop
  endfacet
  facet normal 0.9569403357322097 0.29028467725445967 0
    outer loop
      vertex -1.9615705608064609 56.609819355967744 -3.5
      vertex -1.8477590650225735 56.23463313526982 -7.5
      vertex -1.9615705608064609 56.609819355967744 -7.5
    endloop
  endfacet
  facet normal 0.9951847266721969 0.09801714032956085 0
    outer loop
      vertex -2 57 -3.5
      vertex -1.9615705608064609 56.609819355967744 -7.5
      vertex -2 57 -7.5
    endloop
  endfacet
  facet normal 0.9951847266721969 -0.09801714032956085 0
    outer loop
      vertex -1.9615705608064609 57.390180644032256 -3.5
      vertex -2 57 -7.5
      vertex -1.9615705608064609 57.390180644032256 -7.5
    endloop
  endfacet
  facet normal 0.9569403357322097 -0.29028467725445967 0
    outer loop
      vertex -1.8477590650225735 57.76536686473018 -3.5
      vertex -1.9615705608064609 57.390180644032256 -7.5
      vertex -1.8477590650225735 57.76536686473018 -7.5
    endloop
  endfacet
  facet normal 0.8819212643483523 -0.471396736826003 0
    outer loop
      vertex -1.6629392246050905 58.1111404660392 -3.5
      vertex -1.8477590650225735 57.76536686473018 -7.5
      vertex -1.6629392246050905 58.1111404660392 -7.5
    endloop
  endfacet
  facet normal 0.7730104533627361 -0.6343932841636465 0
    outer loop
      vertex -1.4142135623730951 58.41421356237309 -3.5
      vertex -1.6629392246050905 58.1111404660392 -7.5
      vertex -1.4142135623730951 58.41421356237309 -7.5
    endloop
  endfacet
  facet normal 0.6343932841636485 -0.7730104533627344 0
    outer loop
      vertex -1.1111404660392044 58.66293922460509 -3.5
      vertex -1.4142135623730951 58.41421356237309 -7.5
      vertex -1.1111404660392044 58.66293922460509 -7.5
    endloop
  endfacet
  facet normal 0.47139673682599637 -0.8819212643483557 0
    outer loop
      vertex -0.7653668647301796 58.84775906502257 -3.5
      vertex -1.1111404660392044 58.66293922460509 -7.5
      vertex -0.7653668647301796 58.84775906502257 -7.5
    endloop
  endfacet
  facet normal 0.29028467725447377 -0.9569403357322055 0
    outer loop
      vertex -0.3901806440322565 58.961570560806464 -3.5
      vertex -0.7653668647301796 58.84775906502257 -7.5
      vertex -0.3901806440322565 58.961570560806464 -7.5
    endloop
  endfacet
  facet normal 0.09801714032955174 -0.9951847266721977 0
    outer loop
      vertex 0 59 -3.5
      vertex -0.3901806440322565 58.961570560806464 -7.5
      vertex 0 59 -7.5
    endloop
  endfacet
  facet normal 0.8819212643483523 0.471396736826003 0
    outer loop
      vertex -1.8477590650225735 56.23463313526982 -3.5
      vertex -1.6629392246050905 55.8888595339608 -3.5
      vertex -1.6629392246050905 55.8888595339608 -7.5
    endloop
  endfacet
  facet normal 0.6343932841636485 0.7730104533627344 0
    outer loop
      vertex -1.1111404660392044 55.33706077539491 -3.5
      vertex -1.1111404660392044 55.33706077539491 -7.5
      vertex -1.4142135623730951 55.58578643762691 -3.5
    endloop
  endfacet
  facet normal 0.47139673682599637 0.8819212643483557 0
    outer loop
      vertex -1.1111404660392044 55.33706077539491 -3.5
      vertex -0.7653668647301796 55.15224093497743 -3.5
      vertex -0.7653668647301796 55.15224093497743 -7.5
    endloop
  endfacet
  facet normal 0.7730104533627361 0.6343932841636465 0
    outer loop
      vertex -1.6629392246050905 55.8888595339608 -3.5
      vertex -1.4142135623730951 55.58578643762691 -3.5
      vertex -1.4142135623730951 55.58578643762691 -7.5
    endloop
  endfacet
  facet normal 0.29028467725447377 0.9569403357322055 0
    outer loop
      vertex -0.3901806440322565 55.038429439193536 -3.5
      vertex -0.3901806440322565 55.038429439193536 -7.5
      vertex -0.7653668647301796 55.15224093497743 -3.5
    endloop
  endfacet
  facet normal 0.09801714032955174 0.9951847266721977 0
    outer loop
      vertex -0.3901806440322565 55.038429439193536 -3.5
      vertex 0 55 -3.5
      vertex 0 55 -7.5
    endloop
  endfacet
  facet normal 0.9569403357322097 0.29028467725445967 0
    outer loop
      vertex -1.8477590650225735 56.23463313526982 -3.5
      vertex -1.8477590650225735 56.23463313526982 -7.5
      vertex -1.9615705608064609 56.609819355967744 -3.5
    endloop
  endfacet
  facet normal 0.9951847266721969 0.09801714032956085 0
    outer loop
      vertex -1.9615705608064609 56.609819355967744 -3.5
      vertex -1.9615705608064609 56.609819355967744 -7.5
      vertex -2 57 -3.5
    endloop
  endfacet
  facet normal 0.9951847266721969 -0.09801714032956085 0
    outer loop
      vertex -2 57 -3.5
      vertex -2 57 -7.5
      vertex -1.9615705608064609 57.390180644032256 -3.5
    endloop
  endfacet
  facet normal 0.9569403357322097 -0.29028467725445967 0
    outer loop
      vertex -1.9615705608064609 57.390180644032256 -3.5
      vertex -1.9615705608064609 57.390180644032256 -7.5
      vertex -1.8477590650225735 57.76536686473018 -3.5
    endloop
  endfacet
  facet normal 0.8819212643483523 -0.471396736826003 0
    outer loop
      vertex -1.8477590650225735 57.76536686473018 -3.5
      vertex -1.8477590650225735 57.76536686473018 -7.5
      vertex -1.6629392246050905 58.1111404660392 -3.5
    endloop
  endfacet
  facet normal 0.7730104533627361 -0.6343932841636465 0
    outer loop
      vertex -1.6629392246050905 58.1111404660392 -3.5
      vertex -1.6629392246050905 58.1111404660392 -7.5
      vertex -1.4142135623730951 58.41421356237309 -3.5
    endloop
  endfacet
  facet normal 0.6343932841636485 -0.7730104533627344 0
    outer loop
      vertex -1.4142135623730951 58.41421356237309 -3.5
      vertex -1.4142135623730951 58.41421356237309 -7.5
      vertex -1.1111404660392044 58.66293922460509 -3.5
    endloop
  endfacet
  facet normal 0.47139673682599637 -0.8819212643483557 0
    outer loop
      vertex -1.1111404660392044 58.66293922460509 -3.5
      vertex -1.1111404660392044 58.66293922460509 -7.5
      vertex -0.7653668647301796 58.84775906502257 -3.5
    endloop
  endfacet
  facet normal 0.29028467725447377 -0.9569403357322055 0
    outer loop
      vertex -0.7653668647301796 58.84775906502257 -3.5
      vertex -0.7653668647301796 58.84775906502257 -7.5
      vertex -0.3901806440322565 58.961570560806464 -3.5
    endloop
  endfacet
  facet normal 0.09801714032955174 -0.9951847266721977 0
    outer loop
      vertex -0.3901806440322565 58.961570560806464 -3.5
      vertex -0.3901806440322565 58.961570560806464 -7.5
      vertex 0 59 -3.5
    endloop
  endfacet
  facet normal -0.09801714032955174 0.9951847266721977 0
    outer loop
      vertex 0 55 -3.5
      vertex 0.3901806440322565 55.038429439193536 -7.5
      vertex 0 55 -7.5
    endloop
  endfacet
  facet normal -0.29028467725447377 0.9569403357322055 0
    outer loop
      vertex 0.3901806440322565 55.038429439193536 -3.5
      vertex 0.7653668647301796 55.15224093497743 -7.5
      vertex 0.3901806440322565 55.038429439193536 -7.5
    endloop
  endfacet
  facet normal -0.47139673682599637 0.8819212643483557 0
    outer loop
      vertex 0.7653668647301796 55.15224093497743 -3.5
      vertex 1.1111404660392044 55.33706077539491 -7.5
      vertex 0.7653668647301796 55.15224093497743 -7.5
    endloop
  endfacet
  facet normal -0.6343932841636485 0.7730104533627344 0
    outer loop
      vertex 1.1111404660392044 55.33706077539491 -3.5
      vertex 1.4142135623730951 55.58578643762691 -7.5
      vertex 1.1111404660392044 55.33706077539491 -7.5
    endloop
  endfacet
  facet normal -0.7730104533627361 0.6343932841636465 0
    outer loop
      vertex 1.4142135623730951 55.58578643762691 -3.5
      vertex 1.6629392246050905 55.8888595339608 -7.5
      vertex 1.4142135623730951 55.58578643762691 -7.5
    endloop
  endfacet
  facet normal -0.8819212643483523 0.471396736826003 0
    outer loop
      vertex 1.6629392246050905 55.8888595339608 -3.5
      vertex 1.8477590650225735 56.23463313526982 -7.5
      vertex 1.6629392246050905 55.8888595339608 -7.5
    endloop
  endfacet
  facet normal -0.09801714032955174 -0.9951847266721977 0
    outer loop
      vertex 0.3901806440322565 58.961570560806464 -3.5
      vertex 0 59 -7.5
      vertex 0.3901806440322565 58.961570560806464 -7.5
    endloop
  endfacet
  facet normal -0.29028467725447377 -0.9569403357322055 0
    outer loop
      vertex 0.7653668647301796 58.84775906502257 -3.5
      vertex 0.3901806440322565 58.961570560806464 -7.5
      vertex 0.7653668647301796 58.84775906502257 -7.5
    endloop
  endfacet
  facet normal -0.6343932841636485 -0.7730104533627344 0
    outer loop
      vertex 1.4142135623730951 58.41421356237309 -3.5
      vertex 1.1111404660392044 58.66293922460509 -7.5
      vertex 1.4142135623730951 58.41421356237309 -7.5
    endloop
  endfacet
  facet normal -0.7730104533627361 -0.6343932841636465 0
    outer loop
      vertex 1.6629392246050905 58.1111404660392 -3.5
      vertex 1.4142135623730951 58.41421356237309 -7.5
      vertex 1.6629392246050905 58.1111404660392 -7.5
    endloop
  endfacet
  facet normal -0.47139673682599637 -0.8819212643483557 0
    outer loop
      vertex 1.1111404660392044 58.66293922460509 -3.5
      vertex 0.7653668647301796 58.84775906502257 -7.5
      vertex 1.1111404660392044 58.66293922460509 -7.5
    endloop
  endfacet
  facet normal -0.9569403357322097 0.29028467725445967 0
    outer loop
      vertex 1.8477590650225735 56.23463313526982 -3.5
      vertex 1.9615705608064609 56.609819355967744 -7.5
      vertex 1.8477590650225735 56.23463313526982 -7.5
    endloop
  endfacet
  facet normal -0.9951847266721969 0.09801714032956085 0
    outer loop
      vertex 1.9615705608064609 56.609819355967744 -3.5
      vertex 2 57 -7.5
      vertex 1.9615705608064609 56.609819355967744 -7.5
    endloop
  endfacet
  facet normal -0.9951847266721969 -0.09801714032956085 0
    outer loop
      vertex 2 57 -3.5
      vertex 1.9615705608064609 57.390180644032256 -7.5
      vertex 2 57 -7.5
    endloop
  endfacet
  facet normal -0.9569403357322097 -0.29028467725445967 0
    outer loop
      vertex 1.9615705608064609 57.390180644032256 -3.5
      vertex 1.8477590650225735 57.76536686473018 -7.5
      vertex 1.9615705608064609 57.390180644032256 -7.5
    endloop
  endfacet
  facet normal -0.8819212643483523 -0.471396736826003 0
    outer loop
      vertex 1.8477590650225735 57.76536686473018 -3.5
      vertex 1.6629392246050905 58.1111404660392 -7.5
      vertex 1.8477590650225735 57.76536686473018 -7.5
    endloop
  endfacet
  facet normal -0.09801714032955174 0.9951847266721977 0
    outer loop
      vertex 0 55 -3.5
      vertex 0.3901806440322565 55.038429439193536 -3.5
      vertex 0.3901806440322565 55.038429439193536 -7.5
    endloop
  endfacet
  facet normal -0.29028467725447377 0.9569403357322055 0
    outer loop
      vertex 0.3901806440322565 55.038429439193536 -3.5
      vertex 0.7653668647301796 55.15224093497743 -3.5
      vertex 0.7653668647301796 55.15224093497743 -7.5
    endloop
  endfacet
  facet normal -0.47139673682599637 0.8819212643483557 0
    outer loop
      vertex 0.7653668647301796 55.15224093497743 -3.5
      vertex 1.1111404660392044 55.33706077539491 -3.5
      vertex 1.1111404660392044 55.33706077539491 -7.5
    endloop
  endfacet
  facet normal -0.6343932841636485 0.7730104533627344 0
    outer loop
      vertex 1.1111404660392044 55.33706077539491 -3.5
      vertex 1.4142135623730951 55.58578643762691 -3.5
      vertex 1.4142135623730951 55.58578643762691 -7.5
    endloop
  endfacet
  facet normal -0.7730104533627361 0.6343932841636465 0
    outer loop
      vertex 1.4142135623730951 55.58578643762691 -3.5
      vertex 1.6629392246050905 55.8888595339608 -3.5
      vertex 1.6629392246050905 55.8888595339608 -7.5
    endloop
  endfacet
  facet normal -0.8819212643483523 0.471396736826003 0
    outer loop
      vertex 1.6629392246050905 55.8888595339608 -3.5
      vertex 1.8477590650225735 56.23463313526982 -3.5
      vertex 1.8477590650225735 56.23463313526982 -7.5
    endloop
  endfacet
  facet normal -0.09801714032955174 -0.9951847266721977 0
    outer loop
      vertex 0 59 -3.5
      vertex 0 59 -7.5
      vertex 0.3901806440322565 58.961570560806464 -3.5
    endloop
  endfacet
  facet normal -0.29028467725447377 -0.9569403357322055 0
    outer loop
      vertex 0.3901806440322565 58.961570560806464 -3.5
      vertex 0.3901806440322565 58.961570560806464 -7.5
      vertex 0.7653668647301796 58.84775906502257 -3.5
    endloop
  endfacet
  facet normal -0.6343932841636485 -0.7730104533627344 0
    outer loop
      vertex 1.4142135623730951 58.41421356237309 -3.5
      vertex 1.1111404660392044 58.66293922460509 -3.5
      vertex 1.1111404660392044 58.66293922460509 -7.5
    endloop
  endfacet
  facet normal -0.7730104533627361 -0.6343932841636465 0
    outer loop
      vertex 1.4142135623730951 58.41421356237309 -3.5
      vertex 1.4142135623730951 58.41421356237309 -7.5
      vertex 1.6629392246050905 58.1111404660392 -3.5
    endloop
  endfacet
  facet normal -0.47139673682599637 -0.8819212643483557 0
    outer loop
      vertex 0.7653668647301796 58.84775906502257 -3.5
      vertex 0.7653668647301796 58.84775906502257 -7.5
      vertex 1.1111404660392044 58.66293922460509 -3.5
    endloop
  endfacet
  facet normal -0.9569403357322097 0.29028467725445967 0
    outer loop
      vertex 1.8477590650225735 56.23463313526982 -3.5
      vertex 1.9615705608064609 56.609819355967744 -3.5
      vertex 1.9615705608064609 56.609819355967744 -7.5
    endloop
  endfacet
  facet normal -0.9951847266721969 0.09801714032956085 0
    outer loop
      vertex 1.9615705608064609 56.609819355967744 -3.5
      vertex 2 57 -3.5
      vertex 2 57 -7.5
    endloop
  endfacet
  facet normal -0.9951847266721969 -0.09801714032956085 0
    outer loop
      vertex 2 57 -3.5
      vertex 1.9615705608064609 57.390180644032256 -3.5
      vertex 1.9615705608064609 57.390180644032256 -7.5
    endloop
  endfacet
  facet normal -0.9569403357322097 -0.29028467725445967 0
    outer loop
      vertex 1.9615705608064609 57.390180644032256 -3.5
      vertex 1.8477590650225735 57.76536686473018 -3.5
      vertex 1.8477590650225735 57.76536686473018 -7.5
    endloop
  endfacet
  facet normal -0.8819212643483523 -0.471396736826003 0
    outer loop
      vertex 1.8477590650225735 57.76536686473018 -3.5
      vertex 1.6629392246050905 58.1111404660392 -3.5
      vertex 1.6629392246050905 58.1111404660392 -7.5
    endloop
  endfacet
  facet normal 0.8819212643483573 0.4713967368259934 0
    outer loop
      vertex -62.49447473778047 -91.03324526738574 7.5
      vertex -62.24496795321687 -91.50003962915292 -7.5
      vertex -62.49447473778047 -91.03324526738574 -7.5
    endloop
  endfacet
  facet normal 0.956940335732207 0.29028467725446827 0
    outer loop
      vertex -62.64812025708872 -90.52674386944355 7.5
      vertex -62.49447473778047 -91.03324526738574 -7.5
      vertex -62.64812025708872 -90.52674386944355 -7.5
    endloop
  endfacet
  facet normal 0.9951847266721962 0.09801714032956838 0
    outer loop
      vertex -62.7 -90 7.5
      vertex -62.64812025708872 -90.52674386944355 -7.5
      vertex -62.7 -90 -7.5
    endloop
  endfacet
  facet normal 0.9951847266721962 -0.09801714032956838 0
    outer loop
      vertex -62.64812025708872 -89.47325613055645 7.5
      vertex -62.7 -90 -7.5
      vertex -62.64812025708872 -89.47325613055645 -7.5
    endloop
  endfacet
  facet normal 0.956940335732207 -0.29028467725446827 0
    outer loop
      vertex -62.49447473778047 -88.96675473261426 7.5
      vertex -62.64812025708872 -89.47325613055645 -7.5
      vertex -62.49447473778047 -88.96675473261426 -7.5
    endloop
  endfacet
  facet normal 0.47139673682600947 0.8819212643483488 0
    outer loop
      vertex -61.50003962915292 -92.24496795321687 7.5
      vertex -61.033245267385745 -92.49447473778048 -7.5
      vertex -61.50003962915292 -92.24496795321687 -7.5
    endloop
  endfacet
  facet normal 0.2902846772544523 0.9569403357322119 0
    outer loop
      vertex -61.033245267385745 -92.49447473778048 7.5
      vertex -60.52674386944355 -92.64812025708872 -7.5
      vertex -61.033245267385745 -92.49447473778048 -7.5
    endloop
  endfacet
  facet normal 0.773010453362745 0.6343932841636357 0
    outer loop
      vertex -62.24496795321687 -91.50003962915292 7.5
      vertex -61.90918830920368 -91.90918830920369 -7.5
      vertex -62.24496795321687 -91.50003962915292 -7.5
    endloop
  endfacet
  facet normal 0.6343932841636343 0.7730104533627462 0
    outer loop
      vertex -61.90918830920368 -91.90918830920369 7.5
      vertex -61.50003962915292 -92.24496795321687 -7.5
      vertex -61.90918830920368 -91.90918830920369 -7.5
    endloop
  endfacet
  facet normal 0.09801714032956838 0.9951847266721962 0
    outer loop
      vertex -60.52674386944355 -92.64812025708872 7.5
      vertex -60 -92.7 -7.5
      vertex -60.52674386944355 -92.64812025708872 -7.5
    endloop
  endfacet
  facet normal -0.09801714032956838 0.9951847266721962 0
    outer loop
      vertex -60 -92.7 7.5
      vertex -59.47325613055645 -92.64812025708872 -7.5
      vertex -60 -92.7 -7.5
    endloop
  endfacet
  facet normal -0.2902846772544523 0.9569403357322119 0
    outer loop
      vertex -59.47325613055645 -92.64812025708872 7.5
      vertex -58.966754732614255 -92.49447473778048 -7.5
      vertex -59.47325613055645 -92.64812025708872 -7.5
    endloop
  endfacet
  facet normal 0.8819212643483573 -0.4713967368259934 0
    outer loop
      vertex -62.24496795321687 -88.49996037084708 7.5
      vertex -62.49447473778047 -88.96675473261426 -7.5
      vertex -62.24496795321687 -88.49996037084708 -7.5
    endloop
  endfacet
  facet normal 0.773010453362745 -0.6343932841636357 0
    outer loop
      vertex -61.90918830920368 -88.09081169079631 7.5
      vertex -62.24496795321687 -88.49996037084708 -7.5
      vertex -61.90918830920368 -88.09081169079631 -7.5
    endloop
  endfacet
  facet normal 0.6343932841636343 -0.7730104533627462 0
    outer loop
      vertex -61.50003962915292 -87.75503204678313 7.5
      vertex -61.90918830920368 -88.09081169079631 -7.5
      vertex -61.50003962915292 -87.75503204678313 -7.5
    endloop
  endfacet
  facet normal 0.47139673682600947 -0.8819212643483488 0
    outer loop
      vertex -61.033245267385745 -87.50552526221952 7.5
      vertex -61.50003962915292 -87.75503204678313 -7.5
      vertex -61.033245267385745 -87.50552526221952 -7.5
    endloop
  endfacet
  facet normal -0.47139673682600947 0.8819212643483488 0
    outer loop
      vertex -58.966754732614255 -92.49447473778048 7.5
      vertex -58.49996037084708 -92.24496795321687 -7.5
      vertex -58.966754732614255 -92.49447473778048 -7.5
    endloop
  endfacet
  facet normal -0.6343932841636343 0.7730104533627462 0
    outer loop
      vertex -58.49996037084708 -92.24496795321687 7.5
      vertex -58.09081169079632 -91.90918830920369 -7.5
      vertex -58.49996037084708 -92.24496795321687 -7.5
    endloop
  endfacet
  facet normal -0.773010453362745 0.6343932841636357 0
    outer loop
      vertex -58.09081169079632 -91.90918830920369 -7.5
      vertex -58.09081169079632 -91.90918830920369 7.5
      vertex -57.75503204678313 -91.50003962915292 -7.5
    endloop
  endfacet
  facet normal -0.8819212643483573 0.4713967368259934 0
    outer loop
      vertex -57.75503204678313 -91.50003962915292 7.5
      vertex -57.50552526221953 -91.03324526738574 -7.5
      vertex -57.75503204678313 -91.50003962915292 -7.5
    endloop
  endfacet
  facet normal -0.956940335732207 0.29028467725446827 0
    outer loop
      vertex -57.50552526221953 -91.03324526738574 7.5
      vertex -57.35187974291128 -90.52674386944355 -7.5
      vertex -57.50552526221953 -91.03324526738574 -7.5
    endloop
  endfacet
  facet normal -0.47139673682600947 -0.8819212643483488 0
    outer loop
      vertex -58.49996037084708 -87.75503204678313 7.5
      vertex -58.966754732614255 -87.50552526221952 -7.5
      vertex -58.49996037084708 -87.75503204678313 -7.5
    endloop
  endfacet
  facet normal -0.773010453362745 -0.6343932841636357 0
    outer loop
      vertex -57.75503204678313 -88.49996037084708 7.5
      vertex -58.09081169079632 -88.09081169079631 -7.5
      vertex -57.75503204678313 -88.49996037084708 -7.5
    endloop
  endfacet
  facet normal -0.8819212643483573 -0.4713967368259934 0
    outer loop
      vertex -57.50552526221953 -88.96675473261426 7.5
      vertex -57.75503204678313 -88.49996037084708 -7.5
      vertex -57.50552526221953 -88.96675473261426 -7.5
    endloop
  endfacet
  facet normal -0.6343932841636343 -0.7730104533627462 0
    outer loop
      vertex -58.09081169079632 -88.09081169079631 7.5
      vertex -58.49996037084708 -87.75503204678313 -7.5
      vertex -58.09081169079632 -88.09081169079631 -7.5
    endloop
  endfacet
  facet normal -0.9951847266721962 0.09801714032956838 0
    outer loop
      vertex -57.35187974291128 -90.52674386944355 7.5
      vertex -57.3 -90 -7.5
      vertex -57.35187974291128 -90.52674386944355 -7.5
    endloop
  endfacet
  facet normal -0.9951847266721962 -0.09801714032956838 0
    outer loop
      vertex -57.3 -90 7.5
      vertex -57.35187974291128 -89.47325613055645 -7.5
      vertex -57.3 -90 -7.5
    endloop
  endfacet
  facet normal -0.956940335732207 -0.29028467725446827 0
    outer loop
      vertex -57.35187974291128 -89.47325613055645 7.5
      vertex -57.50552526221953 -88.96675473261426 -7.5
      vertex -57.35187974291128 -89.47325613055645 -7.5
    endloop
  endfacet
  facet normal 0.2902846772544523 -0.9569403357322119 0
    outer loop
      vertex -60.52674386944355 -87.35187974291128 7.5
      vertex -61.033245267385745 -87.50552526221952 -7.5
      vertex -60.52674386944355 -87.35187974291128 -7.5
    endloop
  endfacet
  facet normal 0.09801714032956838 -0.9951847266721962 0
    outer loop
      vertex -60 -87.3 7.5
      vertex -60.52674386944355 -87.35187974291128 -7.5
      vertex -60 -87.3 -7.5
    endloop
  endfacet
  facet normal -0.09801714032956838 -0.9951847266721962 0
    outer loop
      vertex -59.47325613055645 -87.35187974291128 7.5
      vertex -60 -87.3 -7.5
      vertex -59.47325613055645 -87.35187974291128 -7.5
    endloop
  endfacet
  facet normal -0.2902846772544523 -0.9569403357322119 0
    outer loop
      vertex -58.966754732614255 -87.50552526221952 7.5
      vertex -59.47325613055645 -87.35187974291128 -7.5
      vertex -58.966754732614255 -87.50552526221952 -7.5
    endloop
  endfacet
  facet normal 0.956940335732207 0.29028467725446827 0
    outer loop
      vertex -62.64812025708872 -90.52674386944355 7.5
      vertex -62.49447473778047 -91.03324526738574 7.5
      vertex -62.49447473778047 -91.03324526738574 -7.5
    endloop
  endfacet
  facet normal 0.9951847266721962 0.09801714032956838 0
    outer loop
      vertex -62.7 -90 7.5
      vertex -62.64812025708872 -90.52674386944355 7.5
      vertex -62.64812025708872 -90.52674386944355 -7.5
    endloop
  endfacet
  facet normal 0.9951847266721962 -0.09801714032956838 0
    outer loop
      vertex -62.64812025708872 -89.47325613055645 7.5
      vertex -62.7 -90 7.5
      vertex -62.7 -90 -7.5
    endloop
  endfacet
  facet normal 0.956940335732207 -0.29028467725446827 0
    outer loop
      vertex -62.49447473778047 -88.96675473261426 7.5
      vertex -62.64812025708872 -89.47325613055645 7.5
      vertex -62.64812025708872 -89.47325613055645 -7.5
    endloop
  endfacet
  facet normal 0.8819212643483573 -0.4713967368259934 0
    outer loop
      vertex -62.24496795321687 -88.49996037084708 7.5
      vertex -62.49447473778047 -88.96675473261426 7.5
      vertex -62.49447473778047 -88.96675473261426 -7.5
    endloop
  endfacet
  facet normal 0.47139673682600947 0.8819212643483488 0
    outer loop
      vertex -61.033245267385745 -92.49447473778048 7.5
      vertex -61.033245267385745 -92.49447473778048 -7.5
      vertex -61.50003962915292 -92.24496795321687 7.5
    endloop
  endfacet
  facet normal 0.773010453362745 0.6343932841636357 0
    outer loop
      vertex -62.24496795321687 -91.50003962915292 7.5
      vertex -61.90918830920368 -91.90918830920369 7.5
      vertex -61.90918830920368 -91.90918830920369 -7.5
    endloop
  endfacet
  facet normal 0.6343932841636343 0.7730104533627462 0
    outer loop
      vertex -61.50003962915292 -92.24496795321687 7.5
      vertex -61.50003962915292 -92.24496795321687 -7.5
      vertex -61.90918830920368 -91.90918830920369 7.5
    endloop
  endfacet
  facet normal 0.8819212643483573 0.4713967368259934 0
    outer loop
      vertex -62.49447473778047 -91.03324526738574 7.5
      vertex -62.24496795321687 -91.50003962915292 7.5
      vertex -62.24496795321687 -91.50003962915292 -7.5
    endloop
  endfacet
  facet normal 0.2902846772544523 0.9569403357322119 0
    outer loop
      vertex -60.52674386944355 -92.64812025708872 7.5
      vertex -60.52674386944355 -92.64812025708872 -7.5
      vertex -61.033245267385745 -92.49447473778048 7.5
    endloop
  endfacet
  facet normal 0.09801714032956838 0.9951847266721962 0
    outer loop
      vertex -60 -92.7 7.5
      vertex -60 -92.7 -7.5
      vertex -60.52674386944355 -92.64812025708872 7.5
    endloop
  endfacet
  facet normal -0.09801714032956838 0.9951847266721962 0
    outer loop
      vertex -59.47325613055645 -92.64812025708872 7.5
      vertex -59.47325613055645 -92.64812025708872 -7.5
      vertex -60 -92.7 7.5
    endloop
  endfacet
  facet normal -0.2902846772544523 0.9569403357322119 0
    outer loop
      vertex -58.966754732614255 -92.49447473778048 7.5
      vertex -58.966754732614255 -92.49447473778048 -7.5
      vertex -59.47325613055645 -92.64812025708872 7.5
    endloop
  endfacet
  facet normal 0.773010453362745 -0.6343932841636357 0
    outer loop
      vertex -61.90918830920368 -88.09081169079631 7.5
      vertex -62.24496795321687 -88.49996037084708 7.5
      vertex -62.24496795321687 -88.49996037084708 -7.5
    endloop
  endfacet
  facet normal 0.6343932841636343 -0.7730104533627462 0
    outer loop
      vertex -61.90918830920368 -88.09081169079631 7.5
      vertex -61.90918830920368 -88.09081169079631 -7.5
      vertex -61.50003962915292 -87.75503204678313 7.5
    endloop
  endfacet
  facet normal 0.47139673682600947 -0.8819212643483488 0
    outer loop
      vertex -61.50003962915292 -87.75503204678313 7.5
      vertex -61.50003962915292 -87.75503204678313 -7.5
      vertex -61.033245267385745 -87.50552526221952 7.5
    endloop
  endfacet
  facet normal -0.47139673682600947 0.8819212643483488 0
    outer loop
      vertex -58.49996037084708 -92.24496795321687 7.5
      vertex -58.49996037084708 -92.24496795321687 -7.5
      vertex -58.966754732614255 -92.49447473778048 7.5
    endloop
  endfacet
  facet normal -0.6343932841636343 0.7730104533627462 0
    outer loop
      vertex -58.09081169079632 -91.90918830920369 7.5
      vertex -58.09081169079632 -91.90918830920369 -7.5
      vertex -58.49996037084708 -92.24496795321687 7.5
    endloop
  endfacet
  facet normal -0.773010453362745 0.6343932841636357 0
    outer loop
      vertex -58.09081169079632 -91.90918830920369 7.5
      vertex -57.75503204678313 -91.50003962915292 7.5
      vertex -57.75503204678313 -91.50003962915292 -7.5
    endloop
  endfacet
  facet normal -0.8819212643483573 0.4713967368259934 0
    outer loop
      vertex -57.75503204678313 -91.50003962915292 7.5
      vertex -57.50552526221953 -91.03324526738574 7.5
      vertex -57.50552526221953 -91.03324526738574 -7.5
    endloop
  endfacet
  facet normal -0.956940335732207 0.29028467725446827 0
    outer loop
      vertex -57.50552526221953 -91.03324526738574 7.5
      vertex -57.35187974291128 -90.52674386944355 7.5
      vertex -57.35187974291128 -90.52674386944355 -7.5
    endloop
  endfacet
  facet normal -0.956940335732207 -0.29028467725446827 0
    outer loop
      vertex -57.35187974291128 -89.47325613055645 7.5
      vertex -57.50552526221953 -88.96675473261426 7.5
      vertex -57.50552526221953 -88.96675473261426 -7.5
    endloop
  endfacet
  facet normal -0.47139673682600947 -0.8819212643483488 0
    outer loop
      vertex -58.966754732614255 -87.50552526221952 7.5
      vertex -58.966754732614255 -87.50552526221952 -7.5
      vertex -58.49996037084708 -87.75503204678313 7.5
    endloop
  endfacet
  facet normal -0.6343932841636343 -0.7730104533627462 0
    outer loop
      vertex -58.49996037084708 -87.75503204678313 7.5
      vertex -58.49996037084708 -87.75503204678313 -7.5
      vertex -58.09081169079632 -88.09081169079631 7.5
    endloop
  endfacet
  facet normal -0.8819212643483573 -0.4713967368259934 0
    outer loop
      vertex -57.50552526221953 -88.96675473261426 7.5
      vertex -57.75503204678313 -88.49996037084708 7.5
      vertex -57.75503204678313 -88.49996037084708 -7.5
    endloop
  endfacet
  facet normal -0.773010453362745 -0.6343932841636357 0
    outer loop
      vertex -57.75503204678313 -88.49996037084708 7.5
      vertex -58.09081169079632 -88.09081169079631 7.5
      vertex -58.09081169079632 -88.09081169079631 -7.5
    endloop
  endfacet
  facet normal -0.9951847266721962 0.09801714032956838 0
    outer loop
      vertex -57.35187974291128 -90.52674386944355 7.5
      vertex -57.3 -90 7.5
      vertex -57.3 -90 -7.5
    endloop
  endfacet
  facet normal -0.9951847266721962 -0.09801714032956838 0
    outer loop
      vertex -57.3 -90 7.5
      vertex -57.35187974291128 -89.47325613055645 7.5
      vertex -57.35187974291128 -89.47325613055645 -7.5
    endloop
  endfacet
  facet normal 0.2902846772544523 -0.9569403357322119 0
    outer loop
      vertex -61.033245267385745 -87.50552526221952 7.5
      vertex -61.033245267385745 -87.50552526221952 -7.5
      vertex -60.52674386944355 -87.35187974291128 7.5
    endloop
  endfacet
  facet normal 0.09801714032956838 -0.9951847266721962 0
    outer loop
      vertex -60.52674386944355 -87.35187974291128 7.5
      vertex -60.52674386944355 -87.35187974291128 -7.5
      vertex -60 -87.3 7.5
    endloop
  endfacet
  facet normal -0.09801714032956838 -0.9951847266721962 0
    outer loop
      vertex -60 -87.3 7.5
      vertex -60 -87.3 -7.5
      vertex -59.47325613055645 -87.35187974291128 7.5
    endloop
  endfacet
  facet normal -0.2902846772544523 -0.9569403357322119 0
    outer loop
      vertex -59.47325613055645 -87.35187974291128 7.5
      vertex -59.47325613055645 -87.35187974291128 -7.5
      vertex -58.966754732614255 -87.50552526221952 7.5
    endloop
  endfacet
  facet normal 0.2902846772544523 0.9569403357322119 0
    outer loop
      vertex -61.033245267385745 87.50552526221952 -7.5
      vertex -61.033245267385745 87.50552526221952 7.5
      vertex -60.52674386944355 87.35187974291128 -7.5
    endloop
  endfacet
  facet normal 0.09801714032956838 0.9951847266721962 0
    outer loop
      vertex -60.52674386944355 87.35187974291128 -7.5
      vertex -60.52674386944355 87.35187974291128 7.5
      vertex -60 87.3 -7.5
    endloop
  endfacet
  facet normal -0.09801714032956838 0.9951847266721962 0
    outer loop
      vertex -60 87.3 -7.5
      vertex -60 87.3 7.5
      vertex -59.47325613055645 87.35187974291128 -7.5
    endloop
  endfacet
  facet normal -0.2902846772544523 0.9569403357322119 0
    outer loop
      vertex -59.47325613055645 87.35187974291128 -7.5
      vertex -59.47325613055645 87.35187974291128 7.5
      vertex -58.966754732614255 87.50552526221952 -7.5
    endloop
  endfacet
  facet normal 0.8819212643483573 0.4713967368259934 0
    outer loop
      vertex -62.24496795321687 88.49996037084708 -7.5
      vertex -62.49447473778047 88.96675473261426 -7.5
      vertex -62.49447473778047 88.96675473261426 7.5
    endloop
  endfacet
  facet normal 0.956940335732207 0.29028467725446827 0
    outer loop
      vertex -62.49447473778047 88.96675473261426 -7.5
      vertex -62.64812025708872 89.47325613055645 -7.5
      vertex -62.64812025708872 89.47325613055645 7.5
    endloop
  endfacet
  facet normal 0.9951847266721962 0.09801714032956838 0
    outer loop
      vertex -62.64812025708872 89.47325613055645 -7.5
      vertex -62.7 90 -7.5
      vertex -62.7 90 7.5
    endloop
  endfacet
  facet normal 0.9951847266721962 -0.09801714032956838 0
    outer loop
      vertex -62.7 90 -7.5
      vertex -62.64812025708872 90.52674386944355 -7.5
      vertex -62.64812025708872 90.52674386944355 7.5
    endloop
  endfacet
  facet normal 0.956940335732207 -0.29028467725446827 0
    outer loop
      vertex -62.64812025708872 90.52674386944355 -7.5
      vertex -62.49447473778047 91.03324526738574 -7.5
      vertex -62.49447473778047 91.03324526738574 7.5
    endloop
  endfacet
  facet normal 0.6343932841636343 0.7730104533627462 0
    outer loop
      vertex -61.90918830920368 88.09081169079631 -7.5
      vertex -61.90918830920368 88.09081169079631 7.5
      vertex -61.50003962915292 87.75503204678313 -7.5
    endloop
  endfacet
  facet normal 0.773010453362745 0.6343932841636357 0
    outer loop
      vertex -61.90918830920368 88.09081169079631 -7.5
      vertex -62.24496795321687 88.49996037084708 -7.5
      vertex -62.24496795321687 88.49996037084708 7.5
    endloop
  endfacet
  facet normal 0.47139673682600947 0.8819212643483488 0
    outer loop
      vertex -61.50003962915292 87.75503204678313 -7.5
      vertex -61.50003962915292 87.75503204678313 7.5
      vertex -61.033245267385745 87.50552526221952 -7.5
    endloop
  endfacet
  facet normal 0.8819212643483573 -0.4713967368259934 0
    outer loop
      vertex -62.49447473778047 91.03324526738574 -7.5
      vertex -62.24496795321687 91.50003962915292 -7.5
      vertex -62.24496795321687 91.50003962915292 7.5
    endloop
  endfacet
  facet normal 0.773010453362745 -0.6343932841636357 0
    outer loop
      vertex -62.24496795321687 91.50003962915292 -7.5
      vertex -61.90918830920368 91.90918830920369 -7.5
      vertex -61.90918830920368 91.90918830920369 7.5
    endloop
  endfacet
  facet normal 0.6343932841636343 -0.7730104533627462 0
    outer loop
      vertex -61.50003962915292 92.24496795321687 -7.5
      vertex -61.50003962915292 92.24496795321687 7.5
      vertex -61.90918830920368 91.90918830920369 -7.5
    endloop
  endfacet
  facet normal 0.47139673682600947 -0.8819212643483488 0
    outer loop
      vertex -61.033245267385745 92.49447473778048 -7.5
      vertex -61.033245267385745 92.49447473778048 7.5
      vertex -61.50003962915292 92.24496795321687 -7.5
    endloop
  endfacet
  facet normal 0.2902846772544523 -0.9569403357322119 0
    outer loop
      vertex -60.52674386944355 92.64812025708872 -7.5
      vertex -60.52674386944355 92.64812025708872 7.5
      vertex -61.033245267385745 92.49447473778048 -7.5
    endloop
  endfacet
  facet normal 0.09801714032956838 -0.9951847266721962 0
    outer loop
      vertex -60 92.7 -7.5
      vertex -60 92.7 7.5
      vertex -60.52674386944355 92.64812025708872 -7.5
    endloop
  endfacet
  facet normal -0.09801714032956838 -0.9951847266721962 0
    outer loop
      vertex -59.47325613055645 92.64812025708872 -7.5
      vertex -59.47325613055645 92.64812025708872 7.5
      vertex -60 92.7 -7.5
    endloop
  endfacet
  facet normal -0.2902846772544523 -0.9569403357322119 0
    outer loop
      vertex -58.966754732614255 92.49447473778048 -7.5
      vertex -58.966754732614255 92.49447473778048 7.5
      vertex -59.47325613055645 92.64812025708872 -7.5
    endloop
  endfacet
  facet normal -0.47139673682600947 0.8819212643483488 0
    outer loop
      vertex -58.966754732614255 87.50552526221952 -7.5
      vertex -58.966754732614255 87.50552526221952 7.5
      vertex -58.49996037084708 87.75503204678313 -7.5
    endloop
  endfacet
  facet normal -0.6343932841636343 0.7730104533627462 0
    outer loop
      vertex -58.49996037084708 87.75503204678313 -7.5
      vertex -58.49996037084708 87.75503204678313 7.5
      vertex -58.09081169079632 88.09081169079631 -7.5
    endloop
  endfacet
  facet normal -0.773010453362745 0.6343932841636357 0
    outer loop
      vertex -58.09081169079632 88.09081169079631 -7.5
      vertex -58.09081169079632 88.09081169079631 7.5
      vertex -57.75503204678313 88.49996037084708 -7.5
    endloop
  endfacet
  facet normal -0.8819212643483573 0.4713967368259934 0
    outer loop
      vertex -57.50552526221953 88.96675473261426 -7.5
      vertex -57.75503204678313 88.49996037084708 -7.5
      vertex -57.75503204678313 88.49996037084708 7.5
    endloop
  endfacet
  facet normal -0.956940335732207 0.29028467725446827 0
    outer loop
      vertex -57.35187974291128 89.47325613055645 -7.5
      vertex -57.50552526221953 88.96675473261426 -7.5
      vertex -57.50552526221953 88.96675473261426 7.5
    endloop
  endfacet
  facet normal -0.9951847266721962 0.09801714032956838 0
    outer loop
      vertex -57.3 90 -7.5
      vertex -57.35187974291128 89.47325613055645 -7.5
      vertex -57.35187974291128 89.47325613055645 7.5
    endloop
  endfacet
  facet normal -0.9951847266721962 -0.09801714032956838 0
    outer loop
      vertex -57.35187974291128 90.52674386944355 -7.5
      vertex -57.3 90 -7.5
      vertex -57.3 90 7.5
    endloop
  endfacet
  facet normal -0.8819212643483573 -0.4713967368259934 0
    outer loop
      vertex -57.75503204678313 91.50003962915292 -7.5
      vertex -57.50552526221953 91.03324526738574 -7.5
      vertex -57.50552526221953 91.03324526738574 7.5
    endloop
  endfacet
  facet normal -0.773010453362745 -0.6343932841636357 0
    outer loop
      vertex -58.09081169079632 91.90918830920369 -7.5
      vertex -57.75503204678313 91.50003962915292 -7.5
      vertex -57.75503204678313 91.50003962915292 7.5
    endloop
  endfacet
  facet normal -0.6343932841636343 -0.7730104533627462 0
    outer loop
      vertex -58.09081169079632 91.90918830920369 -7.5
      vertex -58.09081169079632 91.90918830920369 7.5
      vertex -58.49996037084708 92.24496795321687 -7.5
    endloop
  endfacet
  facet normal -0.47139673682600947 -0.8819212643483488 0
    outer loop
      vertex -58.49996037084708 92.24496795321687 -7.5
      vertex -58.49996037084708 92.24496795321687 7.5
      vertex -58.966754732614255 92.49447473778048 -7.5
    endloop
  endfacet
  facet normal -0.956940335732207 -0.29028467725446827 0
    outer loop
      vertex -57.50552526221953 91.03324526738574 -7.5
      vertex -57.35187974291128 90.52674386944355 -7.5
      vertex -57.35187974291128 90.52674386944355 7.5
    endloop
  endfacet
  facet normal 0.2902846772544523 0.9569403357322119 0
    outer loop
      vertex -60.52674386944355 87.35187974291128 -7.5
      vertex -61.033245267385745 87.50552526221952 7.5
      vertex -60.52674386944355 87.35187974291128 7.5
    endloop
  endfacet
  facet normal 0.09801714032956838 0.9951847266721962 0
    outer loop
      vertex -60 87.3 -7.5
      vertex -60.52674386944355 87.35187974291128 7.5
      vertex -60 87.3 7.5
    endloop
  endfacet
  facet normal -0.09801714032956838 0.9951847266721962 0
    outer loop
      vertex -59.47325613055645 87.35187974291128 -7.5
      vertex -60 87.3 7.5
      vertex -59.47325613055645 87.35187974291128 7.5
    endloop
  endfacet
  facet normal -0.2902846772544523 0.9569403357322119 0
    outer loop
      vertex -58.966754732614255 87.50552526221952 -7.5
      vertex -59.47325613055645 87.35187974291128 7.5
      vertex -58.966754732614255 87.50552526221952 7.5
    endloop
  endfacet
  facet normal 0.956940335732207 0.29028467725446827 0
    outer loop
      vertex -62.49447473778047 88.96675473261426 -7.5
      vertex -62.64812025708872 89.47325613055645 7.5
      vertex -62.49447473778047 88.96675473261426 7.5
    endloop
  endfacet
  facet normal 0.9951847266721962 0.09801714032956838 0
    outer loop
      vertex -62.64812025708872 89.47325613055645 -7.5
      vertex -62.7 90 7.5
      vertex -62.64812025708872 89.47325613055645 7.5
    endloop
  endfacet
  facet normal 0.9951847266721962 -0.09801714032956838 0
    outer loop
      vertex -62.7 90 -7.5
      vertex -62.64812025708872 90.52674386944355 7.5
      vertex -62.7 90 7.5
    endloop
  endfacet
  facet normal 0.956940335732207 -0.29028467725446827 0
    outer loop
      vertex -62.64812025708872 90.52674386944355 -7.5
      vertex -62.49447473778047 91.03324526738574 7.5
      vertex -62.64812025708872 90.52674386944355 7.5
    endloop
  endfacet
  facet normal 0.8819212643483573 -0.4713967368259934 0
    outer loop
      vertex -62.49447473778047 91.03324526738574 -7.5
      vertex -62.24496795321687 91.50003962915292 7.5
      vertex -62.49447473778047 91.03324526738574 7.5
    endloop
  endfacet
  facet normal 0.773010453362745 0.6343932841636357 0
    outer loop
      vertex -61.90918830920368 88.09081169079631 -7.5
      vertex -62.24496795321687 88.49996037084708 7.5
      vertex -61.90918830920368 88.09081169079631 7.5
    endloop
  endfacet
  facet normal 0.6343932841636343 0.7730104533627462 0
    outer loop
      vertex -61.50003962915292 87.75503204678313 -7.5
      vertex -61.90918830920368 88.09081169079631 7.5
      vertex -61.50003962915292 87.75503204678313 7.5
    endloop
  endfacet
  facet normal 0.8819212643483573 0.4713967368259934 0
    outer loop
      vertex -62.24496795321687 88.49996037084708 -7.5
      vertex -62.49447473778047 88.96675473261426 7.5
      vertex -62.24496795321687 88.49996037084708 7.5
    endloop
  endfacet
  facet normal 0.47139673682600947 0.8819212643483488 0
    outer loop
      vertex -61.033245267385745 87.50552526221952 -7.5
      vertex -61.50003962915292 87.75503204678313 7.5
      vertex -61.033245267385745 87.50552526221952 7.5
    endloop
  endfacet
  facet normal 0.773010453362745 -0.6343932841636357 0
    outer loop
      vertex -62.24496795321687 91.50003962915292 -7.5
      vertex -61.90918830920368 91.90918830920369 7.5
      vertex -62.24496795321687 91.50003962915292 7.5
    endloop
  endfacet
  facet normal 0.6343932841636343 -0.7730104533627462 0
    outer loop
      vertex -61.90918830920368 91.90918830920369 -7.5
      vertex -61.50003962915292 92.24496795321687 7.5
      vertex -61.90918830920368 91.90918830920369 7.5
    endloop
  endfacet
  facet normal 0.47139673682600947 -0.8819212643483488 0
    outer loop
      vertex -61.50003962915292 92.24496795321687 -7.5
      vertex -61.033245267385745 92.49447473778048 7.5
      vertex -61.50003962915292 92.24496795321687 7.5
    endloop
  endfacet
  facet normal 0.2902846772544523 -0.9569403357322119 0
    outer loop
      vertex -61.033245267385745 92.49447473778048 -7.5
      vertex -60.52674386944355 92.64812025708872 7.5
      vertex -61.033245267385745 92.49447473778048 7.5
    endloop
  endfacet
  facet normal 0.09801714032956838 -0.9951847266721962 0
    outer loop
      vertex -60.52674386944355 92.64812025708872 -7.5
      vertex -60 92.7 7.5
      vertex -60.52674386944355 92.64812025708872 7.5
    endloop
  endfacet
  facet normal -0.09801714032956838 -0.9951847266721962 0
    outer loop
      vertex -60 92.7 -7.5
      vertex -59.47325613055645 92.64812025708872 7.5
      vertex -60 92.7 7.5
    endloop
  endfacet
  facet normal -0.2902846772544523 -0.9569403357322119 0
    outer loop
      vertex -59.47325613055645 92.64812025708872 -7.5
      vertex -58.966754732614255 92.49447473778048 7.5
      vertex -59.47325613055645 92.64812025708872 7.5
    endloop
  endfacet
  facet normal -0.47139673682600947 0.8819212643483488 0
    outer loop
      vertex -58.49996037084708 87.75503204678313 -7.5
      vertex -58.966754732614255 87.50552526221952 7.5
      vertex -58.49996037084708 87.75503204678313 7.5
    endloop
  endfacet
  facet normal -0.6343932841636343 0.7730104533627462 0
    outer loop
      vertex -58.09081169079632 88.09081169079631 -7.5
      vertex -58.49996037084708 87.75503204678313 7.5
      vertex -58.09081169079632 88.09081169079631 7.5
    endloop
  endfacet
  facet normal -0.773010453362745 0.6343932841636357 0
    outer loop
      vertex -57.75503204678313 88.49996037084708 -7.5
      vertex -58.09081169079632 88.09081169079631 7.5
      vertex -57.75503204678313 88.49996037084708 7.5
    endloop
  endfacet
  facet normal -0.8819212643483573 0.4713967368259934 0
    outer loop
      vertex -57.50552526221953 88.96675473261426 -7.5
      vertex -57.75503204678313 88.49996037084708 7.5
      vertex -57.50552526221953 88.96675473261426 7.5
    endloop
  endfacet
  facet normal -0.956940335732207 0.29028467725446827 0
    outer loop
      vertex -57.35187974291128 89.47325613055645 -7.5
      vertex -57.50552526221953 88.96675473261426 7.5
      vertex -57.35187974291128 89.47325613055645 7.5
    endloop
  endfacet
  facet normal -0.9951847266721962 0.09801714032956838 0
    outer loop
      vertex -57.3 90 -7.5
      vertex -57.35187974291128 89.47325613055645 7.5
      vertex -57.3 90 7.5
    endloop
  endfacet
  facet normal -0.9951847266721962 -0.09801714032956838 0
    outer loop
      vertex -57.35187974291128 90.52674386944355 -7.5
      vertex -57.3 90 7.5
      vertex -57.35187974291128 90.52674386944355 7.5
    endloop
  endfacet
  facet normal -0.6343932841636343 -0.7730104533627462 0
    outer loop
      vertex -58.49996037084708 92.24496795321687 -7.5
      vertex -58.09081169079632 91.90918830920369 7.5
      vertex -58.49996037084708 92.24496795321687 7.5
    endloop
  endfacet
  facet normal -0.956940335732207 -0.29028467725446827 0
    outer loop
      vertex -57.50552526221953 91.03324526738574 -7.5
      vertex -57.35187974291128 90.52674386944355 7.5
      vertex -57.50552526221953 91.03324526738574 7.5
    endloop
  endfacet
  facet normal -0.8819212643483573 -0.4713967368259934 0
    outer loop
      vertex -57.75503204678313 91.50003962915292 -7.5
      vertex -57.50552526221953 91.03324526738574 7.5
      vertex -57.75503204678313 91.50003962915292 7.5
    endloop
  endfacet
  facet normal -0.773010453362745 -0.6343932841636357 0
    outer loop
      vertex -58.09081169079632 91.90918830920369 -7.5
      vertex -57.75503204678313 91.50003962915292 7.5
      vertex -58.09081169079632 91.90918830920369 7.5
    endloop
  endfacet
  facet normal -0.47139673682600947 -0.8819212643483488 0
    outer loop
      vertex -58.966754732614255 92.49447473778048 -7.5
      vertex -58.49996037084708 92.24496795321687 7.5
      vertex -58.966754732614255 92.49447473778048 7.5
    endloop
  endfacet
  facet normal 0.956940335732207 0.29028467725446827 0
    outer loop
      vertex 57.35187974291128 -90.52674386944355 7.5
      vertex 57.50552526221953 -91.03324526738574 -7.5
      vertex 57.35187974291128 -90.52674386944355 -7.5
    endloop
  endfacet
  facet normal 0.47139673682600947 0.8819212643483488 0
    outer loop
      vertex 58.49996037084708 -92.24496795321687 7.5
      vertex 58.966754732614255 -92.49447473778048 -7.5
      vertex 58.49996037084708 -92.24496795321687 -7.5
    endloop
  endfacet
  facet normal 0.6343932841636343 0.7730104533627462 0
    outer loop
      vertex 58.49996037084708 -92.24496795321687 -7.5
      vertex 58.09081169079632 -91.90918830920369 -7.5
      vertex 58.09081169079632 -91.90918830920369 7.5
    endloop
  endfacet
  facet normal 0.773010453362745 0.6343932841636357 0
    outer loop
      vertex 57.75503204678313 -91.50003962915292 7.5
      vertex 58.09081169079632 -91.90918830920369 -7.5
      vertex 57.75503204678313 -91.50003962915292 -7.5
    endloop
  endfacet
  facet normal 0.8819212643483573 0.4713967368259934 0
    outer loop
      vertex 57.50552526221953 -91.03324526738574 7.5
      vertex 57.75503204678313 -91.50003962915292 -7.5
      vertex 57.50552526221953 -91.03324526738574 -7.5
    endloop
  endfacet
  facet normal 0.9951847266721962 0.09801714032956838 0
    outer loop
      vertex 57.3 -90 7.5
      vertex 57.35187974291128 -90.52674386944355 -7.5
      vertex 57.3 -90 -7.5
    endloop
  endfacet
  facet normal 0.9951847266721962 -0.09801714032956838 0
    outer loop
      vertex 57.35187974291128 -89.47325613055645 7.5
      vertex 57.3 -90 -7.5
      vertex 57.35187974291128 -89.47325613055645 -7.5
    endloop
  endfacet
  facet normal 0.956940335732207 -0.29028467725446827 0
    outer loop
      vertex 57.50552526221953 -88.96675473261426 7.5
      vertex 57.35187974291128 -89.47325613055645 -7.5
      vertex 57.50552526221953 -88.96675473261426 -7.5
    endloop
  endfacet
  facet normal 0.8819212643483573 -0.4713967368259934 0
    outer loop
      vertex 57.75503204678313 -88.49996037084708 7.5
      vertex 57.50552526221953 -88.96675473261426 -7.5
      vertex 57.75503204678313 -88.49996037084708 -7.5
    endloop
  endfacet
  facet normal 0.773010453362745 -0.6343932841636357 0
    outer loop
      vertex 58.09081169079632 -88.09081169079631 7.5
      vertex 57.75503204678313 -88.49996037084708 -7.5
      vertex 58.09081169079632 -88.09081169079631 -7.5
    endloop
  endfacet
  facet normal 0.6343932841636343 -0.7730104533627462 0
    outer loop
      vertex 58.49996037084708 -87.75503204678313 7.5
      vertex 58.09081169079632 -88.09081169079631 -7.5
      vertex 58.49996037084708 -87.75503204678313 -7.5
    endloop
  endfacet
  facet normal 0.47139673682600947 -0.8819212643483488 0
    outer loop
      vertex 58.966754732614255 -87.50552526221952 7.5
      vertex 58.49996037084708 -87.75503204678313 -7.5
      vertex 58.966754732614255 -87.50552526221952 -7.5
    endloop
  endfacet
  facet normal 0.2902846772544523 0.9569403357322119 0
    outer loop
      vertex 58.966754732614255 -92.49447473778048 7.5
      vertex 59.47325613055645 -92.64812025708872 -7.5
      vertex 58.966754732614255 -92.49447473778048 -7.5
    endloop
  endfacet
  facet normal 0.09801714032956838 0.9951847266721962 0
    outer loop
      vertex 59.47325613055645 -92.64812025708872 7.5
      vertex 60 -92.7 -7.5
      vertex 59.47325613055645 -92.64812025708872 -7.5
    endloop
  endfacet
  facet normal -0.09801714032956838 0.9951847266721962 0
    outer loop
      vertex 60 -92.7 7.5
      vertex 60.52674386944355 -92.64812025708872 -7.5
      vertex 60 -92.7 -7.5
    endloop
  endfacet
  facet normal -0.2902846772544523 0.9569403357322119 0
    outer loop
      vertex 60.52674386944355 -92.64812025708872 7.5
      vertex 61.033245267385745 -92.49447473778048 -7.5
      vertex 60.52674386944355 -92.64812025708872 -7.5
    endloop
  endfacet
  facet normal -0.47139673682600947 0.8819212643483488 0
    outer loop
      vertex 61.033245267385745 -92.49447473778048 7.5
      vertex 61.50003962915292 -92.24496795321687 -7.5
      vertex 61.033245267385745 -92.49447473778048 -7.5
    endloop
  endfacet
  facet normal -0.6343932841636343 0.7730104533627462 0
    outer loop
      vertex 61.50003962915292 -92.24496795321687 7.5
      vertex 61.90918830920368 -91.90918830920369 -7.5
      vertex 61.50003962915292 -92.24496795321687 -7.5
    endloop
  endfacet
  facet normal -0.773010453362745 0.6343932841636357 0
    outer loop
      vertex 61.90918830920368 -91.90918830920369 -7.5
      vertex 61.90918830920368 -91.90918830920369 7.5
      vertex 62.24496795321687 -91.50003962915292 -7.5
    endloop
  endfacet
  facet normal -0.8819212643483573 0.4713967368259934 0
    outer loop
      vertex 62.24496795321687 -91.50003962915292 7.5
      vertex 62.49447473778047 -91.03324526738574 -7.5
      vertex 62.24496795321687 -91.50003962915292 -7.5
    endloop
  endfacet
  facet normal -0.47139673682600947 -0.8819212643483488 0
    outer loop
      vertex 61.50003962915292 -87.75503204678313 7.5
      vertex 61.033245267385745 -87.50552526221952 -7.5
      vertex 61.50003962915292 -87.75503204678313 -7.5
    endloop
  endfacet
  facet normal -0.773010453362745 -0.6343932841636357 0
    outer loop
      vertex 62.24496795321687 -88.49996037084708 7.5
      vertex 61.90918830920368 -88.09081169079631 -7.5
      vertex 62.24496795321687 -88.49996037084708 -7.5
    endloop
  endfacet
  facet normal -0.6343932841636343 -0.7730104533627462 0
    outer loop
      vertex 61.50003962915292 -87.75503204678313 -7.5
      vertex 61.90918830920368 -88.09081169079631 -7.5
      vertex 61.90918830920368 -88.09081169079631 7.5
    endloop
  endfacet
  facet normal -0.956940335732207 0.29028467725446827 0
    outer loop
      vertex 62.49447473778047 -91.03324526738574 7.5
      vertex 62.64812025708872 -90.52674386944355 -7.5
      vertex 62.49447473778047 -91.03324526738574 -7.5
    endloop
  endfacet
  facet normal -0.9951847266721962 0.09801714032956838 0
    outer loop
      vertex 62.64812025708872 -90.52674386944355 7.5
      vertex 62.7 -90 -7.5
      vertex 62.64812025708872 -90.52674386944355 -7.5
    endloop
  endfacet
  facet normal -0.9951847266721962 -0.09801714032956838 0
    outer loop
      vertex 62.7 -90 7.5
      vertex 62.64812025708872 -89.47325613055645 -7.5
      vertex 62.7 -90 -7.5
    endloop
  endfacet
  facet normal -0.956940335732207 -0.29028467725446827 0
    outer loop
      vertex 62.64812025708872 -89.47325613055645 7.5
      vertex 62.49447473778047 -88.96675473261426 -7.5
      vertex 62.64812025708872 -89.47325613055645 -7.5
    endloop
  endfacet
  facet normal -0.8819212643483573 -0.4713967368259934 0
    outer loop
      vertex 62.49447473778047 -88.96675473261426 7.5
      vertex 62.24496795321687 -88.49996037084708 -7.5
      vertex 62.49447473778047 -88.96675473261426 -7.5
    endloop
  endfacet
  facet normal 0.2902846772544523 -0.9569403357322119 0
    outer loop
      vertex 59.47325613055645 -87.35187974291128 7.5
      vertex 58.966754732614255 -87.50552526221952 -7.5
      vertex 59.47325613055645 -87.35187974291128 -7.5
    endloop
  endfacet
  facet normal 0.09801714032956838 -0.9951847266721962 0
    outer loop
      vertex 60 -87.3 7.5
      vertex 59.47325613055645 -87.35187974291128 -7.5
      vertex 60 -87.3 -7.5
    endloop
  endfacet
  facet normal -0.09801714032956838 -0.9951847266721962 0
    outer loop
      vertex 60.52674386944355 -87.35187974291128 7.5
      vertex 60 -87.3 -7.5
      vertex 60.52674386944355 -87.35187974291128 -7.5
    endloop
  endfacet
  facet normal -0.2902846772544523 -0.9569403357322119 0
    outer loop
      vertex 61.033245267385745 -87.50552526221952 7.5
      vertex 60.52674386944355 -87.35187974291128 -7.5
      vertex 61.033245267385745 -87.50552526221952 -7.5
    endloop
  endfacet
  facet normal 0.47139673682600947 0.8819212643483488 0
    outer loop
      vertex 58.966754732614255 -92.49447473778048 7.5
      vertex 58.966754732614255 -92.49447473778048 -7.5
      vertex 58.49996037084708 -92.24496795321687 7.5
    endloop
  endfacet
  facet normal 0.773010453362745 0.6343932841636357 0
    outer loop
      vertex 57.75503204678313 -91.50003962915292 7.5
      vertex 58.09081169079632 -91.90918830920369 7.5
      vertex 58.09081169079632 -91.90918830920369 -7.5
    endloop
  endfacet
  facet normal 0.8819212643483573 0.4713967368259934 0
    outer loop
      vertex 57.50552526221953 -91.03324526738574 7.5
      vertex 57.75503204678313 -91.50003962915292 7.5
      vertex 57.75503204678313 -91.50003962915292 -7.5
    endloop
  endfacet
  facet normal 0.956940335732207 0.29028467725446827 0
    outer loop
      vertex 57.35187974291128 -90.52674386944355 7.5
      vertex 57.50552526221953 -91.03324526738574 7.5
      vertex 57.50552526221953 -91.03324526738574 -7.5
    endloop
  endfacet
  facet normal 0.6343932841636343 0.7730104533627462 0
    outer loop
      vertex 58.49996037084708 -92.24496795321687 7.5
      vertex 58.49996037084708 -92.24496795321687 -7.5
      vertex 58.09081169079632 -91.90918830920369 7.5
    endloop
  endfacet
  facet normal 0.9951847266721962 0.09801714032956838 0
    outer loop
      vertex 57.3 -90 7.5
      vertex 57.35187974291128 -90.52674386944355 7.5
      vertex 57.35187974291128 -90.52674386944355 -7.5
    endloop
  endfacet
  facet normal 0.9951847266721962 -0.09801714032956838 0
    outer loop
      vertex 57.35187974291128 -89.47325613055645 7.5
      vertex 57.3 -90 7.5
      vertex 57.3 -90 -7.5
    endloop
  endfacet
  facet normal 0.956940335732207 -0.29028467725446827 0
    outer loop
      vertex 57.50552526221953 -88.96675473261426 7.5
      vertex 57.35187974291128 -89.47325613055645 7.5
      vertex 57.35187974291128 -89.47325613055645 -7.5
    endloop
  endfacet
  facet normal 0.8819212643483573 -0.4713967368259934 0
    outer loop
      vertex 57.75503204678313 -88.49996037084708 7.5
      vertex 57.50552526221953 -88.96675473261426 7.5
      vertex 57.50552526221953 -88.96675473261426 -7.5
    endloop
  endfacet
  facet normal 0.773010453362745 -0.6343932841636357 0
    outer loop
      vertex 58.09081169079632 -88.09081169079631 7.5
      vertex 57.75503204678313 -88.49996037084708 7.5
      vertex 57.75503204678313 -88.49996037084708 -7.5
    endloop
  endfacet
  facet normal 0.6343932841636343 -0.7730104533627462 0
    outer loop
      vertex 58.09081169079632 -88.09081169079631 7.5
      vertex 58.09081169079632 -88.09081169079631 -7.5
      vertex 58.49996037084708 -87.75503204678313 7.5
    endloop
  endfacet
  facet normal 0.47139673682600947 -0.8819212643483488 0
    outer loop
      vertex 58.49996037084708 -87.75503204678313 7.5
      vertex 58.49996037084708 -87.75503204678313 -7.5
      vertex 58.966754732614255 -87.50552526221952 7.5
    endloop
  endfacet
  facet normal 0.2902846772544523 0.9569403357322119 0
    outer loop
      vertex 59.47325613055645 -92.64812025708872 7.5
      vertex 59.47325613055645 -92.64812025708872 -7.5
      vertex 58.966754732614255 -92.49447473778048 7.5
    endloop
  endfacet
  facet normal 0.09801714032956838 0.9951847266721962 0
    outer loop
      vertex 60 -92.7 7.5
      vertex 60 -92.7 -7.5
      vertex 59.47325613055645 -92.64812025708872 7.5
    endloop
  endfacet
  facet normal -0.09801714032956838 0.9951847266721962 0
    outer loop
      vertex 60.52674386944355 -92.64812025708872 7.5
      vertex 60.52674386944355 -92.64812025708872 -7.5
      vertex 60 -92.7 7.5
    endloop
  endfacet
  facet normal -0.2902846772544523 0.9569403357322119 0
    outer loop
      vertex 61.033245267385745 -92.49447473778048 7.5
      vertex 61.033245267385745 -92.49447473778048 -7.5
      vertex 60.52674386944355 -92.64812025708872 7.5
    endloop
  endfacet
  facet normal -0.47139673682600947 0.8819212643483488 0
    outer loop
      vertex 61.50003962915292 -92.24496795321687 7.5
      vertex 61.50003962915292 -92.24496795321687 -7.5
      vertex 61.033245267385745 -92.49447473778048 7.5
    endloop
  endfacet
  facet normal -0.6343932841636343 0.7730104533627462 0
    outer loop
      vertex 61.90918830920368 -91.90918830920369 7.5
      vertex 61.90918830920368 -91.90918830920369 -7.5
      vertex 61.50003962915292 -92.24496795321687 7.5
    endloop
  endfacet
  facet normal -0.773010453362745 0.6343932841636357 0
    outer loop
      vertex 61.90918830920368 -91.90918830920369 7.5
      vertex 62.24496795321687 -91.50003962915292 7.5
      vertex 62.24496795321687 -91.50003962915292 -7.5
    endloop
  endfacet
  facet normal -0.47139673682600947 -0.8819212643483488 0
    outer loop
      vertex 61.033245267385745 -87.50552526221952 7.5
      vertex 61.033245267385745 -87.50552526221952 -7.5
      vertex 61.50003962915292 -87.75503204678313 7.5
    endloop
  endfacet
  facet normal -0.8819212643483573 -0.4713967368259934 0
    outer loop
      vertex 62.49447473778047 -88.96675473261426 7.5
      vertex 62.24496795321687 -88.49996037084708 7.5
      vertex 62.24496795321687 -88.49996037084708 -7.5
    endloop
  endfacet
  facet normal -0.6343932841636343 -0.7730104533627462 0
    outer loop
      vertex 61.50003962915292 -87.75503204678313 7.5
      vertex 61.50003962915292 -87.75503204678313 -7.5
      vertex 61.90918830920368 -88.09081169079631 7.5
    endloop
  endfacet
  facet normal -0.773010453362745 -0.6343932841636357 0
    outer loop
      vertex 62.24496795321687 -88.49996037084708 7.5
      vertex 61.90918830920368 -88.09081169079631 7.5
      vertex 61.90918830920368 -88.09081169079631 -7.5
    endloop
  endfacet
  facet normal -0.8819212643483573 0.4713967368259934 0
    outer loop
      vertex 62.24496795321687 -91.50003962915292 7.5
      vertex 62.49447473778047 -91.03324526738574 7.5
      vertex 62.49447473778047 -91.03324526738574 -7.5
    endloop
  endfacet
  facet normal -0.956940335732207 0.29028467725446827 0
    outer loop
      vertex 62.49447473778047 -91.03324526738574 7.5
      vertex 62.64812025708872 -90.52674386944355 7.5
      vertex 62.64812025708872 -90.52674386944355 -7.5
    endloop
  endfacet
  facet normal -0.9951847266721962 0.09801714032956838 0
    outer loop
      vertex 62.64812025708872 -90.52674386944355 7.5
      vertex 62.7 -90 7.5
      vertex 62.7 -90 -7.5
    endloop
  endfacet
  facet normal -0.9951847266721962 -0.09801714032956838 0
    outer loop
      vertex 62.7 -90 7.5
      vertex 62.64812025708872 -89.47325613055645 7.5
      vertex 62.64812025708872 -89.47325613055645 -7.5
    endloop
  endfacet
  facet normal -0.956940335732207 -0.29028467725446827 0
    outer loop
      vertex 62.64812025708872 -89.47325613055645 7.5
      vertex 62.49447473778047 -88.96675473261426 7.5
      vertex 62.49447473778047 -88.96675473261426 -7.5
    endloop
  endfacet
  facet normal 0.2902846772544523 -0.9569403357322119 0
    outer loop
      vertex 58.966754732614255 -87.50552526221952 7.5
      vertex 58.966754732614255 -87.50552526221952 -7.5
      vertex 59.47325613055645 -87.35187974291128 7.5
    endloop
  endfacet
  facet normal 0.09801714032956838 -0.9951847266721962 0
    outer loop
      vertex 59.47325613055645 -87.35187974291128 7.5
      vertex 59.47325613055645 -87.35187974291128 -7.5
      vertex 60 -87.3 7.5
    endloop
  endfacet
  facet normal -0.09801714032956838 -0.9951847266721962 0
    outer loop
      vertex 60 -87.3 7.5
      vertex 60 -87.3 -7.5
      vertex 60.52674386944355 -87.35187974291128 7.5
    endloop
  endfacet
  facet normal -0.2902846772544523 -0.9569403357322119 0
    outer loop
      vertex 60.52674386944355 -87.35187974291128 7.5
      vertex 60.52674386944355 -87.35187974291128 -7.5
      vertex 61.033245267385745 -87.50552526221952 7.5
    endloop
  endfacet
  facet normal 0.2902846772544523 0.9569403357322119 0
    outer loop
      vertex 58.966754732614255 87.50552526221952 -7.5
      vertex 58.966754732614255 87.50552526221952 7.5
      vertex 59.47325613055645 87.35187974291128 -7.5
    endloop
  endfacet
  facet normal 0.09801714032956838 0.9951847266721962 0
    outer loop
      vertex 59.47325613055645 87.35187974291128 -7.5
      vertex 59.47325613055645 87.35187974291128 7.5
      vertex 60 87.3 -7.5
    endloop
  endfacet
  facet normal -0.09801714032956838 0.9951847266721962 0
    outer loop
      vertex 60 87.3 -7.5
      vertex 60 87.3 7.5
      vertex 60.52674386944355 87.35187974291128 -7.5
    endloop
  endfacet
  facet normal -0.2902846772544523 0.9569403357322119 0
    outer loop
      vertex 60.52674386944355 87.35187974291128 -7.5
      vertex 60.52674386944355 87.35187974291128 7.5
      vertex 61.033245267385745 87.50552526221952 -7.5
    endloop
  endfacet
  facet normal 0.956940335732207 0.29028467725446827 0
    outer loop
      vertex 57.50552526221953 88.96675473261426 -7.5
      vertex 57.35187974291128 89.47325613055645 -7.5
      vertex 57.35187974291128 89.47325613055645 7.5
    endloop
  endfacet
  facet normal 0.9951847266721962 0.09801714032956838 0
    outer loop
      vertex 57.35187974291128 89.47325613055645 -7.5
      vertex 57.3 90 -7.5
      vertex 57.3 90 7.5
    endloop
  endfacet
  facet normal 0.9951847266721962 -0.09801714032956838 0
    outer loop
      vertex 57.3 90 -7.5
      vertex 57.35187974291128 90.52674386944355 -7.5
      vertex 57.35187974291128 90.52674386944355 7.5
    endloop
  endfacet
  facet normal 0.6343932841636343 0.7730104533627462 0
    outer loop
      vertex 58.49996037084708 87.75503204678313 -7.5
      vertex 58.09081169079632 88.09081169079631 -7.5
      vertex 58.09081169079632 88.09081169079631 7.5
    endloop
  endfacet
  facet normal 0.8819212643483573 0.4713967368259934 0
    outer loop
      vertex 57.75503204678313 88.49996037084708 -7.5
      vertex 57.50552526221953 88.96675473261426 -7.5
      vertex 57.50552526221953 88.96675473261426 7.5
    endloop
  endfacet
  facet normal 0.773010453362745 0.6343932841636357 0
    outer loop
      vertex 58.09081169079632 88.09081169079631 -7.5
      vertex 57.75503204678313 88.49996037084708 -7.5
      vertex 57.75503204678313 88.49996037084708 7.5
    endloop
  endfacet
  facet normal 0.47139673682600947 0.8819212643483488 0
    outer loop
      vertex 58.49996037084708 87.75503204678313 -7.5
      vertex 58.49996037084708 87.75503204678313 7.5
      vertex 58.966754732614255 87.50552526221952 -7.5
    endloop
  endfacet
  facet normal 0.956940335732207 -0.29028467725446827 0
    outer loop
      vertex 57.35187974291128 90.52674386944355 -7.5
      vertex 57.50552526221953 91.03324526738574 -7.5
      vertex 57.50552526221953 91.03324526738574 7.5
    endloop
  endfacet
  facet normal 0.8819212643483573 -0.4713967368259934 0
    outer loop
      vertex 57.50552526221953 91.03324526738574 -7.5
      vertex 57.75503204678313 91.50003962915292 -7.5
      vertex 57.75503204678313 91.50003962915292 7.5
    endloop
  endfacet
  facet normal 0.773010453362745 -0.6343932841636357 0
    outer loop
      vertex 57.75503204678313 91.50003962915292 -7.5
      vertex 58.09081169079632 91.90918830920369 -7.5
      vertex 58.09081169079632 91.90918830920369 7.5
    endloop
  endfacet
  facet normal 0.6343932841636343 -0.7730104533627462 0
    outer loop
      vertex 58.49996037084708 92.24496795321687 -7.5
      vertex 58.49996037084708 92.24496795321687 7.5
      vertex 58.09081169079632 91.90918830920369 -7.5
    endloop
  endfacet
  facet normal 0.47139673682600947 -0.8819212643483488 0
    outer loop
      vertex 58.966754732614255 92.49447473778048 -7.5
      vertex 58.966754732614255 92.49447473778048 7.5
      vertex 58.49996037084708 92.24496795321687 -7.5
    endloop
  endfacet
  facet normal -0.47139673682600947 0.8819212643483488 0
    outer loop
      vertex 61.033245267385745 87.50552526221952 -7.5
      vertex 61.033245267385745 87.50552526221952 7.5
      vertex 61.50003962915292 87.75503204678313 -7.5
    endloop
  endfacet
  facet normal -0.6343932841636343 0.7730104533627462 0
    outer loop
      vertex 61.50003962915292 87.75503204678313 -7.5
      vertex 61.50003962915292 87.75503204678313 7.5
      vertex 61.90918830920368 88.09081169079631 -7.5
    endloop
  endfacet
  facet normal -0.773010453362745 0.6343932841636357 0
    outer loop
      vertex 61.90918830920368 88.09081169079631 -7.5
      vertex 61.90918830920368 88.09081169079631 7.5
      vertex 62.24496795321687 88.49996037084708 -7.5
    endloop
  endfacet
  facet normal -0.8819212643483573 0.4713967368259934 0
    outer loop
      vertex 62.49447473778047 88.96675473261426 -7.5
      vertex 62.24496795321687 88.49996037084708 -7.5
      vertex 62.24496795321687 88.49996037084708 7.5
    endloop
  endfacet
  facet normal 0.2902846772544523 -0.9569403357322119 0
    outer loop
      vertex 59.47325613055645 92.64812025708872 -7.5
      vertex 59.47325613055645 92.64812025708872 7.5
      vertex 58.966754732614255 92.49447473778048 -7.5
    endloop
  endfacet
  facet normal 0.09801714032956838 -0.9951847266721962 0
    outer loop
      vertex 60 92.7 -7.5
      vertex 60 92.7 7.5
      vertex 59.47325613055645 92.64812025708872 -7.5
    endloop
  endfacet
  facet normal -0.09801714032956838 -0.9951847266721962 0
    outer loop
      vertex 60.52674386944355 92.64812025708872 -7.5
      vertex 60.52674386944355 92.64812025708872 7.5
      vertex 60 92.7 -7.5
    endloop
  endfacet
  facet normal -0.6343932841636343 -0.7730104533627462 0
    outer loop
      vertex 61.50003962915292 92.24496795321687 -7.5
      vertex 61.90918830920368 91.90918830920369 -7.5
      vertex 61.90918830920368 91.90918830920369 7.5
    endloop
  endfacet
  facet normal -0.773010453362745 -0.6343932841636357 0
    outer loop
      vertex 61.90918830920368 91.90918830920369 -7.5
      vertex 62.24496795321687 91.50003962915292 -7.5
      vertex 62.24496795321687 91.50003962915292 7.5
    endloop
  endfacet
  facet normal -0.2902846772544523 -0.9569403357322119 0
    outer loop
      vertex 61.033245267385745 92.49447473778048 -7.5
      vertex 61.033245267385745 92.49447473778048 7.5
      vertex 60.52674386944355 92.64812025708872 -7.5
    endloop
  endfacet
  facet normal -0.47139673682600947 -0.8819212643483488 0
    outer loop
      vertex 61.50003962915292 92.24496795321687 -7.5
      vertex 61.50003962915292 92.24496795321687 7.5
      vertex 61.033245267385745 92.49447473778048 -7.5
    endloop
  endfacet
  facet normal -0.956940335732207 0.29028467725446827 0
    outer loop
      vertex 62.64812025708872 89.47325613055645 -7.5
      vertex 62.49447473778047 88.96675473261426 -7.5
      vertex 62.49447473778047 88.96675473261426 7.5
    endloop
  endfacet
  facet normal -0.9951847266721962 0.09801714032956838 0
    outer loop
      vertex 62.7 90 -7.5
      vertex 62.64812025708872 89.47325613055645 -7.5
      vertex 62.64812025708872 89.47325613055645 7.5
    endloop
  endfacet
  facet normal -0.9951847266721962 -0.09801714032956838 0
    outer loop
      vertex 62.64812025708872 90.52674386944355 -7.5
      vertex 62.7 90 -7.5
      vertex 62.7 90 7.5
    endloop
  endfacet
  facet normal -0.956940335732207 -0.29028467725446827 0
    outer loop
      vertex 62.49447473778047 91.03324526738574 -7.5
      vertex 62.64812025708872 90.52674386944355 -7.5
      vertex 62.64812025708872 90.52674386944355 7.5
    endloop
  endfacet
  facet normal -0.8819212643483573 -0.4713967368259934 0
    outer loop
      vertex 62.24496795321687 91.50003962915292 -7.5
      vertex 62.49447473778047 91.03324526738574 -7.5
      vertex 62.49447473778047 91.03324526738574 7.5
    endloop
  endfacet
  facet normal 0.2902846772544523 0.9569403357322119 0
    outer loop
      vertex 59.47325613055645 87.35187974291128 -7.5
      vertex 58.966754732614255 87.50552526221952 7.5
      vertex 59.47325613055645 87.35187974291128 7.5
    endloop
  endfacet
  facet normal 0.09801714032956838 0.9951847266721962 0
    outer loop
      vertex 60 87.3 -7.5
      vertex 59.47325613055645 87.35187974291128 7.5
      vertex 60 87.3 7.5
    endloop
  endfacet
  facet normal -0.09801714032956838 0.9951847266721962 0
    outer loop
      vertex 60.52674386944355 87.35187974291128 -7.5
      vertex 60 87.3 7.5
      vertex 60.52674386944355 87.35187974291128 7.5
    endloop
  endfacet
  facet normal -0.2902846772544523 0.9569403357322119 0
    outer loop
      vertex 61.033245267385745 87.50552526221952 -7.5
      vertex 60.52674386944355 87.35187974291128 7.5
      vertex 61.033245267385745 87.50552526221952 7.5
    endloop
  endfacet
  facet normal 0.9951847266721962 0.09801714032956838 0
    outer loop
      vertex 57.35187974291128 89.47325613055645 -7.5
      vertex 57.3 90 7.5
      vertex 57.35187974291128 89.47325613055645 7.5
    endloop
  endfacet
  facet normal 0.9951847266721962 -0.09801714032956838 0
    outer loop
      vertex 57.3 90 -7.5
      vertex 57.35187974291128 90.52674386944355 7.5
      vertex 57.3 90 7.5
    endloop
  endfacet
  facet normal 0.773010453362745 0.6343932841636357 0
    outer loop
      vertex 58.09081169079632 88.09081169079631 -7.5
      vertex 57.75503204678313 88.49996037084708 7.5
      vertex 58.09081169079632 88.09081169079631 7.5
    endloop
  endfacet
  facet normal 0.8819212643483573 0.4713967368259934 0
    outer loop
      vertex 57.75503204678313 88.49996037084708 -7.5
      vertex 57.50552526221953 88.96675473261426 7.5
      vertex 57.75503204678313 88.49996037084708 7.5
    endloop
  endfacet
  facet normal 0.6343932841636343 0.7730104533627462 0
    outer loop
      vertex 58.49996037084708 87.75503204678313 -7.5
      vertex 58.09081169079632 88.09081169079631 7.5
      vertex 58.49996037084708 87.75503204678313 7.5
    endloop
  endfacet
  facet normal 0.47139673682600947 0.8819212643483488 0
    outer loop
      vertex 58.966754732614255 87.50552526221952 -7.5
      vertex 58.49996037084708 87.75503204678313 7.5
      vertex 58.966754732614255 87.50552526221952 7.5
    endloop
  endfacet
  facet normal 0.956940335732207 0.29028467725446827 0
    outer loop
      vertex 57.50552526221953 88.96675473261426 -7.5
      vertex 57.35187974291128 89.47325613055645 7.5
      vertex 57.50552526221953 88.96675473261426 7.5
    endloop
  endfacet
  facet normal 0.956940335732207 -0.29028467725446827 0
    outer loop
      vertex 57.35187974291128 90.52674386944355 -7.5
      vertex 57.50552526221953 91.03324526738574 7.5
      vertex 57.35187974291128 90.52674386944355 7.5
    endloop
  endfacet
  facet normal 0.8819212643483573 -0.4713967368259934 0
    outer loop
      vertex 57.50552526221953 91.03324526738574 -7.5
      vertex 57.75503204678313 91.50003962915292 7.5
      vertex 57.50552526221953 91.03324526738574 7.5
    endloop
  endfacet
  facet normal 0.773010453362745 -0.6343932841636357 0
    outer loop
      vertex 57.75503204678313 91.50003962915292 -7.5
      vertex 58.09081169079632 91.90918830920369 7.5
      vertex 57.75503204678313 91.50003962915292 7.5
    endloop
  endfacet
  facet normal 0.6343932841636343 -0.7730104533627462 0
    outer loop
      vertex 58.09081169079632 91.90918830920369 -7.5
      vertex 58.49996037084708 92.24496795321687 7.5
      vertex 58.09081169079632 91.90918830920369 7.5
    endloop
  endfacet
  facet normal 0.47139673682600947 -0.8819212643483488 0
    outer loop
      vertex 58.49996037084708 92.24496795321687 -7.5
      vertex 58.966754732614255 92.49447473778048 7.5
      vertex 58.49996037084708 92.24496795321687 7.5
    endloop
  endfacet
  facet normal -0.47139673682600947 0.8819212643483488 0
    outer loop
      vertex 61.50003962915292 87.75503204678313 -7.5
      vertex 61.033245267385745 87.50552526221952 7.5
      vertex 61.50003962915292 87.75503204678313 7.5
    endloop
  endfacet
  facet normal -0.6343932841636343 0.7730104533627462 0
    outer loop
      vertex 61.90918830920368 88.09081169079631 -7.5
      vertex 61.50003962915292 87.75503204678313 7.5
      vertex 61.90918830920368 88.09081169079631 7.5
    endloop
  endfacet
  facet normal -0.773010453362745 0.6343932841636357 0
    outer loop
      vertex 62.24496795321687 88.49996037084708 -7.5
      vertex 61.90918830920368 88.09081169079631 7.5
      vertex 62.24496795321687 88.49996037084708 7.5
    endloop
  endfacet
  facet normal 0.2902846772544523 -0.9569403357322119 0
    outer loop
      vertex 58.966754732614255 92.49447473778048 -7.5
      vertex 59.47325613055645 92.64812025708872 7.5
      vertex 58.966754732614255 92.49447473778048 7.5
    endloop
  endfacet
  facet normal 0.09801714032956838 -0.9951847266721962 0
    outer loop
      vertex 59.47325613055645 92.64812025708872 -7.5
      vertex 60 92.7 7.5
      vertex 59.47325613055645 92.64812025708872 7.5
    endloop
  endfacet
  facet normal -0.09801714032956838 -0.9951847266721962 0
    outer loop
      vertex 60 92.7 -7.5
      vertex 60.52674386944355 92.64812025708872 7.5
      vertex 60 92.7 7.5
    endloop
  endfacet
  facet normal -0.2902846772544523 -0.9569403357322119 0
    outer loop
      vertex 60.52674386944355 92.64812025708872 -7.5
      vertex 61.033245267385745 92.49447473778048 7.5
      vertex 60.52674386944355 92.64812025708872 7.5
    endloop
  endfacet
  facet normal -0.8819212643483573 -0.4713967368259934 0
    outer loop
      vertex 62.24496795321687 91.50003962915292 -7.5
      vertex 62.49447473778047 91.03324526738574 7.5
      vertex 62.24496795321687 91.50003962915292 7.5
    endloop
  endfacet
  facet normal -0.6343932841636343 -0.7730104533627462 0
    outer loop
      vertex 61.50003962915292 92.24496795321687 -7.5
      vertex 61.90918830920368 91.90918830920369 7.5
      vertex 61.50003962915292 92.24496795321687 7.5
    endloop
  endfacet
  facet normal -0.773010453362745 -0.6343932841636357 0
    outer loop
      vertex 61.90918830920368 91.90918830920369 -7.5
      vertex 62.24496795321687 91.50003962915292 7.5
      vertex 61.90918830920368 91.90918830920369 7.5
    endloop
  endfacet
  facet normal -0.47139673682600947 -0.8819212643483488 0
    outer loop
      vertex 61.033245267385745 92.49447473778048 -7.5
      vertex 61.50003962915292 92.24496795321687 7.5
      vertex 61.033245267385745 92.49447473778048 7.5
    endloop
  endfacet
  facet normal -0.8819212643483573 0.4713967368259934 0
    outer loop
      vertex 62.49447473778047 88.96675473261426 -7.5
      vertex 62.24496795321687 88.49996037084708 7.5
      vertex 62.49447473778047 88.96675473261426 7.5
    endloop
  endfacet
  facet normal -0.956940335732207 0.29028467725446827 0
    outer loop
      vertex 62.64812025708872 89.47325613055645 -7.5
      vertex 62.49447473778047 88.96675473261426 7.5
      vertex 62.64812025708872 89.47325613055645 7.5
    endloop
  endfacet
  facet normal -0.9951847266721962 0.09801714032956838 0
    outer loop
      vertex 62.7 90 -7.5
      vertex 62.64812025708872 89.47325613055645 7.5
      vertex 62.7 90 7.5
    endloop
  endfacet
  facet normal -0.9951847266721962 -0.09801714032956838 0
    outer loop
      vertex 62.64812025708872 90.52674386944355 -7.5
      vertex 62.7 90 7.5
      vertex 62.64812025708872 90.52674386944355 7.5
    endloop
  endfacet
  facet normal -0.956940335732207 -0.29028467725446827 0
    outer loop
      vertex 62.49447473778047 91.03324526738574 -7.5
      vertex 62.64812025708872 90.52674386944355 7.5
      vertex 62.49447473778047 91.03324526738574 7.5
    endloop
  endfacet
  facet normal 0 0 -1
    outer loop
      vertex -105 -100 -7.5
      vertex -90.41421356237309 -58.41421356237309 -7.5
      vertex -90.1111404660392 -58.66293922460509 -7.5
    endloop
  endfacet
  facet normal 0 0 -1
    outer loop
      vertex -105 -100 -7.5
      vertex -90.84775906502257 -57.76536686473018 -7.5
      vertex -90.6629392246051 -58.1111404660392 -7.5
    endloop
  endfacet
  facet normal 0 0 -1
    outer loop
      vertex -105 -100 -7.5
      vertex -90.6629392246051 -58.1111404660392 -7.5
      vertex -90.41421356237309 -58.41421356237309 -7.5
    endloop
  endfacet
  facet normal 0 0 -1
    outer loop
      vertex -105 -100 -7.5
      vertex -90.96157056080646 -57.390180644032256 -7.5
      vertex -90.84775906502257 -57.76536686473018 -7.5
    endloop
  endfacet
  facet normal 0 0 -1
    outer loop
      vertex -105 -100 -7.5
      vertex -91 -57 -7.5
      vertex -90.96157056080646 -57.390180644032256 -7.5
    endloop
  endfacet
  facet normal 0 0 -1
    outer loop
      vertex -105 -100 -7.5
      vertex -90.1111404660392 -58.66293922460509 -7.5
      vertex -89.76536686473018 -58.84775906502257 -7.5
    endloop
  endfacet
  facet normal 0 0 -1
    outer loop
      vertex -105 -100 -7.5
      vertex -89.76536686473018 -58.84775906502257 -7.5
      vertex -89.39018064403226 -58.961570560806464 -7.5
    endloop
  endfacet
  facet normal 0 0 -1
    outer loop
      vertex -105 -100 -7.5
      vertex -89.39018064403226 -58.961570560806464 -7.5
      vertex -89 -59 -7.5
    endloop
  endfacet
  facet normal 0 0 -1
    outer loop
      vertex -105 -100 -7.5
      vertex -89 -59 -7.5
      vertex -88.60981935596774 -58.961570560806464 -7.5
    endloop
  endfacet
  facet normal 0 0 -1
    outer loop
      vertex -105 -100 -7.5
      vertex -88.60981935596774 -58.961570560806464 -7.5
      vertex -88.23463313526982 -58.84775906502257 -7.5
    endloop
  endfacet
  facet normal 0 0 -1
    outer loop
      vertex -105 -100 -7.5
      vertex -88.23463313526982 -58.84775906502257 -7.5
      vertex -87.8888595339608 -58.66293922460509 -7.5
    endloop
  endfacet
  facet normal 0 0 -1
    outer loop
      vertex -105 -100 -7.5
      vertex -87.8888595339608 -58.66293922460509 -7.5
      vertex -87.58578643762691 -58.41421356237309 -7.5
    endloop
  endfacet
  facet normal 0 0 -1
    outer loop
      vertex -105 -100 -7.5
      vertex -62.64812025708872 -90.52674386944355 -7.5
      vertex -62.49447473778047 -91.03324526738574 -7.5
    endloop
  endfacet
  facet normal 0 0 -1
    outer loop
      vertex -105 -100 -7.5
      vertex -62.49447473778047 -91.03324526738574 -7.5
      vertex -62.24496795321687 -91.50003962915292 -7.5
    endloop
  endfacet
  facet normal 0 0 -1
    outer loop
      vertex -105 -100 -7.5
      vertex -62.24496795321687 -91.50003962915292 -7.5
      vertex -61.90918830920368 -91.90918830920369 -7.5
    endloop
  endfacet
  facet normal 0 0 -1
    outer loop
      vertex -105 -100 -7.5
      vertex -61.90918830920368 -91.90918830920369 -7.5
      vertex -61.50003962915292 -92.24496795321687 -7.5
    endloop
  endfacet
  facet normal 0 0 -1
    outer loop
      vertex -105 -100 -7.5
      vertex -61.033245267385745 -92.49447473778048 -7.5
      vertex -60.52674386944355 -92.64812025708872 -7.5
    endloop
  endfacet
  facet normal 0 0 -1
    outer loop
      vertex -105 -100 -7.5
      vertex -61.50003962915292 -92.24496795321687 -7.5
      vertex -61.033245267385745 -92.49447473778048 -7.5
    endloop
  endfacet
  facet normal 0 0 -1
    outer loop
      vertex -105 -100 -7.5
      vertex -60.52674386944355 -92.64812025708872 -7.5
      vertex -60 -92.7 -7.5
    endloop
  endfacet
  facet normal 0 0 -1
    outer loop
      vertex -105 -100 -7.5
      vertex -62.7 -90 -7.5
      vertex -62.64812025708872 -90.52674386944355 -7.5
    endloop
  endfacet
  facet normal 0 0 -1
    outer loop
      vertex -105 -100 -7.5
      vertex -62.64812025708872 -89.47325613055645 -7.5
      vertex -62.7 -90 -7.5
    endloop
  endfacet
  facet normal 0 0 -1
    outer loop
      vertex -105 -100 -7.5
      vertex -62.49447473778047 -88.96675473261426 -7.5
      vertex -62.64812025708872 -89.47325613055645 -7.5
    endloop
  endfacet
  facet normal 0 0 -1
    outer loop
      vertex -105 -100 -7.5
      vertex -62.24496795321687 -88.49996037084708 -7.5
      vertex -62.49447473778047 -88.96675473261426 -7.5
    endloop
  endfacet
  facet normal 0 0 -1
    outer loop
      vertex -105 -100 -7.5
      vertex -61.90918830920368 -88.09081169079631 -7.5
      vertex -62.24496795321687 -88.49996037084708 -7.5
    endloop
  endfacet
  facet normal 0 0 -1
    outer loop
      vertex -105 -100 -7.5
      vertex -61.50003962915292 -87.75503204678313 -7.5
      vertex -61.90918830920368 -88.09081169079631 -7.5
    endloop
  endfacet
  facet normal 0 0 -1
    outer loop
      vertex -105 -100 -7.5
      vertex -61.033245267385745 -87.50552526221952 -7.5
      vertex -61.50003962915292 -87.75503204678313 -7.5
    endloop
  endfacet
  facet normal 0 0 -1
    outer loop
      vertex -105 -100 -7.5
      vertex -60.52674386944355 -87.35187974291128 -7.5
      vertex -61.033245267385745 -87.50552526221952 -7.5
    endloop
  endfacet
  facet normal 0 0 -1
    outer loop
      vertex -105 -100 -7.5
      vertex -0.3901806440322565 -58.961570560806464 -7.5
      vertex -60.52674386944355 -87.35187974291128 -7.5
    endloop
  endfacet
  facet normal 0 0 -1
    outer loop
      vertex -105 -100 -7.5
      vertex -105 100 -7.5
      vertex -91 -57 -7.5
    endloop
  endfacet
  facet normal 0 0 -1
    outer loop
      vertex -90.96157056080646 -56.609819355967744 -7.5
      vertex -91 -57 -7.5
      vertex -90.96157056080646 56.609819355967744 -7.5
    endloop
  endfacet
  facet normal 0 0 -1
    outer loop
      vertex -90.84775906502257 -56.23463313526982 -7.5
      vertex -90.96157056080646 -56.609819355967744 -7.5
      vertex -90.84775906502257 56.23463313526982 -7.5
    endloop
  endfacet
  facet normal 0 0 -1
    outer loop
      vertex -90.6629392246051 -55.8888595339608 -7.5
      vertex -90.84775906502257 -56.23463313526982 -7.5
      vertex -90.6629392246051 55.8888595339608 -7.5
    endloop
  endfacet
  facet normal 0 0 -1
    outer loop
      vertex -90.41421356237309 -55.58578643762691 -7.5
      vertex -90.6629392246051 -55.8888595339608 -7.5
      vertex -90.41421356237309 55.58578643762691 -7.5
    endloop
  endfacet
  facet normal 0 0 -1
    outer loop
      vertex -90.1111404660392 -55.33706077539491 -7.5
      vertex -90.41421356237309 -55.58578643762691 -7.5
      vertex -90.1111404660392 55.33706077539491 -7.5
    endloop
  endfacet
  facet normal 0 0 -1
    outer loop
      vertex -89.76536686473018 -55.15224093497743 -7.5
      vertex -90.1111404660392 -55.33706077539491 -7.5
      vertex -89.76536686473018 55.15224093497743 -7.5
    endloop
  endfacet
  facet normal 0 0 -1
    outer loop
      vertex -89.39018064403226 -55.038429439193536 -7.5
      vertex -89.76536686473018 -55.15224093497743 -7.5
      vertex -89.39018064403226 55.038429439193536 -7.5
    endloop
  endfacet
  facet normal 0 0 -1
    outer loop
      vertex -89 -55 -7.5
      vertex -89.39018064403226 -55.038429439193536 -7.5
      vertex -89 55 -7.5
    endloop
  endfacet
  facet normal 0 0 -1
    outer loop
      vertex -88.60981935596774 -55.038429439193536 -7.5
      vertex -89 -55 -7.5
      vertex -88.60981935596774 55.038429439193536 -7.5
    endloop
  endfacet
  facet normal 0 0 -1
    outer loop
      vertex -88.23463313526982 -55.15224093497743 -7.5
      vertex -88.60981935596774 -55.038429439193536 -7.5
      vertex -88.23463313526982 55.15224093497743 -7.5
    endloop
  endfacet
  facet normal 0 0 -1
    outer loop
      vertex -87.8888595339608 -55.33706077539491 -7.5
      vertex -88.23463313526982 -55.15224093497743 -7.5
      vertex -1.1111404660392044 55.33706077539491 -7.5
    endloop
  endfacet
  facet normal 0 0 -1
    outer loop
      vertex -87.3370607753949 -55.8888595339608 -7.5
      vertex -87.58578643762691 -55.58578643762691 -7.5
      vertex -0.7653668647301796 55.15224093497743 -7.5
    endloop
  endfacet
  facet normal 0 0 -1
    outer loop
      vertex -87.15224093497743 -56.23463313526982 -7.5
      vertex -87.3370607753949 -55.8888595339608 -7.5
      vertex -0.3901806440322565 55.038429439193536 -7.5
    endloop
  endfacet
  facet normal 0 0 -1
    outer loop
      vertex -87.03842943919354 -57.390180644032256 -7.5
      vertex -87 -57 -7.5
      vertex 0.7653668647301796 55.15224093497743 -7.5
    endloop
  endfacet
  facet normal 0 0 -1
    outer loop
      vertex -87.03842943919354 -56.609819355967744 -7.5
      vertex -87.15224093497743 -56.23463313526982 -7.5
      vertex 0 55 -7.5
    endloop
  endfacet
  facet normal 0 0 -1
    outer loop
      vertex -87 -57 -7.5
      vertex -87.03842943919354 -56.609819355967744 -7.5
      vertex 0.3901806440322565 55.038429439193536 -7.5
    endloop
  endfacet
  facet normal 0 0 -1
    outer loop
      vertex -87.58578643762691 -55.58578643762691 -7.5
      vertex -87.8888595339608 -55.33706077539491 -7.5
      vertex -1.1111404660392044 55.33706077539491 -7.5
    endloop
  endfacet
  facet normal 0 0 -1
    outer loop
      vertex -60 -87.3 -7.5
      vertex -60.52674386944355 -87.35187974291128 -7.5
      vertex -0.3901806440322565 -58.961570560806464 -7.5
    endloop
  endfacet
  facet normal 0 0 -1
    outer loop
      vertex -59.47325613055645 -87.35187974291128 -7.5
      vertex -60 -87.3 -7.5
      vertex -0.3901806440322565 -58.961570560806464 -7.5
    endloop
  endfacet
  facet normal 0 0 -1
    outer loop
      vertex -105 -100 -7.5
      vertex -1.8477590650225735 -57.76536686473018 -7.5
      vertex -1.6629392246050905 -58.1111404660392 -7.5
    endloop
  endfacet
  facet normal 0 0 -1
    outer loop
      vertex -105 -100 -7.5
      vertex -1.9615705608064609 -57.390180644032256 -7.5
      vertex -1.8477590650225735 -57.76536686473018 -7.5
    endloop
  endfacet
  facet normal 0 0 -1
    outer loop
      vertex -105 -100 -7.5
      vertex -2 -57 -7.5
      vertex -1.9615705608064609 -57.390180644032256 -7.5
    endloop
  endfacet
  facet normal 0 0 -1
    outer loop
      vertex -105 -100 -7.5
      vertex -1.9615705608064609 -56.609819355967744 -7.5
      vertex -2 -57 -7.5
    endloop
  endfacet
  facet normal 0 0 -1
    outer loop
      vertex -105 -100 -7.5
      vertex -1.8477590650225735 -56.23463313526982 -7.5
      vertex -1.9615705608064609 -56.609819355967744 -7.5
    endloop
  endfacet
  facet normal 0 0 -1
    outer loop
      vertex -105 -100 -7.5
      vertex -1.6629392246050905 -55.8888595339608 -7.5
      vertex -1.8477590650225735 -56.23463313526982 -7.5
    endloop
  endfacet
  facet normal 0 0 -1
    outer loop
      vertex -105 -100 -7.5
      vertex -1.4142135623730951 -58.41421356237309 -7.5
      vertex -1.1111404660392044 -58.66293922460509 -7.5
    endloop
  endfacet
  facet normal 0 0 -1
    outer loop
      vertex -105 -100 -7.5
      vertex -1.6629392246050905 -58.1111404660392 -7.5
      vertex -1.4142135623730951 -58.41421356237309 -7.5
    endloop
  endfacet
  facet normal 0 0 -1
    outer loop
      vertex -105 -100 -7.5
      vertex -1.1111404660392044 -58.66293922460509 -7.5
      vertex -0.7653668647301796 -58.84775906502257 -7.5
    endloop
  endfacet
  facet normal 0 0 -1
    outer loop
      vertex -105 -100 -7.5
      vertex -0.7653668647301796 -58.84775906502257 -7.5
      vertex -0.3901806440322565 -58.961570560806464 -7.5
    endloop
  endfacet
  facet normal 0 0 -1
    outer loop
      vertex -105 -100 -7.5
      vertex -60 -92.7 -7.5
      vertex 105 -100 -7.5
    endloop
  endfacet
  facet normal 0 0 -1
    outer loop
      vertex -59.47325613055645 -92.64812025708872 -7.5
      vertex -58.966754732614255 -92.49447473778048 -7.5
      vertex 59.47325613055645 -92.64812025708872 -7.5
    endloop
  endfacet
  facet normal 0 0 -1
    outer loop
      vertex -58.966754732614255 -92.49447473778048 -7.5
      vertex -58.49996037084708 -92.24496795321687 -7.5
      vertex 58.966754732614255 -92.49447473778048 -7.5
    endloop
  endfacet
  facet normal 0 0 -1
    outer loop
      vertex -58.49996037084708 -92.24496795321687 -7.5
      vertex -58.09081169079632 -91.90918830920369 -7.5
      vertex 58.49996037084708 -92.24496795321687 -7.5
    endloop
  endfacet
  facet normal 0 0 -1
    outer loop
      vertex -58.09081169079632 -91.90918830920369 -7.5
      vertex -57.75503204678313 -91.50003962915292 -7.5
      vertex 58.09081169079632 -91.90918830920369 -7.5
    endloop
  endfacet
  facet normal 0 0 -1
    outer loop
      vertex -57.50552526221953 -91.03324526738574 -7.5
      vertex 57.75503204678313 -91.50003962915292 -7.5
      vertex -57.75503204678313 -91.50003962915292 -7.5
    endloop
  endfacet
  facet normal 0 0 -1
    outer loop
      vertex -57.35187974291128 -90.52674386944355 -7.5
      vertex 57.50552526221953 -91.03324526738574 -7.5
      vertex -57.50552526221953 -91.03324526738574 -7.5
    endloop
  endfacet
  facet normal 0 0 -1
    outer loop
      vertex -57.3 -90 -7.5
      vertex 57.35187974291128 -90.52674386944355 -7.5
      vertex -57.35187974291128 -90.52674386944355 -7.5
    endloop
  endfacet
  facet normal 0 0 -1
    outer loop
      vertex -57.35187974291128 -89.47325613055645 -7.5
      vertex 57.3 -90 -7.5
      vertex -57.3 -90 -7.5
    endloop
  endfacet
  facet normal 0 0 -1
    outer loop
      vertex -57.50552526221953 -88.96675473261426 -7.5
      vertex 57.35187974291128 -89.47325613055645 -7.5
      vertex -57.35187974291128 -89.47325613055645 -7.5
    endloop
  endfacet
  facet normal 0 0 -1
    outer loop
      vertex -57.75503204678313 -88.49996037084708 -7.5
      vertex 58.09081169079632 -88.09081169079631 -7.5
      vertex -57.50552526221953 -88.96675473261426 -7.5
    endloop
  endfacet
  facet normal 0 0 -1
    outer loop
      vertex -58.09081169079632 -88.09081169079631 -7.5
      vertex -58.49996037084708 -87.75503204678313 -7.5
      vertex 58.09081169079632 -88.09081169079631 -7.5
    endloop
  endfacet
  facet normal 0 0 -1
    outer loop
      vertex -58.49996037084708 -87.75503204678313 -7.5
      vertex -58.966754732614255 -87.50552526221952 -7.5
      vertex 58.49996037084708 -87.75503204678313 -7.5
    endloop
  endfacet
  facet normal 0 0 -1
    outer loop
      vertex -58.09081169079632 -88.09081169079631 -7.5
      vertex 58.09081169079632 -88.09081169079631 -7.5
      vertex -57.75503204678313 -88.49996037084708 -7.5
    endloop
  endfacet
  facet normal 0 0 -1
    outer loop
      vertex -58.966754732614255 -87.50552526221952 -7.5
      vertex -59.47325613055645 -87.35187974291128 -7.5
      vertex 58.966754732614255 -87.50552526221952 -7.5
    endloop
  endfacet
  facet normal 0 0 -1
    outer loop
      vertex 105 -100 -7.5
      vertex -60 -92.7 -7.5
      vertex -59.47325613055645 -92.64812025708872 -7.5
    endloop
  endfacet
  facet normal 0 0 -1
    outer loop
      vertex -59.47325613055645 -87.35187974291128 -7.5
      vertex -0.3901806440322565 -58.961570560806464 -7.5
      vertex 59.47325613055645 -87.35187974291128 -7.5
    endloop
  endfacet
  facet normal 0 0 -1
    outer loop
      vertex -105 -100 -7.5
      vertex -87.58578643762691 -58.41421356237309 -7.5
      vertex 105 100 -7.5
    endloop
  endfacet
  facet normal 0 0 -1
    outer loop
      vertex -105 -100 -7.5
      vertex 87.3370607753949 55.8888595339608 -7.5
      vertex -1.6629392246050905 -55.8888595339608 -7.5
    endloop
  endfacet
  facet normal 0 0 -1
    outer loop
      vertex 105 100 -7.5
      vertex -87.58578643762691 -58.41421356237309 -7.5
      vertex -87.3370607753949 -58.1111404660392 -7.5
    endloop
  endfacet
  facet normal 0 0 -1
    outer loop
      vertex 105 100 -7.5
      vertex -87.3370607753949 -58.1111404660392 -7.5
      vertex -87.15224093497743 -57.76536686473018 -7.5
    endloop
  endfacet
  facet normal 0 0 -1
    outer loop
      vertex 105 100 -7.5
      vertex -87.15224093497743 -57.76536686473018 -7.5
      vertex -87.03842943919354 -57.390180644032256 -7.5
    endloop
  endfacet
  facet normal 0 0 1
    outer loop
      vertex -105 -100 7.5
      vertex -62.24496795321687 -91.50003962915292 7.5
      vertex -92.05563628160782 -61.573082867664 7.5
    endloop
  endfacet
  facet normal 0 0 1
    outer loop
      vertex -105 -100 7.5
      vertex -92.88908729652601 -60.889087296526014 7.5
      vertex -93.573082867664 -60.05563628160781 7.5
    endloop
  endfacet
  facet normal 0 0 1
    outer loop
      vertex -105 -100 7.5
      vertex -94.08133742881208 -59.10475887800799 7.5
      vertex -94.39431904221777 -58.072996771088704 7.5
    endloop
  endfacet
  facet normal 0 0 1
    outer loop
      vertex -105 -100 7.5
      vertex -93.573082867664 -60.05563628160781 7.5
      vertex -94.08133742881208 -59.10475887800799 7.5
    endloop
  endfacet
  facet normal 0 0 1
    outer loop
      vertex -105 -100 7.5
      vertex -92.05563628160782 -61.573082867664 7.5
      vertex -92.88908729652601 -60.889087296526014 7.5
    endloop
  endfacet
  facet normal 0 0 1
    outer loop
      vertex -105 -100 7.5
      vertex -94.39431904221777 -58.072996771088704 7.5
      vertex -94.5 -57 7.5
    endloop
  endfacet
  facet normal 0 0 1
    outer loop
      vertex -91.104758878008 -62.08133742881208 7.5
      vertex -92.05563628160782 -61.573082867664 7.5
      vertex -62.49447473778047 -91.03324526738574 7.5
    endloop
  endfacet
  facet normal 0 0 1
    outer loop
      vertex -90.07299677108871 -62.39431904221777 7.5
      vertex -91.104758878008 -62.08133742881208 7.5
      vertex -62.64812025708872 -90.52674386944355 7.5
    endloop
  endfacet
  facet normal 0 0 1
    outer loop
      vertex -89 -62.5 7.5
      vertex -90.07299677108871 -62.39431904221777 7.5
      vertex -62.7 -90 7.5
    endloop
  endfacet
  facet normal 0 0 1
    outer loop
      vertex -87.92700322891129 -62.39431904221777 7.5
      vertex -89 -62.5 7.5
      vertex -62.64812025708872 -89.47325613055645 7.5
    endloop
  endfacet
  facet normal 0 0 1
    outer loop
      vertex -86.895241121992 -62.08133742881208 7.5
      vertex -87.92700322891129 -62.39431904221777 7.5
      vertex -62.49447473778047 -88.96675473261426 7.5
    endloop
  endfacet
  facet normal 0 0 1
    outer loop
      vertex -105 -100 7.5
      vertex -61.90918830920368 -91.90918830920369 7.5
      vertex -62.24496795321687 -91.50003962915292 7.5
    endloop
  endfacet
  facet normal 0 0 1
    outer loop
      vertex -105 -100 7.5
      vertex -61.50003962915292 -92.24496795321687 7.5
      vertex -61.90918830920368 -91.90918830920369 7.5
    endloop
  endfacet
  facet normal 0 0 1
    outer loop
      vertex -105 -100 7.5
      vertex -60.52674386944355 -92.64812025708872 7.5
      vertex -61.033245267385745 -92.49447473778048 7.5
    endloop
  endfacet
  facet normal 0 0 1
    outer loop
      vertex -105 -100 7.5
      vertex -61.033245267385745 -92.49447473778048 7.5
      vertex -61.50003962915292 -92.24496795321687 7.5
    endloop
  endfacet
  facet normal 0 0 1
    outer loop
      vertex -105 -100 7.5
      vertex -60 -92.7 7.5
      vertex -60.52674386944355 -92.64812025708872 7.5
    endloop
  endfacet
  facet normal 0 0 1
    outer loop
      vertex -105 -100 7.5
      vertex -59.47325613055645 -92.64812025708872 7.5
      vertex -60 -92.7 7.5
    endloop
  endfacet
  facet normal 0 0 1
    outer loop
      vertex -62.49447473778047 -91.03324526738574 7.5
      vertex -92.05563628160782 -61.573082867664 7.5
      vertex -62.24496795321687 -91.50003962915292 7.5
    endloop
  endfacet
  facet normal 0 0 1
    outer loop
      vertex -62.64812025708872 -90.52674386944355 7.5
      vertex -91.104758878008 -62.08133742881208 7.5
      vertex -62.49447473778047 -91.03324526738574 7.5
    endloop
  endfacet
  facet normal 0 0 1
    outer loop
      vertex -62.7 -90 7.5
      vertex -90.07299677108871 -62.39431904221777 7.5
      vertex -62.64812025708872 -90.52674386944355 7.5
    endloop
  endfacet
  facet normal 0 0 1
    outer loop
      vertex -62.64812025708872 -89.47325613055645 7.5
      vertex -89 -62.5 7.5
      vertex -62.7 -90 7.5
    endloop
  endfacet
  facet normal 0 0 1
    outer loop
      vertex -62.49447473778047 -88.96675473261426 7.5
      vertex -87.92700322891129 -62.39431904221777 7.5
      vertex -62.64812025708872 -89.47325613055645 7.5
    endloop
  endfacet
  facet normal 0 0 1
    outer loop
      vertex -62.24496795321687 -88.49996037084708 7.5
      vertex -86.895241121992 -62.08133742881208 7.5
      vertex -62.49447473778047 -88.96675473261426 7.5
    endloop
  endfacet
  facet normal 0 0 1
    outer loop
      vertex -61.90918830920368 -88.09081169079631 7.5
      vertex -86.895241121992 -62.08133742881208 7.5
      vertex -62.24496795321687 -88.49996037084708 7.5
    endloop
  endfacet
  facet normal 0 0 1
    outer loop
      vertex -61.90918830920368 -88.09081169079631 7.5
      vertex -61.50003962915292 -87.75503204678313 7.5
      vertex -86.895241121992 -62.08133742881208 7.5
    endloop
  endfacet
  facet normal 0 0 1
    outer loop
      vertex -61.50003962915292 -87.75503204678313 7.5
      vertex -61.033245267385745 -87.50552526221952 7.5
      vertex -86.895241121992 -62.08133742881208 7.5
    endloop
  endfacet
  facet normal 0 0 1
    outer loop
      vertex -61.033245267385745 -87.50552526221952 7.5
      vertex -60.52674386944355 -87.35187974291128 7.5
      vertex -86.895241121992 -62.08133742881208 7.5
    endloop
  endfacet
  facet normal 0 0 1
    outer loop
      vertex -60.52674386944355 -87.35187974291128 7.5
      vertex -60 -87.3 7.5
      vertex -86.895241121992 -62.08133742881208 7.5
    endloop
  endfacet
  facet normal 0 0 1
    outer loop
      vertex -60 -87.3 7.5
      vertex -59.47325613055645 -87.35187974291128 7.5
      vertex -86.895241121992 -62.08133742881208 7.5
    endloop
  endfacet
  facet normal 0 0 1
    outer loop
      vertex -59.47325613055645 -87.35187974291128 7.5
      vertex -58.966754732614255 -87.50552526221952 7.5
      vertex -86.895241121992 -62.08133742881208 7.5
    endloop
  endfacet
  facet normal 0 0 1
    outer loop
      vertex -85.94436371839218 -61.573082867664 7.5
      vertex -86.895241121992 -62.08133742881208 7.5
      vertex -3.055636281607812 -61.573082867664 7.5
    endloop
  endfacet
  facet normal 0 0 1
    outer loop
      vertex -85.11091270347399 -60.889087296526014 7.5
      vertex -85.94436371839218 -61.573082867664 7.5
      vertex -3.8890872965260117 -60.889087296526014 7.5
    endloop
  endfacet
  facet normal 0 0 1
    outer loop
      vertex -85.11091270347399 -60.889087296526014 7.5
      vertex -4.573082867663999 -60.05563628160781 7.5
      vertex -84.426917132336 -60.05563628160781 7.5
    endloop
  endfacet
  facet normal 0 0 1
    outer loop
      vertex -84.426917132336 -60.05563628160781 7.5
      vertex -5.081337428812077 -59.10475887800799 7.5
      vertex -83.91866257118792 -59.10475887800799 7.5
    endloop
  endfacet
  facet normal 0 0 1
    outer loop
      vertex -83.91866257118792 -59.10475887800799 7.5
      vertex -5.081337428812077 -59.10475887800799 7.5
      vertex -83.60568095778223 -58.072996771088704 7.5
    endloop
  endfacet
  facet normal 0 0 1
    outer loop
      vertex -83.60568095778223 -58.072996771088704 7.5
      vertex -5.394319042217767 -58.072996771088704 7.5
      vertex -83.5 -57 7.5
    endloop
  endfacet
  facet normal 0 0 1
    outer loop
      vertex -83.5 -57 7.5
      vertex -5.394319042217767 -55.927003228911296 7.5
      vertex -83.60568095778223 -55.927003228911296 7.5
    endloop
  endfacet
  facet normal 0 0 1
    outer loop
      vertex -83.60568095778223 -55.927003228911296 7.5
      vertex -5.081337428812077 -54.89524112199201 7.5
      vertex -83.91866257118792 -54.89524112199201 7.5
    endloop
  endfacet
  facet normal 0 0 1
    outer loop
      vertex -83.91866257118792 -54.89524112199201 7.5
      vertex -4.573082867663999 -53.94436371839219 7.5
      vertex -84.426917132336 -53.94436371839219 7.5
    endloop
  endfacet
  facet normal 0 0 1
    outer loop
      vertex -84.426917132336 -53.94436371839219 7.5
      vertex -3.8890872965260117 -53.110912703473986 7.5
      vertex -85.11091270347399 -53.110912703473986 7.5
    endloop
  endfacet
  facet normal 0 0 1
    outer loop
      vertex -86.895241121992 -51.91866257118792 7.5
      vertex -85.94436371839218 -52.426917132336 7.5
      vertex -2.1047588780079938 -51.91866257118792 7.5
    endloop
  endfacet
  facet normal 0 0 1
    outer loop
      vertex -87.92700322891129 -51.60568095778223 7.5
      vertex -86.895241121992 -51.91866257118792 7.5
      vertex -1.0729967710887054 -51.60568095778223 7.5
    endloop
  endfacet
  facet normal 0 0 1
    outer loop
      vertex -85.94436371839218 -52.426917132336 7.5
      vertex -85.11091270347399 -53.110912703473986 7.5
      vertex -3.055636281607812 -52.426917132336 7.5
    endloop
  endfacet
  facet normal -1 0 0
    outer loop
      vertex -105 -100 -7.5
      vertex -105 -100 7.5
      vertex -105 100 7.5
    endloop
  endfacet
  facet normal 0 0 1
    outer loop
      vertex -105 -100 7.5
      vertex -94.5 -57 7.5
      vertex -84.426917132336 53.94436371839219 7.5
    endloop
  endfacet
  facet normal 0 0 1
    outer loop
      vertex -94.39431904221777 -55.927003228911296 7.5
      vertex -84.426917132336 53.94436371839219 7.5
      vertex -94.5 -57 7.5
    endloop
  endfacet
  facet normal 0 0 1
    outer loop
      vertex -94.08133742881208 -54.89524112199201 7.5
      vertex -84.426917132336 53.94436371839219 7.5
      vertex -94.39431904221777 -55.927003228911296 7.5
    endloop
  endfacet
  facet normal 0 0 1
    outer loop
      vertex -93.573082867664 -53.94436371839219 7.5
      vertex -84.426917132336 53.94436371839219 7.5
      vertex -94.08133742881208 -54.89524112199201 7.5
    endloop
  endfacet
  facet normal 0 0 1
    outer loop
      vertex -92.88908729652601 -53.110912703473986 7.5
      vertex -84.426917132336 53.94436371839219 7.5
      vertex -93.573082867664 -53.94436371839219 7.5
    endloop
  endfacet
  facet normal 0 0 1
    outer loop
      vertex -92.88908729652601 -53.110912703473986 7.5
      vertex -92.05563628160782 -52.426917132336 7.5
      vertex -84.426917132336 53.94436371839219 7.5
    endloop
  endfacet
  facet normal 0 0 1
    outer loop
      vertex -92.05563628160782 -52.426917132336 7.5
      vertex -91.104758878008 -51.91866257118792 7.5
      vertex -84.426917132336 53.94436371839219 7.5
    endloop
  endfacet
  facet normal 0 0 1
    outer loop
      vertex -91.104758878008 -51.91866257118792 7.5
      vertex -90.07299677108871 -51.60568095778223 7.5
      vertex -84.426917132336 53.94436371839219 7.5
    endloop
  endfacet
  facet normal 0 0 1
    outer loop
      vertex -90.07299677108871 -51.60568095778223 7.5
      vertex -89 -51.5 7.5
      vertex -84.426917132336 53.94436371839219 7.5
    endloop
  endfacet
  facet normal 0 0 1
    outer loop
      vertex -89 -51.5 7.5
      vertex -87.92700322891129 -51.60568095778223 7.5
      vertex -84.426917132336 53.94436371839219 7.5
    endloop
  endfacet
  facet normal 0 0 1
    outer loop
      vertex -87.92700322891129 -51.60568095778223 7.5
      vertex -1.0729967710887054 -51.60568095778223 7.5
      vertex -84.426917132336 53.94436371839219 7.5
    endloop
  endfacet
  facet normal 0 -1 0
    outer loop
      vertex -105 -100 -7.5
      vertex 105 -100 7.5
      vertex -105 -100 7.5
    endloop
  endfacet
  facet normal 0 0 1
    outer loop
      vertex -105 -100 7.5
      vertex 59.47325613055645 -92.64812025708872 7.5
      vertex -59.47325613055645 -92.64812025708872 7.5
    endloop
  endfacet
  facet normal 0 0 1
    outer loop
      vertex -58.966754732614255 -87.50552526221952 7.5
      vertex -2.1047588780079938 -62.08133742881208 7.5
      vertex -86.895241121992 -62.08133742881208 7.5
    endloop
  endfacet
  facet normal 0 0 1
    outer loop
      vertex -85.11091270347399 -60.889087296526014 7.5
      vertex -3.8890872965260117 -60.889087296526014 7.5
      vertex -4.573082867663999 -60.05563628160781 7.5
    endloop
  endfacet
  facet normal 0 0 1
    outer loop
      vertex -84.426917132336 -60.05563628160781 7.5
      vertex -4.573082867663999 -60.05563628160781 7.5
      vertex -5.081337428812077 -59.10475887800799 7.5
    endloop
  endfacet
  facet normal 0 0 1
    outer loop
      vertex -86.895241121992 -62.08133742881208 7.5
      vertex -2.1047588780079938 -62.08133742881208 7.5
      vertex -3.055636281607812 -61.573082867664 7.5
    endloop
  endfacet
  facet normal 0 0 1
    outer loop
      vertex -85.94436371839218 -61.573082867664 7.5
      vertex -3.055636281607812 -61.573082867664 7.5
      vertex -3.8890872965260117 -60.889087296526014 7.5
    endloop
  endfacet
  facet normal 0 0 1
    outer loop
      vertex -83.60568095778223 -58.072996771088704 7.5
      vertex -5.081337428812077 -59.10475887800799 7.5
      vertex -5.394319042217767 -58.072996771088704 7.5
    endloop
  endfacet
  facet normal 0 0 1
    outer loop
      vertex -83.5 -57 7.5
      vertex -5.394319042217767 -58.072996771088704 7.5
      vertex -5.5 -57 7.5
    endloop
  endfacet
  facet normal 0 0 1
    outer loop
      vertex -83.5 -57 7.5
      vertex -5.5 -57 7.5
      vertex -5.394319042217767 -55.927003228911296 7.5
    endloop
  endfacet
  facet normal 0 0 1
    outer loop
      vertex -83.60568095778223 -55.927003228911296 7.5
      vertex -5.394319042217767 -55.927003228911296 7.5
      vertex -5.081337428812077 -54.89524112199201 7.5
    endloop
  endfacet
  facet normal 0 0 1
    outer loop
      vertex -83.91866257118792 -54.89524112199201 7.5
      vertex -5.081337428812077 -54.89524112199201 7.5
      vertex -4.573082867663999 -53.94436371839219 7.5
    endloop
  endfacet
  facet normal 0 0 1
    outer loop
      vertex -84.426917132336 -53.94436371839219 7.5
      vertex -4.573082867663999 -53.94436371839219 7.5
      vertex -3.8890872965260117 -53.110912703473986 7.5
    endloop
  endfacet
  facet normal 0 0 1
    outer loop
      vertex -85.11091270347399 -53.110912703473986 7.5
      vertex -3.8890872965260117 -53.110912703473986 7.5
      vertex -3.055636281607812 -52.426917132336 7.5
    endloop
  endfacet
  facet normal 0 0 1
    outer loop
      vertex -85.94436371839218 -52.426917132336 7.5
      vertex -3.055636281607812 -52.426917132336 7.5
      vertex -2.1047588780079938 -51.91866257118792 7.5
    endloop
  endfacet
  facet normal 0 0 1
    outer loop
      vertex -86.895241121992 -51.91866257118792 7.5
      vertex -2.1047588780079938 -51.91866257118792 7.5
      vertex -1.0729967710887054 -51.60568095778223 7.5
    endloop
  endfacet
  facet normal 0 0 1
    outer loop
      vertex -58.966754732614255 -92.49447473778048 7.5
      vertex -59.47325613055645 -92.64812025708872 7.5
      vertex 58.966754732614255 -92.49447473778048 7.5
    endloop
  endfacet
  facet normal 0 0 1
    outer loop
      vertex -58.49996037084708 -87.75503204678313 7.5
      vertex -58.09081169079632 -88.09081169079631 7.5
      vertex 57.50552526221953 -88.96675473261426 7.5
    endloop
  endfacet
  facet normal 0 0 1
    outer loop
      vertex -58.49996037084708 -92.24496795321687 7.5
      vertex -58.966754732614255 -92.49447473778048 7.5
      vertex 58.49996037084708 -92.24496795321687 7.5
    endloop
  endfacet
  facet normal 0 0 1
    outer loop
      vertex -58.09081169079632 -91.90918830920369 7.5
      vertex -58.49996037084708 -92.24496795321687 7.5
      vertex 58.09081169079632 -91.90918830920369 7.5
    endloop
  endfacet
  facet normal 0 0 1
    outer loop
      vertex -58.09081169079632 -91.90918830920369 7.5
      vertex 57.50552526221953 -91.03324526738574 7.5
      vertex -57.75503204678313 -91.50003962915292 7.5
    endloop
  endfacet
  facet normal 0 0 1
    outer loop
      vertex -57.75503204678313 -91.50003962915292 7.5
      vertex 57.50552526221953 -91.03324526738574 7.5
      vertex -57.50552526221953 -91.03324526738574 7.5
    endloop
  endfacet
  facet normal 0 0 1
    outer loop
      vertex -57.50552526221953 -91.03324526738574 7.5
      vertex 57.35187974291128 -90.52674386944355 7.5
      vertex -57.35187974291128 -90.52674386944355 7.5
    endloop
  endfacet
  facet normal 0 0 1
    outer loop
      vertex -57.35187974291128 -90.52674386944355 7.5
      vertex 57.3 -90 7.5
      vertex -57.3 -90 7.5
    endloop
  endfacet
  facet normal 0 0 1
    outer loop
      vertex -57.3 -90 7.5
      vertex 57.35187974291128 -89.47325613055645 7.5
      vertex -57.35187974291128 -89.47325613055645 7.5
    endloop
  endfacet
  facet normal 0 0 1
    outer loop
      vertex -57.35187974291128 -89.47325613055645 7.5
      vertex 57.50552526221953 -88.96675473261426 7.5
      vertex -57.50552526221953 -88.96675473261426 7.5
    endloop
  endfacet
  facet normal 0 0 1
    outer loop
      vertex -57.75503204678313 -88.49996037084708 7.5
      vertex 57.50552526221953 -88.96675473261426 7.5
      vertex -58.09081169079632 -88.09081169079631 7.5
    endloop
  endfacet
  facet normal 0 0 1
    outer loop
      vertex -57.50552526221953 -88.96675473261426 7.5
      vertex 57.50552526221953 -88.96675473261426 7.5
      vertex -57.75503204678313 -88.49996037084708 7.5
    endloop
  endfacet
  facet normal 0 0 1
    outer loop
      vertex -58.966754732614255 -87.50552526221952 7.5
      vertex -58.49996037084708 -87.75503204678313 7.5
      vertex 58.966754732614255 -87.50552526221952 7.5
    endloop
  endfacet
  facet normal 0 0 1
    outer loop
      vertex -58.966754732614255 -87.50552526221952 7.5
      vertex -1.0729967710887054 -62.39431904221777 7.5
      vertex -2.1047588780079938 -62.08133742881208 7.5
    endloop
  endfacet
  facet normal 0 0 1
    outer loop
      vertex -58.966754732614255 -87.50552526221952 7.5
      vertex 0 -62.5 7.5
      vertex -1.0729967710887054 -62.39431904221777 7.5
    endloop
  endfacet
  facet normal 0 0 1
    outer loop
      vertex -58.966754732614255 -87.50552526221952 7.5
      vertex 1.0729967710887054 -62.39431904221777 7.5
      vertex 0 -62.5 7.5
    endloop
  endfacet
  facet normal 0 0 1
    outer loop
      vertex -58.966754732614255 -87.50552526221952 7.5
      vertex 2.1047588780079938 -62.08133742881208 7.5
      vertex 1.0729967710887054 -62.39431904221777 7.5
    endloop
  endfacet
  facet normal 0 0 1
    outer loop
      vertex -1.0729967710887054 -51.60568095778223 7.5
      vertex 0 -51.5 7.5
      vertex -84.426917132336 53.94436371839219 7.5
    endloop
  endfacet
  facet normal 0 0 1
    outer loop
      vertex -84.426917132336 53.94436371839219 7.5
      vertex 1.0729967710887054 -51.60568095778223 7.5
      vertex 2.1047588780079938 -51.91866257118792 7.5
    endloop
  endfacet
  facet normal 0 0 1
    outer loop
      vertex -84.426917132336 53.94436371839219 7.5
      vertex 0 -51.5 7.5
      vertex 1.0729967710887054 -51.60568095778223 7.5
    endloop
  endfacet
  facet normal 0 0 -1
    outer loop
      vertex -90.96157056080646 -56.609819355967744 -7.5
      vertex -90.96157056080646 56.609819355967744 -7.5
      vertex -90.84775906502257 56.23463313526982 -7.5
    endloop
  endfacet
  facet normal 0 0 -1
    outer loop
      vertex -90.84775906502257 -56.23463313526982 -7.5
      vertex -90.84775906502257 56.23463313526982 -7.5
      vertex -90.6629392246051 55.8888595339608 -7.5
    endloop
  endfacet
  facet normal 0 0 -1
    outer loop
      vertex -90.6629392246051 -55.8888595339608 -7.5
      vertex -90.6629392246051 55.8888595339608 -7.5
      vertex -90.41421356237309 55.58578643762691 -7.5
    endloop
  endfacet
  facet normal 0 0 -1
    outer loop
      vertex -90.41421356237309 -55.58578643762691 -7.5
      vertex -90.41421356237309 55.58578643762691 -7.5
      vertex -90.1111404660392 55.33706077539491 -7.5
    endloop
  endfacet
  facet normal 0 0 -1
    outer loop
      vertex -90.1111404660392 -55.33706077539491 -7.5
      vertex -90.1111404660392 55.33706077539491 -7.5
      vertex -89.76536686473018 55.15224093497743 -7.5
    endloop
  endfacet
  facet normal 0 0 -1
    outer loop
      vertex -89.76536686473018 -55.15224093497743 -7.5
      vertex -89.76536686473018 55.15224093497743 -7.5
      vertex -89.39018064403226 55.038429439193536 -7.5
    endloop
  endfacet
  facet normal 0 0 -1
    outer loop
      vertex -89.39018064403226 -55.038429439193536 -7.5
      vertex -89.39018064403226 55.038429439193536 -7.5
      vertex -89 55 -7.5
    endloop
  endfacet
  facet normal 0 0 -1
    outer loop
      vertex -89 -55 -7.5
      vertex -89 55 -7.5
      vertex -88.60981935596774 55.038429439193536 -7.5
    endloop
  endfacet
  facet normal 0 0 -1
    outer loop
      vertex -88.60981935596774 -55.038429439193536 -7.5
      vertex -88.60981935596774 55.038429439193536 -7.5
      vertex -88.23463313526982 55.15224093497743 -7.5
    endloop
  endfacet
  facet normal 0 0 -1
    outer loop
      vertex -88.23463313526982 -55.15224093497743 -7.5
      vertex -88.23463313526982 55.15224093497743 -7.5
      vertex -87.8888595339608 55.33706077539491 -7.5
    endloop
  endfacet
  facet normal 0 0 -1
    outer loop
      vertex -91 -57 -7.5
      vertex -91 57 -7.5
      vertex -90.96157056080646 56.609819355967744 -7.5
    endloop
  endfacet
  facet normal 0 0 -1
    outer loop
      vertex -105 100 -7.5
      vertex -91 57 -7.5
      vertex -91 -57 -7.5
    endloop
  endfacet
  facet normal 0 0 -1
    outer loop
      vertex -88.23463313526982 -55.15224093497743 -7.5
      vertex -87.8888595339608 55.33706077539491 -7.5
      vertex -1.1111404660392044 55.33706077539491 -7.5
    endloop
  endfacet
  facet normal -1 0 0
    outer loop
      vertex -105 -100 -7.5
      vertex -105 100 7.5
      vertex -105 100 -7.5
    endloop
  endfacet
  facet normal 0 0 -1
    outer loop
      vertex -105 100 -7.5
      vertex -90.96157056080646 57.390180644032256 -7.5
      vertex -91 57 -7.5
    endloop
  endfacet
  facet normal 0 0 -1
    outer loop
      vertex -105 100 -7.5
      vertex -90.84775906502257 57.76536686473018 -7.5
      vertex -90.96157056080646 57.390180644032256 -7.5
    endloop
  endfacet
  facet normal 0 0 -1
    outer loop
      vertex -105 100 -7.5
      vertex -90.6629392246051 58.1111404660392 -7.5
      vertex -90.84775906502257 57.76536686473018 -7.5
    endloop
  endfacet
  facet normal 0 0 -1
    outer loop
      vertex -105 100 -7.5
      vertex -90.41421356237309 58.41421356237309 -7.5
      vertex -90.6629392246051 58.1111404660392 -7.5
    endloop
  endfacet
  facet normal 0 0 -1
    outer loop
      vertex -105 100 -7.5
      vertex -90.1111404660392 58.66293922460509 -7.5
      vertex -90.41421356237309 58.41421356237309 -7.5
    endloop
  endfacet
  facet normal 0 0 -1
    outer loop
      vertex -105 100 -7.5
      vertex -89.76536686473018 58.84775906502257 -7.5
      vertex -90.1111404660392 58.66293922460509 -7.5
    endloop
  endfacet
  facet normal 0 0 -1
    outer loop
      vertex -105 100 -7.5
      vertex -89.39018064403226 58.961570560806464 -7.5
      vertex -89.76536686473018 58.84775906502257 -7.5
    endloop
  endfacet
  facet normal 0 0 -1
    outer loop
      vertex -87.8888595339608 58.66293922460509 -7.5
      vertex -88.23463313526982 58.84775906502257 -7.5
      vertex -61.90918830920368 88.09081169079631 -7.5
    endloop
  endfacet
  facet normal 0 0 -1
    outer loop
      vertex -87.3370607753949 58.1111404660392 -7.5
      vertex -87.58578643762691 58.41421356237309 -7.5
      vertex -61.50003962915292 87.75503204678313 -7.5
    endloop
  endfacet
  facet normal 0 0 -1
    outer loop
      vertex -87.58578643762691 58.41421356237309 -7.5
      vertex -87.8888595339608 58.66293922460509 -7.5
      vertex -61.90918830920368 88.09081169079631 -7.5
    endloop
  endfacet
  facet normal 0 0 -1
    outer loop
      vertex -89 59 -7.5
      vertex -89.39018064403226 58.961570560806464 -7.5
      vertex -62.49447473778047 88.96675473261426 -7.5
    endloop
  endfacet
  facet normal 0 0 -1
    outer loop
      vertex -88.60981935596774 58.961570560806464 -7.5
      vertex -89 59 -7.5
      vertex -62.24496795321687 88.49996037084708 -7.5
    endloop
  endfacet
  facet normal 0 0 -1
    outer loop
      vertex -88.23463313526982 58.84775906502257 -7.5
      vertex -88.60981935596774 58.961570560806464 -7.5
      vertex -62.24496795321687 88.49996037084708 -7.5
    endloop
  endfacet
  facet normal 0 0 -1
    outer loop
      vertex -105 100 -7.5
      vertex -62.7 90 -7.5
      vertex -89.39018064403226 58.961570560806464 -7.5
    endloop
  endfacet
  facet normal 0 0 -1
    outer loop
      vertex -87.15224093497743 57.76536686473018 -7.5
      vertex -87.3370607753949 58.1111404660392 -7.5
      vertex -61.033245267385745 87.50552526221952 -7.5
    endloop
  endfacet
  facet normal 0 0 -1
    outer loop
      vertex -87.8888595339608 55.33706077539491 -7.5
      vertex -87.58578643762691 55.58578643762691 -7.5
      vertex -1.1111404660392044 55.33706077539491 -7.5
    endloop
  endfacet
  facet normal 0 0 -1
    outer loop
      vertex -87.58578643762691 55.58578643762691 -7.5
      vertex -87.3370607753949 55.8888595339608 -7.5
      vertex -1.4142135623730951 55.58578643762691 -7.5
    endloop
  endfacet
  facet normal 0 0 -1
    outer loop
      vertex -87.3370607753949 55.8888595339608 -7.5
      vertex -87.15224093497743 56.23463313526982 -7.5
      vertex -1.6629392246050905 55.8888595339608 -7.5
    endloop
  endfacet
  facet normal 0 0 -1
    outer loop
      vertex -87.15224093497743 56.23463313526982 -7.5
      vertex -87.03842943919354 56.609819355967744 -7.5
      vertex -1.8477590650225735 56.23463313526982 -7.5
    endloop
  endfacet
  facet normal 0 0 -1
    outer loop
      vertex -87.03842943919354 56.609819355967744 -7.5
      vertex -87 57 -7.5
      vertex -1.9615705608064609 56.609819355967744 -7.5
    endloop
  endfacet
  facet normal 0 0 -1
    outer loop
      vertex -87 57 -7.5
      vertex -87.03842943919354 57.390180644032256 -7.5
      vertex -2 57 -7.5
    endloop
  endfacet
  facet normal 0 0 -1
    outer loop
      vertex -87.03842943919354 57.390180644032256 -7.5
      vertex -87.15224093497743 57.76536686473018 -7.5
      vertex -1.8477590650225735 57.76536686473018 -7.5
    endloop
  endfacet
  facet normal 0 0 -1
    outer loop
      vertex -87.58578643762691 58.41421356237309 -7.5
      vertex -61.90918830920368 88.09081169079631 -7.5
      vertex -61.50003962915292 87.75503204678313 -7.5
    endloop
  endfacet
  facet normal 0 0 -1
    outer loop
      vertex -87.3370607753949 58.1111404660392 -7.5
      vertex -61.50003962915292 87.75503204678313 -7.5
      vertex -61.033245267385745 87.50552526221952 -7.5
    endloop
  endfacet
  facet normal 0 0 -1
    outer loop
      vertex -89.39018064403226 58.961570560806464 -7.5
      vertex -62.64812025708872 89.47325613055645 -7.5
      vertex -62.49447473778047 88.96675473261426 -7.5
    endloop
  endfacet
  facet normal 0 0 -1
    outer loop
      vertex -89.39018064403226 58.961570560806464 -7.5
      vertex -62.7 90 -7.5
      vertex -62.64812025708872 89.47325613055645 -7.5
    endloop
  endfacet
  facet normal 0 0 -1
    outer loop
      vertex -89 59 -7.5
      vertex -62.49447473778047 88.96675473261426 -7.5
      vertex -62.24496795321687 88.49996037084708 -7.5
    endloop
  endfacet
  facet normal 0 0 -1
    outer loop
      vertex -88.23463313526982 58.84775906502257 -7.5
      vertex -62.24496795321687 88.49996037084708 -7.5
      vertex -61.90918830920368 88.09081169079631 -7.5
    endloop
  endfacet
  facet normal 0 0 -1
    outer loop
      vertex -105 100 -7.5
      vertex -62.64812025708872 90.52674386944355 -7.5
      vertex -62.7 90 -7.5
    endloop
  endfacet
  facet normal 0 0 -1
    outer loop
      vertex -105 100 -7.5
      vertex -62.49447473778047 91.03324526738574 -7.5
      vertex -62.64812025708872 90.52674386944355 -7.5
    endloop
  endfacet
  facet normal 0 0 -1
    outer loop
      vertex -105 100 -7.5
      vertex -62.24496795321687 91.50003962915292 -7.5
      vertex -62.49447473778047 91.03324526738574 -7.5
    endloop
  endfacet
  facet normal 0 0 -1
    outer loop
      vertex -105 100 -7.5
      vertex -61.90918830920368 91.90918830920369 -7.5
      vertex -62.24496795321687 91.50003962915292 -7.5
    endloop
  endfacet
  facet normal 0 0 -1
    outer loop
      vertex -105 100 -7.5
      vertex -61.50003962915292 92.24496795321687 -7.5
      vertex -61.90918830920368 91.90918830920369 -7.5
    endloop
  endfacet
  facet normal 0 0 -1
    outer loop
      vertex -105 100 -7.5
      vertex -61.033245267385745 92.49447473778048 -7.5
      vertex -61.50003962915292 92.24496795321687 -7.5
    endloop
  endfacet
  facet normal 0 0 -1
    outer loop
      vertex -105 100 -7.5
      vertex -60.52674386944355 92.64812025708872 -7.5
      vertex -61.033245267385745 92.49447473778048 -7.5
    endloop
  endfacet
  facet normal 0 0 -1
    outer loop
      vertex -105 100 -7.5
      vertex -60 92.7 -7.5
      vertex -60.52674386944355 92.64812025708872 -7.5
    endloop
  endfacet
  facet normal 0 0 -1
    outer loop
      vertex -105 100 -7.5
      vertex -59.47325613055645 92.64812025708872 -7.5
      vertex -60 92.7 -7.5
    endloop
  endfacet
  facet normal 0 0 -1
    outer loop
      vertex -87.58578643762691 -55.58578643762691 -7.5
      vertex -1.1111404660392044 55.33706077539491 -7.5
      vertex -0.7653668647301796 55.15224093497743 -7.5
    endloop
  endfacet
  facet normal 0 0 -1
    outer loop
      vertex -87.15224093497743 -56.23463313526982 -7.5
      vertex -0.3901806440322565 55.038429439193536 -7.5
      vertex 0 55 -7.5
    endloop
  endfacet
  facet normal 0 0 -1
    outer loop
      vertex -87.03842943919354 -56.609819355967744 -7.5
      vertex 0 55 -7.5
      vertex 0.3901806440322565 55.038429439193536 -7.5
    endloop
  endfacet
  facet normal 0 0 -1
    outer loop
      vertex -87.3370607753949 -55.8888595339608 -7.5
      vertex -0.7653668647301796 55.15224093497743 -7.5
      vertex -0.3901806440322565 55.038429439193536 -7.5
    endloop
  endfacet
  facet normal 0 0 -1
    outer loop
      vertex -87 -57 -7.5
      vertex 0.3901806440322565 55.038429439193536 -7.5
      vertex 0.7653668647301796 55.15224093497743 -7.5
    endloop
  endfacet
  facet normal 0 0 -1
    outer loop
      vertex -87.03842943919354 -57.390180644032256 -7.5
      vertex 0.7653668647301796 55.15224093497743 -7.5
      vertex 1.1111404660392044 55.33706077539491 -7.5
    endloop
  endfacet
  facet normal 0 0 -1
    outer loop
      vertex -87.15224093497743 57.76536686473018 -7.5
      vertex -61.033245267385745 87.50552526221952 -7.5
      vertex -1.8477590650225735 57.76536686473018 -7.5
    endloop
  endfacet
  facet normal 0 0 -1
    outer loop
      vertex -87.58578643762691 55.58578643762691 -7.5
      vertex -1.4142135623730951 55.58578643762691 -7.5
      vertex -1.1111404660392044 55.33706077539491 -7.5
    endloop
  endfacet
  facet normal 0 0 -1
    outer loop
      vertex -87.3370607753949 55.8888595339608 -7.5
      vertex -1.6629392246050905 55.8888595339608 -7.5
      vertex -1.4142135623730951 55.58578643762691 -7.5
    endloop
  endfacet
  facet normal 0 0 -1
    outer loop
      vertex -87.15224093497743 56.23463313526982 -7.5
      vertex -1.8477590650225735 56.23463313526982 -7.5
      vertex -1.6629392246050905 55.8888595339608 -7.5
    endloop
  endfacet
  facet normal 0 0 -1
    outer loop
      vertex -87.03842943919354 56.609819355967744 -7.5
      vertex -1.9615705608064609 56.609819355967744 -7.5
      vertex -1.8477590650225735 56.23463313526982 -7.5
    endloop
  endfacet
  facet normal 0 0 -1
    outer loop
      vertex -87 57 -7.5
      vertex -2 57 -7.5
      vertex -1.9615705608064609 56.609819355967744 -7.5
    endloop
  endfacet
  facet normal 0 0 -1
    outer loop
      vertex -87.03842943919354 57.390180644032256 -7.5
      vertex -1.9615705608064609 57.390180644032256 -7.5
      vertex -2 57 -7.5
    endloop
  endfacet
  facet normal 0 0 -1
    outer loop
      vertex -87.03842943919354 57.390180644032256 -7.5
      vertex -1.8477590650225735 57.76536686473018 -7.5
      vertex -1.9615705608064609 57.390180644032256 -7.5
    endloop
  endfacet
  facet normal 0 0 -1
    outer loop
      vertex -61.033245267385745 87.50552526221952 -7.5
      vertex -60.52674386944355 87.35187974291128 -7.5
      vertex -1.8477590650225735 57.76536686473018 -7.5
    endloop
  endfacet
  facet normal 0 0 -1
    outer loop
      vertex -60.52674386944355 87.35187974291128 -7.5
      vertex -60 87.3 -7.5
      vertex -1.8477590650225735 57.76536686473018 -7.5
    endloop
  endfacet
  facet normal 0 0 -1
    outer loop
      vertex -60 87.3 -7.5
      vertex -59.47325613055645 87.35187974291128 -7.5
      vertex -1.8477590650225735 57.76536686473018 -7.5
    endloop
  endfacet
  facet normal 0 0 -1
    outer loop
      vertex -59.47325613055645 87.35187974291128 -7.5
      vertex -58.966754732614255 87.50552526221952 -7.5
      vertex -1.8477590650225735 57.76536686473018 -7.5
    endloop
  endfacet
  facet normal 0 0 -1
    outer loop
      vertex -58.966754732614255 87.50552526221952 -7.5
      vertex -58.49996037084708 87.75503204678313 -7.5
      vertex -1.8477590650225735 57.76536686473018 -7.5
    endloop
  endfacet
  facet normal 0 0 -1
    outer loop
      vertex -58.49996037084708 87.75503204678313 -7.5
      vertex -58.09081169079632 88.09081169079631 -7.5
      vertex -1.8477590650225735 57.76536686473018 -7.5
    endloop
  endfacet
  facet normal 0 0 -1
    outer loop
      vertex -58.09081169079632 88.09081169079631 -7.5
      vertex -57.75503204678313 88.49996037084708 -7.5
      vertex -1.8477590650225735 57.76536686473018 -7.5
    endloop
  endfacet
  facet normal 0 0 -1
    outer loop
      vertex -57.50552526221953 88.96675473261426 -7.5
      vertex -1.6629392246050905 58.1111404660392 -7.5
      vertex -57.75503204678313 88.49996037084708 -7.5
    endloop
  endfacet
  facet normal 0 0 -1
    outer loop
      vertex -57.35187974291128 89.47325613055645 -7.5
      vertex -1.4142135623730951 58.41421356237309 -7.5
      vertex -57.50552526221953 88.96675473261426 -7.5
    endloop
  endfacet
  facet normal 0 0 -1
    outer loop
      vertex -57.3 90 -7.5
      vertex -1.1111404660392044 58.66293922460509 -7.5
      vertex -57.35187974291128 89.47325613055645 -7.5
    endloop
  endfacet
  facet normal 0 0 -1
    outer loop
      vertex -105 100 -7.5
      vertex 59.47325613055645 92.64812025708872 -7.5
      vertex -59.47325613055645 92.64812025708872 -7.5
    endloop
  endfacet
  facet normal 0 0 -1
    outer loop
      vertex -1.6629392246050905 58.1111404660392 -7.5
      vertex -1.8477590650225735 57.76536686473018 -7.5
      vertex -57.75503204678313 88.49996037084708 -7.5
    endloop
  endfacet
  facet normal 0 0 -1
    outer loop
      vertex -1.4142135623730951 58.41421356237309 -7.5
      vertex -1.6629392246050905 58.1111404660392 -7.5
      vertex -57.50552526221953 88.96675473261426 -7.5
    endloop
  endfacet
  facet normal 0 0 -1
    outer loop
      vertex -1.1111404660392044 58.66293922460509 -7.5
      vertex -1.4142135623730951 58.41421356237309 -7.5
      vertex -57.35187974291128 89.47325613055645 -7.5
    endloop
  endfacet
  facet normal 0 0 -1
    outer loop
      vertex -58.966754732614255 92.49447473778048 -7.5
      vertex -59.47325613055645 92.64812025708872 -7.5
      vertex 58.966754732614255 92.49447473778048 -7.5
    endloop
  endfacet
  facet normal 0 0 -1
    outer loop
      vertex -57.35187974291128 90.52674386944355 -7.5
      vertex 57.3 90 -7.5
      vertex -57.3 90 -7.5
    endloop
  endfacet
  facet normal 0 0 -1
    outer loop
      vertex -57.50552526221953 91.03324526738574 -7.5
      vertex 57.3 90 -7.5
      vertex -57.35187974291128 90.52674386944355 -7.5
    endloop
  endfacet
  facet normal 0 0 -1
    outer loop
      vertex -57.75503204678313 91.50003962915292 -7.5
      vertex 57.35187974291128 90.52674386944355 -7.5
      vertex -57.50552526221953 91.03324526738574 -7.5
    endloop
  endfacet
  facet normal 0 0 -1
    outer loop
      vertex -58.09081169079632 91.90918830920369 -7.5
      vertex 57.75503204678313 91.50003962915292 -7.5
      vertex -57.75503204678313 91.50003962915292 -7.5
    endloop
  endfacet
  facet normal 0 0 -1
    outer loop
      vertex -58.09081169079632 91.90918830920369 -7.5
      vertex -58.49996037084708 92.24496795321687 -7.5
      vertex 58.09081169079632 91.90918830920369 -7.5
    endloop
  endfacet
  facet normal 0 0 -1
    outer loop
      vertex -58.49996037084708 92.24496795321687 -7.5
      vertex -58.966754732614255 92.49447473778048 -7.5
      vertex 58.49996037084708 92.24496795321687 -7.5
    endloop
  endfacet
  facet normal 0 0 -1
    outer loop
      vertex -1.1111404660392044 58.66293922460509 -7.5
      vertex -57.3 90 -7.5
      vertex 57.3 90 -7.5
    endloop
  endfacet
  facet normal 0 1 0
    outer loop
      vertex -105 100 -7.5
      vertex -105 100 7.5
      vertex 105 100 -7.5
    endloop
  endfacet
  facet normal 0 0 1
    outer loop
      vertex -105 -100 7.5
      vertex -93.573082867664 53.94436371839219 7.5
      vertex -94.08133742881208 54.89524112199201 7.5
    endloop
  endfacet
  facet normal 0 0 1
    outer loop
      vertex -105 -100 7.5
      vertex -92.88908729652601 53.110912703473986 7.5
      vertex -93.573082867664 53.94436371839219 7.5
    endloop
  endfacet
  facet normal 0 0 1
    outer loop
      vertex -105 -100 7.5
      vertex -91.104758878008 51.91866257118792 7.5
      vertex -92.05563628160782 52.426917132336 7.5
    endloop
  endfacet
  facet normal 0 0 1
    outer loop
      vertex -105 -100 7.5
      vertex -90.07299677108871 51.60568095778223 7.5
      vertex -91.104758878008 51.91866257118792 7.5
    endloop
  endfacet
  facet normal 0 0 1
    outer loop
      vertex -105 -100 7.5
      vertex -92.05563628160782 52.426917132336 7.5
      vertex -92.88908729652601 53.110912703473986 7.5
    endloop
  endfacet
  facet normal 0 0 1
    outer loop
      vertex -105 -100 7.5
      vertex -94.08133742881208 54.89524112199201 7.5
      vertex -94.39431904221777 55.927003228911296 7.5
    endloop
  endfacet
  facet normal 0 0 1
    outer loop
      vertex -105 -100 7.5
      vertex -94.39431904221777 55.927003228911296 7.5
      vertex -94.5 57 7.5
    endloop
  endfacet
  facet normal 0 0 1
    outer loop
      vertex -105 -100 7.5
      vertex -89 51.5 7.5
      vertex -90.07299677108871 51.60568095778223 7.5
    endloop
  endfacet
  facet normal 0 0 1
    outer loop
      vertex -105 -100 7.5
      vertex -87.92700322891129 51.60568095778223 7.5
      vertex -89 51.5 7.5
    endloop
  endfacet
  facet normal 0 0 1
    outer loop
      vertex -105 -100 7.5
      vertex -86.895241121992 51.91866257118792 7.5
      vertex -87.92700322891129 51.60568095778223 7.5
    endloop
  endfacet
  facet normal 0 0 1
    outer loop
      vertex -105 -100 7.5
      vertex -85.94436371839218 52.426917132336 7.5
      vertex -86.895241121992 51.91866257118792 7.5
    endloop
  endfacet
  facet normal 0 0 1
    outer loop
      vertex -105 -100 7.5
      vertex -85.11091270347399 53.110912703473986 7.5
      vertex -85.94436371839218 52.426917132336 7.5
    endloop
  endfacet
  facet normal 0 0 1
    outer loop
      vertex -105 -100 7.5
      vertex -94.5 57 7.5
      vertex -105 100 7.5
    endloop
  endfacet
  facet normal 0 0 1
    outer loop
      vertex -105 -100 7.5
      vertex -84.426917132336 53.94436371839219 7.5
      vertex -85.11091270347399 53.110912703473986 7.5
    endloop
  endfacet
  facet normal 0 0 1
    outer loop
      vertex -105 100 7.5
      vertex -94.5 57 7.5
      vertex -94.39431904221777 58.072996771088704 7.5
    endloop
  endfacet
  facet normal 0 0 1
    outer loop
      vertex -105 100 7.5
      vertex -94.39431904221777 58.072996771088704 7.5
      vertex -94.08133742881208 59.10475887800799 7.5
    endloop
  endfacet
  facet normal 0 0 1
    outer loop
      vertex -105 100 7.5
      vertex -94.08133742881208 59.10475887800799 7.5
      vertex -93.573082867664 60.05563628160781 7.5
    endloop
  endfacet
  facet normal 0 0 1
    outer loop
      vertex -105 100 7.5
      vertex -93.573082867664 60.05563628160781 7.5
      vertex -92.88908729652601 60.889087296526014 7.5
    endloop
  endfacet
  facet normal 0 0 1
    outer loop
      vertex -105 100 7.5
      vertex -92.88908729652601 60.889087296526014 7.5
      vertex -92.05563628160782 61.573082867664 7.5
    endloop
  endfacet
  facet normal 0 0 1
    outer loop
      vertex -105 100 7.5
      vertex -92.05563628160782 61.573082867664 7.5
      vertex -91.104758878008 62.08133742881208 7.5
    endloop
  endfacet
  facet normal 0 0 1
    outer loop
      vertex -105 100 7.5
      vertex -91.104758878008 62.08133742881208 7.5
      vertex -90.07299677108871 62.39431904221777 7.5
    endloop
  endfacet
  facet normal 0 0 1
    outer loop
      vertex -105 100 7.5
      vertex -90.07299677108871 62.39431904221777 7.5
      vertex -89 62.5 7.5
    endloop
  endfacet
  facet normal 0 0 1
    outer loop
      vertex -105 100 7.5
      vertex -89 62.5 7.5
      vertex -87.92700322891129 62.39431904221777 7.5
    endloop
  endfacet
  facet normal 0 0 1
    outer loop
      vertex -105 100 7.5
      vertex -87.92700322891129 62.39431904221777 7.5
      vertex -86.895241121992 62.08133742881208 7.5
    endloop
  endfacet
  facet normal 0 0 1
    outer loop
      vertex -105 100 7.5
      vertex -85.94436371839218 61.573082867664 7.5
      vertex -85.11091270347399 60.889087296526014 7.5
    endloop
  endfacet
  facet normal 0 0 1
    outer loop
      vertex -105 100 7.5
      vertex -86.895241121992 62.08133742881208 7.5
      vertex -85.94436371839218 61.573082867664 7.5
    endloop
  endfacet
  facet normal 0 0 1
    outer loop
      vertex -105 100 7.5
      vertex -84.426917132336 60.05563628160781 7.5
      vertex -83.91866257118792 59.10475887800799 7.5
    endloop
  endfacet
  facet normal 0 0 1
    outer loop
      vertex -105 100 7.5
      vertex -85.11091270347399 60.889087296526014 7.5
      vertex -84.426917132336 60.05563628160781 7.5
    endloop
  endfacet
  facet normal 0 0 1
    outer loop
      vertex -105 100 7.5
      vertex -61.50003962915292 87.75503204678313 7.5
      vertex -61.90918830920368 88.09081169079631 7.5
    endloop
  endfacet
  facet normal 0 0 1
    outer loop
      vertex -105 100 7.5
      vertex -61.033245267385745 87.50552526221952 7.5
      vertex -61.50003962915292 87.75503204678313 7.5
    endloop
  endfacet
  facet normal 0 0 1
    outer loop
      vertex -105 100 7.5
      vertex -60.52674386944355 87.35187974291128 7.5
      vertex -61.033245267385745 87.50552526221952 7.5
    endloop
  endfacet
  facet normal 0 0 1
    outer loop
      vertex -105 100 7.5
      vertex -62.49447473778047 88.96675473261426 7.5
      vertex -62.64812025708872 89.47325613055645 7.5
    endloop
  endfacet
  facet normal 0 0 1
    outer loop
      vertex -105 100 7.5
      vertex -62.24496795321687 88.49996037084708 7.5
      vertex -62.49447473778047 88.96675473261426 7.5
    endloop
  endfacet
  facet normal 0 0 1
    outer loop
      vertex -105 100 7.5
      vertex -61.90918830920368 88.09081169079631 7.5
      vertex -62.24496795321687 88.49996037084708 7.5
    endloop
  endfacet
  facet normal 0 0 1
    outer loop
      vertex -105 100 7.5
      vertex -62.64812025708872 89.47325613055645 7.5
      vertex -62.7 90 7.5
    endloop
  endfacet
  facet normal 0 0 1
    outer loop
      vertex -105 100 7.5
      vertex -62.7 90 7.5
      vertex -62.64812025708872 90.52674386944355 7.5
    endloop
  endfacet
  facet normal 0 0 1
    outer loop
      vertex -105 100 7.5
      vertex -62.64812025708872 90.52674386944355 7.5
      vertex -62.49447473778047 91.03324526738574 7.5
    endloop
  endfacet
  facet normal 0 0 1
    outer loop
      vertex -105 100 7.5
      vertex -62.49447473778047 91.03324526738574 7.5
      vertex -62.24496795321687 91.50003962915292 7.5
    endloop
  endfacet
  facet normal 0 0 1
    outer loop
      vertex -105 100 7.5
      vertex -62.24496795321687 91.50003962915292 7.5
      vertex -61.90918830920368 91.90918830920369 7.5
    endloop
  endfacet
  facet normal 0 0 1
    outer loop
      vertex -105 100 7.5
      vertex -61.90918830920368 91.90918830920369 7.5
      vertex -61.50003962915292 92.24496795321687 7.5
    endloop
  endfacet
  facet normal 0 0 1
    outer loop
      vertex -105 100 7.5
      vertex -61.50003962915292 92.24496795321687 7.5
      vertex -61.033245267385745 92.49447473778048 7.5
    endloop
  endfacet
  facet normal 0 0 1
    outer loop
      vertex -105 100 7.5
      vertex -61.033245267385745 92.49447473778048 7.5
      vertex -60.52674386944355 92.64812025708872 7.5
    endloop
  endfacet
  facet normal 0 0 1
    outer loop
      vertex -105 100 7.5
      vertex -60.52674386944355 92.64812025708872 7.5
      vertex -60 92.7 7.5
    endloop
  endfacet
  facet normal 0 0 1
    outer loop
      vertex -105 100 7.5
      vertex -3.8890872965260117 53.110912703473986 7.5
      vertex -60.52674386944355 87.35187974291128 7.5
    endloop
  endfacet
  facet normal 0 0 1
    outer loop
      vertex -105 100 7.5
      vertex -83.91866257118792 59.10475887800799 7.5
      vertex 105 -100 7.5
    endloop
  endfacet
  facet normal 0 0 1
    outer loop
      vertex 105 -100 7.5
      vertex -83.91866257118792 54.89524112199201 7.5
      vertex -84.426917132336 53.94436371839219 7.5
    endloop
  endfacet
  facet normal 0 0 1
    outer loop
      vertex 105 -100 7.5
      vertex -83.60568095778223 55.927003228911296 7.5
      vertex -83.91866257118792 54.89524112199201 7.5
    endloop
  endfacet
  facet normal 0 0 1
    outer loop
      vertex 105 -100 7.5
      vertex -83.5 57 7.5
      vertex -83.60568095778223 55.927003228911296 7.5
    endloop
  endfacet
  facet normal 0 0 1
    outer loop
      vertex 105 -100 7.5
      vertex -83.60568095778223 58.072996771088704 7.5
      vertex -83.5 57 7.5
    endloop
  endfacet
  facet normal 0 0 1
    outer loop
      vertex 105 -100 7.5
      vertex -83.91866257118792 59.10475887800799 7.5
      vertex -83.60568095778223 58.072996771088704 7.5
    endloop
  endfacet
  facet normal 0 0 1
    outer loop
      vertex -105 100 7.5
      vertex 83.60568095778223 -58.072996771088704 7.5
      vertex -3.055636281607812 52.426917132336 7.5
    endloop
  endfacet
  facet normal 0 0 1
    outer loop
      vertex -105 100 7.5
      vertex -3.055636281607812 52.426917132336 7.5
      vertex -3.8890872965260117 53.110912703473986 7.5
    endloop
  endfacet
  facet normal 0 0 1
    outer loop
      vertex -60 87.3 7.5
      vertex -60.52674386944355 87.35187974291128 7.5
      vertex -4.573082867663999 53.94436371839219 7.5
    endloop
  endfacet
  facet normal 0 0 1
    outer loop
      vertex -59.47325613055645 87.35187974291128 7.5
      vertex -60 87.3 7.5
      vertex -5.081337428812077 54.89524112199201 7.5
    endloop
  endfacet
  facet normal 0 0 1
    outer loop
      vertex -58.966754732614255 87.50552526221952 7.5
      vertex -59.47325613055645 87.35187974291128 7.5
      vertex -5.394319042217767 55.927003228911296 7.5
    endloop
  endfacet
  facet normal 0 0 1
    outer loop
      vertex -58.49996037084708 87.75503204678313 7.5
      vertex -58.966754732614255 87.50552526221952 7.5
      vertex -5.5 57 7.5
    endloop
  endfacet
  facet normal 0 0 1
    outer loop
      vertex -58.09081169079632 88.09081169079631 7.5
      vertex -58.49996037084708 87.75503204678313 7.5
      vertex -5.394319042217767 58.072996771088704 7.5
    endloop
  endfacet
  facet normal 0 0 1
    outer loop
      vertex -58.09081169079632 88.09081169079631 7.5
      vertex -5.081337428812077 59.10475887800799 7.5
      vertex -57.75503204678313 88.49996037084708 7.5
    endloop
  endfacet
  facet normal 0 0 1
    outer loop
      vertex -57.75503204678313 88.49996037084708 7.5
      vertex -4.573082867663999 60.05563628160781 7.5
      vertex -57.50552526221953 88.96675473261426 7.5
    endloop
  endfacet
  facet normal 0 0 1
    outer loop
      vertex -57.50552526221953 88.96675473261426 7.5
      vertex -4.573082867663999 60.05563628160781 7.5
      vertex -57.35187974291128 89.47325613055645 7.5
    endloop
  endfacet
  facet normal 0 0 1
    outer loop
      vertex -57.35187974291128 89.47325613055645 7.5
      vertex -3.055636281607812 61.573082867664 7.5
      vertex -57.3 90 7.5
    endloop
  endfacet
  facet normal 0 0 1
    outer loop
      vertex -60.52674386944355 87.35187974291128 7.5
      vertex -3.8890872965260117 53.110912703473986 7.5
      vertex -4.573082867663999 53.94436371839219 7.5
    endloop
  endfacet
  facet normal 0 0 1
    outer loop
      vertex -60 87.3 7.5
      vertex -4.573082867663999 53.94436371839219 7.5
      vertex -5.081337428812077 54.89524112199201 7.5
    endloop
  endfacet
  facet normal 0 0 1
    outer loop
      vertex -59.47325613055645 87.35187974291128 7.5
      vertex -5.081337428812077 54.89524112199201 7.5
      vertex -5.394319042217767 55.927003228911296 7.5
    endloop
  endfacet
  facet normal 0 0 1
    outer loop
      vertex -58.966754732614255 87.50552526221952 7.5
      vertex -5.394319042217767 55.927003228911296 7.5
      vertex -5.5 57 7.5
    endloop
  endfacet
  facet normal 0 0 1
    outer loop
      vertex -58.49996037084708 87.75503204678313 7.5
      vertex -5.5 57 7.5
      vertex -5.394319042217767 58.072996771088704 7.5
    endloop
  endfacet
  facet normal 0 0 1
    outer loop
      vertex -58.09081169079632 88.09081169079631 7.5
      vertex -5.394319042217767 58.072996771088704 7.5
      vertex -5.081337428812077 59.10475887800799 7.5
    endloop
  endfacet
  facet normal 0 0 1
    outer loop
      vertex -57.75503204678313 88.49996037084708 7.5
      vertex -5.081337428812077 59.10475887800799 7.5
      vertex -4.573082867663999 60.05563628160781 7.5
    endloop
  endfacet
  facet normal 0 0 1
    outer loop
      vertex -57.35187974291128 89.47325613055645 7.5
      vertex -4.573082867663999 60.05563628160781 7.5
      vertex -3.8890872965260117 60.889087296526014 7.5
    endloop
  endfacet
  facet normal 0 0 1
    outer loop
      vertex -57.35187974291128 89.47325613055645 7.5
      vertex -3.8890872965260117 60.889087296526014 7.5
      vertex -3.055636281607812 61.573082867664 7.5
    endloop
  endfacet
  facet normal 0 0 1
    outer loop
      vertex -57.3 90 7.5
      vertex -3.055636281607812 61.573082867664 7.5
      vertex -2.1047588780079938 62.08133742881208 7.5
    endloop
  endfacet
  facet normal 0 0 1
    outer loop
      vertex -57.3 90 7.5
      vertex -2.1047588780079938 62.08133742881208 7.5
      vertex -1.0729967710887054 62.39431904221777 7.5
    endloop
  endfacet
  facet normal 0 0 1
    outer loop
      vertex -57.3 90 7.5
      vertex -1.0729967710887054 62.39431904221777 7.5
      vertex 0 62.5 7.5
    endloop
  endfacet
  facet normal 0 0 1
    outer loop
      vertex -57.3 90 7.5
      vertex 0 62.5 7.5
      vertex 1.0729967710887054 62.39431904221777 7.5
    endloop
  endfacet
  facet normal 0 0 1
    outer loop
      vertex -57.3 90 7.5
      vertex 1.0729967710887054 62.39431904221777 7.5
      vertex 2.1047588780079938 62.08133742881208 7.5
    endloop
  endfacet
  facet normal 0 0 1
    outer loop
      vertex -105 100 7.5
      vertex -60 92.7 7.5
      vertex 105 100 7.5
    endloop
  endfacet
  facet normal 0 0 1
    outer loop
      vertex -57.3 90 7.5
      vertex 57.50552526221953 91.03324526738574 7.5
      vertex -57.35187974291128 90.52674386944355 7.5
    endloop
  endfacet
  facet normal 0 0 1
    outer loop
      vertex -57.50552526221953 91.03324526738574 7.5
      vertex 57.75503204678313 91.50003962915292 7.5
      vertex -57.75503204678313 91.50003962915292 7.5
    endloop
  endfacet
  facet normal 0 0 1
    outer loop
      vertex -57.35187974291128 90.52674386944355 7.5
      vertex 57.75503204678313 91.50003962915292 7.5
      vertex -57.50552526221953 91.03324526738574 7.5
    endloop
  endfacet
  facet normal 0 0 1
    outer loop
      vertex -58.49996037084708 92.24496795321687 7.5
      vertex -58.09081169079632 91.90918830920369 7.5
      vertex 58.49996037084708 92.24496795321687 7.5
    endloop
  endfacet
  facet normal 0 0 1
    outer loop
      vertex -57.75503204678313 91.50003962915292 7.5
      vertex 58.09081169079632 91.90918830920369 7.5
      vertex -58.09081169079632 91.90918830920369 7.5
    endloop
  endfacet
  facet normal 0 0 1
    outer loop
      vertex -58.966754732614255 92.49447473778048 7.5
      vertex -58.49996037084708 92.24496795321687 7.5
      vertex 58.966754732614255 92.49447473778048 7.5
    endloop
  endfacet
  facet normal 0 0 1
    outer loop
      vertex -59.47325613055645 92.64812025708872 7.5
      vertex -58.966754732614255 92.49447473778048 7.5
      vertex 59.47325613055645 92.64812025708872 7.5
    endloop
  endfacet
  facet normal 0 0 1
    outer loop
      vertex 105 100 7.5
      vertex -60 92.7 7.5
      vertex -59.47325613055645 92.64812025708872 7.5
    endloop
  endfacet
  facet normal 0 0 -1
    outer loop
      vertex -58.49996037084708 -92.24496795321687 -7.5
      vertex 58.49996037084708 -92.24496795321687 -7.5
      vertex 58.966754732614255 -92.49447473778048 -7.5
    endloop
  endfacet
  facet normal 0 0 -1
    outer loop
      vertex -58.09081169079632 -91.90918830920369 -7.5
      vertex 58.09081169079632 -91.90918830920369 -7.5
      vertex 58.49996037084708 -92.24496795321687 -7.5
    endloop
  endfacet
  facet normal 0 0 -1
    outer loop
      vertex -57.75503204678313 -91.50003962915292 -7.5
      vertex 57.75503204678313 -91.50003962915292 -7.5
      vertex 58.09081169079632 -91.90918830920369 -7.5
    endloop
  endfacet
  facet normal 0 0 -1
    outer loop
      vertex -57.50552526221953 -91.03324526738574 -7.5
      vertex 57.50552526221953 -91.03324526738574 -7.5
      vertex 57.75503204678313 -91.50003962915292 -7.5
    endloop
  endfacet
  facet normal 0 0 -1
    outer loop
      vertex -57.35187974291128 -90.52674386944355 -7.5
      vertex 57.35187974291128 -90.52674386944355 -7.5
      vertex 57.50552526221953 -91.03324526738574 -7.5
    endloop
  endfacet
  facet normal 0 0 -1
    outer loop
      vertex -57.3 -90 -7.5
      vertex 57.3 -90 -7.5
      vertex 57.35187974291128 -90.52674386944355 -7.5
    endloop
  endfacet
  facet normal 0 0 -1
    outer loop
      vertex -57.35187974291128 -89.47325613055645 -7.5
      vertex 57.35187974291128 -89.47325613055645 -7.5
      vertex 57.3 -90 -7.5
    endloop
  endfacet
  facet normal 0 0 -1
    outer loop
      vertex -57.50552526221953 -88.96675473261426 -7.5
      vertex 57.50552526221953 -88.96675473261426 -7.5
      vertex 57.35187974291128 -89.47325613055645 -7.5
    endloop
  endfacet
  facet normal 0 0 -1
    outer loop
      vertex -57.50552526221953 -88.96675473261426 -7.5
      vertex 57.75503204678313 -88.49996037084708 -7.5
      vertex 57.50552526221953 -88.96675473261426 -7.5
    endloop
  endfacet
  facet normal 0 0 -1
    outer loop
      vertex -57.50552526221953 -88.96675473261426 -7.5
      vertex 58.09081169079632 -88.09081169079631 -7.5
      vertex 57.75503204678313 -88.49996037084708 -7.5
    endloop
  endfacet
  facet normal 0 0 -1
    outer loop
      vertex -58.49996037084708 -87.75503204678313 -7.5
      vertex 58.49996037084708 -87.75503204678313 -7.5
      vertex 58.09081169079632 -88.09081169079631 -7.5
    endloop
  endfacet
  facet normal 0 0 -1
    outer loop
      vertex -58.966754732614255 -87.50552526221952 -7.5
      vertex 58.966754732614255 -87.50552526221952 -7.5
      vertex 58.49996037084708 -87.75503204678313 -7.5
    endloop
  endfacet
  facet normal 0 0 -1
    outer loop
      vertex -58.966754732614255 -92.49447473778048 -7.5
      vertex 58.966754732614255 -92.49447473778048 -7.5
      vertex 59.47325613055645 -92.64812025708872 -7.5
    endloop
  endfacet
  facet normal 0 0 -1
    outer loop
      vertex -59.47325613055645 -87.35187974291128 -7.5
      vertex 59.47325613055645 -87.35187974291128 -7.5
      vertex 58.966754732614255 -87.50552526221952 -7.5
    endloop
  endfacet
  facet normal 0 0 -1
    outer loop
      vertex 105 -100 -7.5
      vertex -59.47325613055645 -92.64812025708872 -7.5
      vertex 59.47325613055645 -92.64812025708872 -7.5
    endloop
  endfacet
  facet normal 0 0 -1
    outer loop
      vertex -0.3901806440322565 -58.961570560806464 -7.5
      vertex 60 -87.3 -7.5
      vertex 59.47325613055645 -87.35187974291128 -7.5
    endloop
  endfacet
  facet normal 0 0 -1
    outer loop
      vertex -0.3901806440322565 -58.961570560806464 -7.5
      vertex 60.52674386944355 -87.35187974291128 -7.5
      vertex 60 -87.3 -7.5
    endloop
  endfacet
  facet normal 0 0 -1
    outer loop
      vertex -0.3901806440322565 -58.961570560806464 -7.5
      vertex 61.033245267385745 -87.50552526221952 -7.5
      vertex 60.52674386944355 -87.35187974291128 -7.5
    endloop
  endfacet
  facet normal 0 0 -1
    outer loop
      vertex 105 -100 -7.5
      vertex -0.3901806440322565 -58.961570560806464 -7.5
      vertex 0 -59 -7.5
    endloop
  endfacet
  facet normal 0 0 -1
    outer loop
      vertex 105 -100 -7.5
      vertex 0 -59 -7.5
      vertex 0.3901806440322565 -58.961570560806464 -7.5
    endloop
  endfacet
  facet normal 0 0 -1
    outer loop
      vertex 0.3901806440322565 -58.961570560806464 -7.5
      vertex 0.7653668647301796 -58.84775906502257 -7.5
      vertex 88.60981935596774 -58.961570560806464 -7.5
    endloop
  endfacet
  facet normal 0 0 -1
    outer loop
      vertex 0.7653668647301796 -58.84775906502257 -7.5
      vertex 1.1111404660392044 -58.66293922460509 -7.5
      vertex 88.23463313526982 -58.84775906502257 -7.5
    endloop
  endfacet
  facet normal 0 0 -1
    outer loop
      vertex 1.1111404660392044 -58.66293922460509 -7.5
      vertex 1.4142135623730951 -58.41421356237309 -7.5
      vertex 87.8888595339608 -58.66293922460509 -7.5
    endloop
  endfacet
  facet normal 0 0 -1
    outer loop
      vertex 1.4142135623730951 -58.41421356237309 -7.5
      vertex 1.6629392246050905 -58.1111404660392 -7.5
      vertex 87.58578643762691 -58.41421356237309 -7.5
    endloop
  endfacet
  facet normal 0 0 -1
    outer loop
      vertex 1.6629392246050905 -58.1111404660392 -7.5
      vertex 1.8477590650225735 -57.76536686473018 -7.5
      vertex 87.3370607753949 -58.1111404660392 -7.5
    endloop
  endfacet
  facet normal 0 0 -1
    outer loop
      vertex 1.8477590650225735 -57.76536686473018 -7.5
      vertex 1.9615705608064609 -57.390180644032256 -7.5
      vertex 87.03842943919354 -57.390180644032256 -7.5
    endloop
  endfacet
  facet normal 0 0 -1
    outer loop
      vertex 1.9615705608064609 -57.390180644032256 -7.5
      vertex 2 -57 -7.5
      vertex 87.03842943919354 -57.390180644032256 -7.5
    endloop
  endfacet
  facet normal 0 0 -1
    outer loop
      vertex 2 -57 -7.5
      vertex 1.9615705608064609 -56.609819355967744 -7.5
      vertex 87 -57 -7.5
    endloop
  endfacet
  facet normal 0 0 -1
    outer loop
      vertex 1.9615705608064609 -56.609819355967744 -7.5
      vertex 1.8477590650225735 -56.23463313526982 -7.5
      vertex 87.03842943919354 -56.609819355967744 -7.5
    endloop
  endfacet
  facet normal 0 0 -1
    outer loop
      vertex 1.8477590650225735 -56.23463313526982 -7.5
      vertex 1.6629392246050905 -55.8888595339608 -7.5
      vertex 87.15224093497743 -56.23463313526982 -7.5
    endloop
  endfacet
  facet normal 0 0 -1
    outer loop
      vertex 1.6629392246050905 -55.8888595339608 -7.5
      vertex 1.4142135623730951 -55.58578643762691 -7.5
      vertex 87.3370607753949 -55.8888595339608 -7.5
    endloop
  endfacet
  facet normal 0 0 -1
    outer loop
      vertex 1.4142135623730951 -55.58578643762691 -7.5
      vertex 1.1111404660392044 -55.33706077539491 -7.5
      vertex 87.58578643762691 -55.58578643762691 -7.5
    endloop
  endfacet
  facet normal 0 0 -1
    outer loop
      vertex 1.1111404660392044 -55.33706077539491 -7.5
      vertex 0.7653668647301796 -55.15224093497743 -7.5
      vertex 87.8888595339608 -55.33706077539491 -7.5
    endloop
  endfacet
  facet normal 0 0 -1
    outer loop
      vertex 0.7653668647301796 -55.15224093497743 -7.5
      vertex 0.3901806440322565 -55.038429439193536 -7.5
      vertex 88.23463313526982 -55.15224093497743 -7.5
    endloop
  endfacet
  facet normal 0 -1 0
    outer loop
      vertex -105 -100 -7.5
      vertex 105 -100 -7.5
      vertex 105 -100 7.5
    endloop
  endfacet
  facet normal 0 0 -1
    outer loop
      vertex -1.4142135623730951 -55.58578643762691 -7.5
      vertex -1.6629392246050905 -55.8888595339608 -7.5
      vertex 87.3370607753949 55.8888595339608 -7.5
    endloop
  endfacet
  facet normal 0 0 -1
    outer loop
      vertex -1.1111404660392044 -55.33706077539491 -7.5
      vertex -1.4142135623730951 -55.58578643762691 -7.5
      vertex 87.3370607753949 55.8888595339608 -7.5
    endloop
  endfacet
  facet normal 0 0 -1
    outer loop
      vertex -0.7653668647301796 -55.15224093497743 -7.5
      vertex -1.1111404660392044 -55.33706077539491 -7.5
      vertex 87.3370607753949 55.8888595339608 -7.5
    endloop
  endfacet
  facet normal 0 0 -1
    outer loop
      vertex -0.3901806440322565 -55.038429439193536 -7.5
      vertex -0.7653668647301796 -55.15224093497743 -7.5
      vertex 87.3370607753949 55.8888595339608 -7.5
    endloop
  endfacet
  facet normal 0 0 -1
    outer loop
      vertex -0.3901806440322565 -55.038429439193536 -7.5
      vertex 87.3370607753949 55.8888595339608 -7.5
      vertex 0 -55 -7.5
    endloop
  endfacet
  facet normal 0 0 -1
    outer loop
      vertex 0.3901806440322565 -55.038429439193536 -7.5
      vertex 0 -55 -7.5
      vertex 87.3370607753949 55.8888595339608 -7.5
    endloop
  endfacet
  facet normal 0 0 -1
    outer loop
      vertex 105 -100 -7.5
      vertex 61.033245267385745 -87.50552526221952 -7.5
      vertex -0.3901806440322565 -58.961570560806464 -7.5
    endloop
  endfacet
  facet normal 0 0 -1
    outer loop
      vertex 105 -100 -7.5
      vertex 59.47325613055645 -92.64812025708872 -7.5
      vertex 60 -92.7 -7.5
    endloop
  endfacet
  facet normal 0 0 -1
    outer loop
      vertex 105 -100 -7.5
      vertex 60 -92.7 -7.5
      vertex 60.52674386944355 -92.64812025708872 -7.5
    endloop
  endfacet
  facet normal 0 0 -1
    outer loop
      vertex 105 -100 -7.5
      vertex 60.52674386944355 -92.64812025708872 -7.5
      vertex 61.033245267385745 -92.49447473778048 -7.5
    endloop
  endfacet
  facet normal 0 0 -1
    outer loop
      vertex 105 -100 -7.5
      vertex 61.033245267385745 -92.49447473778048 -7.5
      vertex 61.50003962915292 -92.24496795321687 -7.5
    endloop
  endfacet
  facet normal 0 0 -1
    outer loop
      vertex 105 -100 -7.5
      vertex 61.50003962915292 -92.24496795321687 -7.5
      vertex 61.90918830920368 -91.90918830920369 -7.5
    endloop
  endfacet
  facet normal 0 0 -1
    outer loop
      vertex 105 -100 -7.5
      vertex 61.90918830920368 -91.90918830920369 -7.5
      vertex 62.24496795321687 -91.50003962915292 -7.5
    endloop
  endfacet
  facet normal 0 0 -1
    outer loop
      vertex 105 -100 -7.5
      vertex 62.24496795321687 -91.50003962915292 -7.5
      vertex 62.49447473778047 -91.03324526738574 -7.5
    endloop
  endfacet
  facet normal 0 0 -1
    outer loop
      vertex 105 -100 -7.5
      vertex 62.49447473778047 -91.03324526738574 -7.5
      vertex 62.64812025708872 -90.52674386944355 -7.5
    endloop
  endfacet
  facet normal 0 0 -1
    outer loop
      vertex 105 -100 -7.5
      vertex 62.64812025708872 -90.52674386944355 -7.5
      vertex 62.7 -90 -7.5
    endloop
  endfacet
  facet normal 0 0 -1
    outer loop
      vertex 105 -100 -7.5
      vertex 62.7 -90 -7.5
      vertex 62.64812025708872 -89.47325613055645 -7.5
    endloop
  endfacet
  facet normal 0 0 -1
    outer loop
      vertex 105 -100 -7.5
      vertex 62.24496795321687 -88.49996037084708 -7.5
      vertex 61.90918830920368 -88.09081169079631 -7.5
    endloop
  endfacet
  facet normal 0 0 -1
    outer loop
      vertex 105 -100 -7.5
      vertex 62.49447473778047 -88.96675473261426 -7.5
      vertex 62.24496795321687 -88.49996037084708 -7.5
    endloop
  endfacet
  facet normal 0 0 -1
    outer loop
      vertex 105 -100 -7.5
      vertex 62.64812025708872 -89.47325613055645 -7.5
      vertex 62.49447473778047 -88.96675473261426 -7.5
    endloop
  endfacet
  facet normal 0 0 -1
    outer loop
      vertex 105 -100 -7.5
      vertex 61.50003962915292 -87.75503204678313 -7.5
      vertex 61.033245267385745 -87.50552526221952 -7.5
    endloop
  endfacet
  facet normal 0 0 -1
    outer loop
      vertex 105 -100 -7.5
      vertex 61.90918830920368 -88.09081169079631 -7.5
      vertex 61.50003962915292 -87.75503204678313 -7.5
    endloop
  endfacet
  facet normal 0 0 -1
    outer loop
      vertex 105 -100 -7.5
      vertex 0.3901806440322565 -58.961570560806464 -7.5
      vertex 88.60981935596774 -58.961570560806464 -7.5
    endloop
  endfacet
  facet normal 0 0 -1
    outer loop
      vertex 1.4142135623730951 -58.41421356237309 -7.5
      vertex 87.58578643762691 -58.41421356237309 -7.5
      vertex 87.8888595339608 -58.66293922460509 -7.5
    endloop
  endfacet
  facet normal 0 0 -1
    outer loop
      vertex 1.6629392246050905 -58.1111404660392 -7.5
      vertex 87.3370607753949 -58.1111404660392 -7.5
      vertex 87.58578643762691 -58.41421356237309 -7.5
    endloop
  endfacet
  facet normal 0 0 -1
    outer loop
      vertex 1.8477590650225735 -57.76536686473018 -7.5
      vertex 87.15224093497743 -57.76536686473018 -7.5
      vertex 87.3370607753949 -58.1111404660392 -7.5
    endloop
  endfacet
  facet normal 0 0 -1
    outer loop
      vertex 1.8477590650225735 -57.76536686473018 -7.5
      vertex 87.03842943919354 -57.390180644032256 -7.5
      vertex 87.15224093497743 -57.76536686473018 -7.5
    endloop
  endfacet
  facet normal 0 0 -1
    outer loop
      vertex 2 -57 -7.5
      vertex 87 -57 -7.5
      vertex 87.03842943919354 -57.390180644032256 -7.5
    endloop
  endfacet
  facet normal 0 0 -1
    outer loop
      vertex 1.9615705608064609 -56.609819355967744 -7.5
      vertex 87.03842943919354 -56.609819355967744 -7.5
      vertex 87 -57 -7.5
    endloop
  endfacet
  facet normal 0 0 -1
    outer loop
      vertex 1.8477590650225735 -56.23463313526982 -7.5
      vertex 87.15224093497743 -56.23463313526982 -7.5
      vertex 87.03842943919354 -56.609819355967744 -7.5
    endloop
  endfacet
  facet normal 0 0 -1
    outer loop
      vertex 1.6629392246050905 -55.8888595339608 -7.5
      vertex 87.3370607753949 -55.8888595339608 -7.5
      vertex 87.15224093497743 -56.23463313526982 -7.5
    endloop
  endfacet
  facet normal 0 0 -1
    outer loop
      vertex 1.4142135623730951 -55.58578643762691 -7.5
      vertex 87.58578643762691 -55.58578643762691 -7.5
      vertex 87.3370607753949 -55.8888595339608 -7.5
    endloop
  endfacet
  facet normal 0 0 -1
    outer loop
      vertex 1.1111404660392044 -55.33706077539491 -7.5
      vertex 87.8888595339608 -55.33706077539491 -7.5
      vertex 87.58578643762691 -55.58578643762691 -7.5
    endloop
  endfacet
  facet normal 0 0 -1
    outer loop
      vertex 0.7653668647301796 -55.15224093497743 -7.5
      vertex 88.23463313526982 -55.15224093497743 -7.5
      vertex 87.8888595339608 -55.33706077539491 -7.5
    endloop
  endfacet
  facet normal 0 0 -1
    outer loop
      vertex 0.7653668647301796 -58.84775906502257 -7.5
      vertex 88.23463313526982 -58.84775906502257 -7.5
      vertex 88.60981935596774 -58.961570560806464 -7.5
    endloop
  endfacet
  facet normal 0 0 -1
    outer loop
      vertex 1.1111404660392044 -58.66293922460509 -7.5
      vertex 87.8888595339608 -58.66293922460509 -7.5
      vertex 88.23463313526982 -58.84775906502257 -7.5
    endloop
  endfacet
  facet normal 0 0 -1
    outer loop
      vertex 0.3901806440322565 -55.038429439193536 -7.5
      vertex 88.60981935596774 -55.038429439193536 -7.5
      vertex 88.23463313526982 -55.15224093497743 -7.5
    endloop
  endfacet
  facet normal 0 0 -1
    outer loop
      vertex 105 -100 -7.5
      vertex 88.60981935596774 -58.961570560806464 -7.5
      vertex 89 -59 -7.5
    endloop
  endfacet
  facet normal 0 0 -1
    outer loop
      vertex 105 -100 -7.5
      vertex 89 -59 -7.5
      vertex 89.39018064403226 -58.961570560806464 -7.5
    endloop
  endfacet
  facet normal 0 0 -1
    outer loop
      vertex 105 -100 -7.5
      vertex 89.39018064403226 -58.961570560806464 -7.5
      vertex 89.76536686473018 -58.84775906502257 -7.5
    endloop
  endfacet
  facet normal 0 0 -1
    outer loop
      vertex 105 -100 -7.5
      vertex 89.76536686473018 -58.84775906502257 -7.5
      vertex 90.1111404660392 -58.66293922460509 -7.5
    endloop
  endfacet
  facet normal 0 0 -1
    outer loop
      vertex 105 -100 -7.5
      vertex 90.1111404660392 -58.66293922460509 -7.5
      vertex 90.41421356237309 -58.41421356237309 -7.5
    endloop
  endfacet
  facet normal 0 0 -1
    outer loop
      vertex 105 -100 -7.5
      vertex 90.41421356237309 -58.41421356237309 -7.5
      vertex 90.6629392246051 -58.1111404660392 -7.5
    endloop
  endfacet
  facet normal 0 0 -1
    outer loop
      vertex 105 -100 -7.5
      vertex 90.6629392246051 -58.1111404660392 -7.5
      vertex 90.84775906502257 -57.76536686473018 -7.5
    endloop
  endfacet
  facet normal 0 0 -1
    outer loop
      vertex 105 -100 -7.5
      vertex 90.84775906502257 -57.76536686473018 -7.5
      vertex 90.96157056080646 -57.390180644032256 -7.5
    endloop
  endfacet
  facet normal 0 0 -1
    outer loop
      vertex 105 -100 -7.5
      vertex 90.96157056080646 -57.390180644032256 -7.5
      vertex 91 -57 -7.5
    endloop
  endfacet
  facet normal 0 0 -1
    outer loop
      vertex 105 -100 -7.5
      vertex 91 -57 -7.5
      vertex 90.96157056080646 -56.609819355967744 -7.5
    endloop
  endfacet
  facet normal 0 0 -1
    outer loop
      vertex 105 -100 -7.5
      vertex 90.96157056080646 -56.609819355967744 -7.5
      vertex 90.84775906502257 -56.23463313526982 -7.5
    endloop
  endfacet
  facet normal 0 0 -1
    outer loop
      vertex 0.3901806440322565 -55.038429439193536 -7.5
      vertex 87.3370607753949 55.8888595339608 -7.5
      vertex 88.60981935596774 -55.038429439193536 -7.5
    endloop
  endfacet
  facet normal 0 0 -1
    outer loop
      vertex 105 -100 -7.5
      vertex 90.84775906502257 -56.23463313526982 -7.5
      vertex 87.3370607753949 55.8888595339608 -7.5
    endloop
  endfacet
  facet normal 0 0 -1
    outer loop
      vertex 89 -55 -7.5
      vertex 88.60981935596774 -55.038429439193536 -7.5
      vertex 87.3370607753949 55.8888595339608 -7.5
    endloop
  endfacet
  facet normal 0 0 -1
    outer loop
      vertex 89.39018064403226 -55.038429439193536 -7.5
      vertex 89 -55 -7.5
      vertex 87.3370607753949 55.8888595339608 -7.5
    endloop
  endfacet
  facet normal 0 0 -1
    outer loop
      vertex 89.76536686473018 -55.15224093497743 -7.5
      vertex 89.39018064403226 -55.038429439193536 -7.5
      vertex 87.3370607753949 55.8888595339608 -7.5
    endloop
  endfacet
  facet normal 0 0 -1
    outer loop
      vertex 90.1111404660392 -55.33706077539491 -7.5
      vertex 89.76536686473018 -55.15224093497743 -7.5
      vertex 87.3370607753949 55.8888595339608 -7.5
    endloop
  endfacet
  facet normal 0 0 -1
    outer loop
      vertex 90.41421356237309 -55.58578643762691 -7.5
      vertex 90.1111404660392 -55.33706077539491 -7.5
      vertex 87.3370607753949 55.8888595339608 -7.5
    endloop
  endfacet
  facet normal 0 0 -1
    outer loop
      vertex 90.84775906502257 -56.23463313526982 -7.5
      vertex 90.6629392246051 -55.8888595339608 -7.5
      vertex 87.3370607753949 55.8888595339608 -7.5
    endloop
  endfacet
  facet normal 0 0 -1
    outer loop
      vertex 90.6629392246051 -55.8888595339608 -7.5
      vertex 90.41421356237309 -55.58578643762691 -7.5
      vertex 87.3370607753949 55.8888595339608 -7.5
    endloop
  endfacet
  facet normal 1 0 0
    outer loop
      vertex 105 -100 -7.5
      vertex 105 100 -7.5
      vertex 105 -100 7.5
    endloop
  endfacet
  facet normal 0 0 1
    outer loop
      vertex -105 -100 7.5
      vertex 60 -92.7 7.5
      vertex 59.47325613055645 -92.64812025708872 7.5
    endloop
  endfacet
  facet normal 0 0 1
    outer loop
      vertex -58.966754732614255 -87.50552526221952 7.5
      vertex 58.966754732614255 -87.50552526221952 7.5
      vertex 2.1047588780079938 -62.08133742881208 7.5
    endloop
  endfacet
  facet normal 0 0 1
    outer loop
      vertex -59.47325613055645 -92.64812025708872 7.5
      vertex 59.47325613055645 -92.64812025708872 7.5
      vertex 58.966754732614255 -92.49447473778048 7.5
    endloop
  endfacet
  facet normal 0 0 1
    outer loop
      vertex -58.966754732614255 -92.49447473778048 7.5
      vertex 58.966754732614255 -92.49447473778048 7.5
      vertex 58.49996037084708 -92.24496795321687 7.5
    endloop
  endfacet
  facet normal 0 0 1
    outer loop
      vertex -58.09081169079632 -91.90918830920369 7.5
      vertex 57.75503204678313 -91.50003962915292 7.5
      vertex 57.50552526221953 -91.03324526738574 7.5
    endloop
  endfacet
  facet normal 0 0 1
    outer loop
      vertex -58.09081169079632 -91.90918830920369 7.5
      vertex 58.09081169079632 -91.90918830920369 7.5
      vertex 57.75503204678313 -91.50003962915292 7.5
    endloop
  endfacet
  facet normal 0 0 1
    outer loop
      vertex -58.49996037084708 -92.24496795321687 7.5
      vertex 58.49996037084708 -92.24496795321687 7.5
      vertex 58.09081169079632 -91.90918830920369 7.5
    endloop
  endfacet
  facet normal 0 0 1
    outer loop
      vertex -57.50552526221953 -91.03324526738574 7.5
      vertex 57.50552526221953 -91.03324526738574 7.5
      vertex 57.35187974291128 -90.52674386944355 7.5
    endloop
  endfacet
  facet normal 0 0 1
    outer loop
      vertex -57.35187974291128 -90.52674386944355 7.5
      vertex 57.35187974291128 -90.52674386944355 7.5
      vertex 57.3 -90 7.5
    endloop
  endfacet
  facet normal 0 0 1
    outer loop
      vertex -57.3 -90 7.5
      vertex 57.3 -90 7.5
      vertex 57.35187974291128 -89.47325613055645 7.5
    endloop
  endfacet
  facet normal 0 0 1
    outer loop
      vertex -57.35187974291128 -89.47325613055645 7.5
      vertex 57.35187974291128 -89.47325613055645 7.5
      vertex 57.50552526221953 -88.96675473261426 7.5
    endloop
  endfacet
  facet normal 0 0 1
    outer loop
      vertex -58.49996037084708 -87.75503204678313 7.5
      vertex 57.50552526221953 -88.96675473261426 7.5
      vertex 57.75503204678313 -88.49996037084708 7.5
    endloop
  endfacet
  facet normal 0 0 1
    outer loop
      vertex -58.49996037084708 -87.75503204678313 7.5
      vertex 57.75503204678313 -88.49996037084708 7.5
      vertex 58.09081169079632 -88.09081169079631 7.5
    endloop
  endfacet
  facet normal 0 0 1
    outer loop
      vertex -58.49996037084708 -87.75503204678313 7.5
      vertex 58.09081169079632 -88.09081169079631 7.5
      vertex 58.49996037084708 -87.75503204678313 7.5
    endloop
  endfacet
  facet normal 0 0 1
    outer loop
      vertex -58.49996037084708 -87.75503204678313 7.5
      vertex 58.49996037084708 -87.75503204678313 7.5
      vertex 58.966754732614255 -87.50552526221952 7.5
    endloop
  endfacet
  facet normal 0 0 1
    outer loop
      vertex -105 -100 7.5
      vertex 105 -100 7.5
      vertex 60 -92.7 7.5
    endloop
  endfacet
  facet normal 0 0 1
    outer loop
      vertex 58.966754732614255 -87.50552526221952 7.5
      vertex 3.055636281607812 -61.573082867664 7.5
      vertex 2.1047588780079938 -62.08133742881208 7.5
    endloop
  endfacet
  facet normal 0 0 1
    outer loop
      vertex 58.966754732614255 -87.50552526221952 7.5
      vertex 3.8890872965260117 -60.889087296526014 7.5
      vertex 3.055636281607812 -61.573082867664 7.5
    endloop
  endfacet
  facet normal 0 0 1
    outer loop
      vertex 58.966754732614255 -87.50552526221952 7.5
      vertex 4.573082867663999 -60.05563628160781 7.5
      vertex 3.8890872965260117 -60.889087296526014 7.5
    endloop
  endfacet
  facet normal 0 0 1
    outer loop
      vertex 58.966754732614255 -87.50552526221952 7.5
      vertex 5.081337428812077 -59.10475887800799 7.5
      vertex 4.573082867663999 -60.05563628160781 7.5
    endloop
  endfacet
  facet normal 0 0 1
    outer loop
      vertex 5.081337428812077 -59.10475887800799 7.5
      vertex 59.47325613055645 -87.35187974291128 7.5
      vertex 5.394319042217767 -58.072996771088704 7.5
    endloop
  endfacet
  facet normal 0 0 1
    outer loop
      vertex 5.394319042217767 -58.072996771088704 7.5
      vertex 60 -87.3 7.5
      vertex 5.5 -57 7.5
    endloop
  endfacet
  facet normal 0 0 1
    outer loop
      vertex 58.966754732614255 -87.50552526221952 7.5
      vertex 59.47325613055645 -87.35187974291128 7.5
      vertex 5.081337428812077 -59.10475887800799 7.5
    endloop
  endfacet
  facet normal 0 0 1
    outer loop
      vertex 59.47325613055645 -87.35187974291128 7.5
      vertex 60 -87.3 7.5
      vertex 5.394319042217767 -58.072996771088704 7.5
    endloop
  endfacet
  facet normal 0 0 1
    outer loop
      vertex 60 -87.3 7.5
      vertex 60.52674386944355 -87.35187974291128 7.5
      vertex 5.5 -57 7.5
    endloop
  endfacet
  facet normal 0 0 1
    outer loop
      vertex 60.52674386944355 -87.35187974291128 7.5
      vertex 61.033245267385745 -87.50552526221952 7.5
      vertex 5.5 -57 7.5
    endloop
  endfacet
  facet normal 0 0 1
    outer loop
      vertex 61.033245267385745 -87.50552526221952 7.5
      vertex 61.50003962915292 -87.75503204678313 7.5
      vertex 5.5 -57 7.5
    endloop
  endfacet
  facet normal 0 0 1
    outer loop
      vertex 105 -100 7.5
      vertex 5.394319042217767 -55.927003228911296 7.5
      vertex 5.5 -57 7.5
    endloop
  endfacet
  facet normal 0 0 1
    outer loop
      vertex 105 -100 7.5
      vertex 5.081337428812077 -54.89524112199201 7.5
      vertex 5.394319042217767 -55.927003228911296 7.5
    endloop
  endfacet
  facet normal 0 0 1
    outer loop
      vertex 105 -100 7.5
      vertex 4.573082867663999 -53.94436371839219 7.5
      vertex 5.081337428812077 -54.89524112199201 7.5
    endloop
  endfacet
  facet normal 0 0 1
    outer loop
      vertex 105 -100 7.5
      vertex 3.8890872965260117 -53.110912703473986 7.5
      vertex 4.573082867663999 -53.94436371839219 7.5
    endloop
  endfacet
  facet normal 0 0 1
    outer loop
      vertex 105 -100 7.5
      vertex 2.1047588780079938 -51.91866257118792 7.5
      vertex 3.055636281607812 -52.426917132336 7.5
    endloop
  endfacet
  facet normal 0 0 1
    outer loop
      vertex 105 -100 7.5
      vertex 3.055636281607812 -52.426917132336 7.5
      vertex 3.8890872965260117 -53.110912703473986 7.5
    endloop
  endfacet
  facet normal 0 0 1
    outer loop
      vertex 105 -100 7.5
      vertex -84.426917132336 53.94436371839219 7.5
      vertex 2.1047588780079938 -51.91866257118792 7.5
    endloop
  endfacet
  facet normal 0 0 1
    outer loop
      vertex -105 100 7.5
      vertex 84.426917132336 -60.05563628160781 7.5
      vertex 83.91866257118792 -59.10475887800799 7.5
    endloop
  endfacet
  facet normal 0 0 1
    outer loop
      vertex -105 100 7.5
      vertex 85.11091270347399 -60.889087296526014 7.5
      vertex 84.426917132336 -60.05563628160781 7.5
    endloop
  endfacet
  facet normal 0 0 1
    outer loop
      vertex -105 100 7.5
      vertex 83.91866257118792 -59.10475887800799 7.5
      vertex 83.60568095778223 -58.072996771088704 7.5
    endloop
  endfacet
  facet normal 0 0 1
    outer loop
      vertex -105 100 7.5
      vertex 105 -100 7.5
      vertex 85.11091270347399 -60.889087296526014 7.5
    endloop
  endfacet
  facet normal 0 0 1
    outer loop
      vertex 105 -100 7.5
      vertex 5.5 -57 7.5
      vertex 61.50003962915292 -87.75503204678313 7.5
    endloop
  endfacet
  facet normal 0 0 1
    outer loop
      vertex 105 -100 7.5
      vertex 60.52674386944355 -92.64812025708872 7.5
      vertex 60 -92.7 7.5
    endloop
  endfacet
  facet normal 0 0 1
    outer loop
      vertex 105 -100 7.5
      vertex 61.033245267385745 -92.49447473778048 7.5
      vertex 60.52674386944355 -92.64812025708872 7.5
    endloop
  endfacet
  facet normal 0 0 1
    outer loop
      vertex 105 -100 7.5
      vertex 61.50003962915292 -92.24496795321687 7.5
      vertex 61.033245267385745 -92.49447473778048 7.5
    endloop
  endfacet
  facet normal 0 0 1
    outer loop
      vertex 105 -100 7.5
      vertex 61.90918830920368 -91.90918830920369 7.5
      vertex 61.50003962915292 -92.24496795321687 7.5
    endloop
  endfacet
  facet normal 0 0 1
    outer loop
      vertex 105 -100 7.5
      vertex 62.24496795321687 -91.50003962915292 7.5
      vertex 61.90918830920368 -91.90918830920369 7.5
    endloop
  endfacet
  facet normal 0 0 1
    outer loop
      vertex 105 -100 7.5
      vertex 62.49447473778047 -91.03324526738574 7.5
      vertex 62.24496795321687 -91.50003962915292 7.5
    endloop
  endfacet
  facet normal 0 0 1
    outer loop
      vertex 105 -100 7.5
      vertex 62.64812025708872 -90.52674386944355 7.5
      vertex 62.49447473778047 -91.03324526738574 7.5
    endloop
  endfacet
  facet normal 0 0 1
    outer loop
      vertex 105 -100 7.5
      vertex 62.7 -90 7.5
      vertex 62.64812025708872 -90.52674386944355 7.5
    endloop
  endfacet
  facet normal 0 0 1
    outer loop
      vertex 105 -100 7.5
      vertex 62.64812025708872 -89.47325613055645 7.5
      vertex 62.7 -90 7.5
    endloop
  endfacet
  facet normal 0 0 1
    outer loop
      vertex 105 -100 7.5
      vertex 61.90918830920368 -88.09081169079631 7.5
      vertex 62.24496795321687 -88.49996037084708 7.5
    endloop
  endfacet
  facet normal 0 0 1
    outer loop
      vertex 105 -100 7.5
      vertex 62.24496795321687 -88.49996037084708 7.5
      vertex 62.49447473778047 -88.96675473261426 7.5
    endloop
  endfacet
  facet normal 0 0 1
    outer loop
      vertex 105 -100 7.5
      vertex 62.49447473778047 -88.96675473261426 7.5
      vertex 62.64812025708872 -89.47325613055645 7.5
    endloop
  endfacet
  facet normal 0 0 1
    outer loop
      vertex 105 -100 7.5
      vertex 61.50003962915292 -87.75503204678313 7.5
      vertex 61.90918830920368 -88.09081169079631 7.5
    endloop
  endfacet
  facet normal 0 0 1
    outer loop
      vertex 105 -100 7.5
      vertex 86.895241121992 -62.08133742881208 7.5
      vertex 85.94436371839218 -61.573082867664 7.5
    endloop
  endfacet
  facet normal 0 0 1
    outer loop
      vertex 105 -100 7.5
      vertex 85.94436371839218 -61.573082867664 7.5
      vertex 85.11091270347399 -60.889087296526014 7.5
    endloop
  endfacet
  facet normal 0 0 1
    outer loop
      vertex 105 -100 7.5
      vertex 87.92700322891129 -62.39431904221777 7.5
      vertex 86.895241121992 -62.08133742881208 7.5
    endloop
  endfacet
  facet normal 0 0 1
    outer loop
      vertex 105 -100 7.5
      vertex 89 -62.5 7.5
      vertex 87.92700322891129 -62.39431904221777 7.5
    endloop
  endfacet
  facet normal 0 0 1
    outer loop
      vertex 105 -100 7.5
      vertex 90.07299677108871 -62.39431904221777 7.5
      vertex 89 -62.5 7.5
    endloop
  endfacet
  facet normal 0 0 1
    outer loop
      vertex 105 -100 7.5
      vertex 91.104758878008 -62.08133742881208 7.5
      vertex 90.07299677108871 -62.39431904221777 7.5
    endloop
  endfacet
  facet normal 0 0 1
    outer loop
      vertex 105 -100 7.5
      vertex 92.05563628160782 -61.573082867664 7.5
      vertex 91.104758878008 -62.08133742881208 7.5
    endloop
  endfacet
  facet normal 0 0 1
    outer loop
      vertex 105 -100 7.5
      vertex 92.88908729652601 -60.889087296526014 7.5
      vertex 92.05563628160782 -61.573082867664 7.5
    endloop
  endfacet
  facet normal 0 0 1
    outer loop
      vertex 105 -100 7.5
      vertex 93.573082867664 -60.05563628160781 7.5
      vertex 92.88908729652601 -60.889087296526014 7.5
    endloop
  endfacet
  facet normal 0 0 1
    outer loop
      vertex 105 -100 7.5
      vertex 94.08133742881208 -59.10475887800799 7.5
      vertex 93.573082867664 -60.05563628160781 7.5
    endloop
  endfacet
  facet normal 0 0 1
    outer loop
      vertex 105 -100 7.5
      vertex 94.39431904221777 -58.072996771088704 7.5
      vertex 94.08133742881208 -59.10475887800799 7.5
    endloop
  endfacet
  facet normal 0 0 1
    outer loop
      vertex 105 -100 7.5
      vertex 94.5 -57 7.5
      vertex 94.39431904221777 -58.072996771088704 7.5
    endloop
  endfacet
  facet normal 0 0 1
    outer loop
      vertex -2.1047588780079938 51.91866257118792 7.5
      vertex 83.60568095778223 -58.072996771088704 7.5
      vertex 83.5 -57 7.5
    endloop
  endfacet
  facet normal 0 0 1
    outer loop
      vertex -1.0729967710887054 51.60568095778223 7.5
      vertex 83.5 -57 7.5
      vertex 83.60568095778223 -55.927003228911296 7.5
    endloop
  endfacet
  facet normal 0 0 1
    outer loop
      vertex 0 51.5 7.5
      vertex 83.60568095778223 -55.927003228911296 7.5
      vertex 83.91866257118792 -54.89524112199201 7.5
    endloop
  endfacet
  facet normal 0 0 1
    outer loop
      vertex 84.426917132336 -53.94436371839219 7.5
      vertex 1.0729967710887054 51.60568095778223 7.5
      vertex 83.91866257118792 -54.89524112199201 7.5
    endloop
  endfacet
  facet normal 0 0 1
    outer loop
      vertex 85.11091270347399 -53.110912703473986 7.5
      vertex 2.1047588780079938 51.91866257118792 7.5
      vertex 84.426917132336 -53.94436371839219 7.5
    endloop
  endfacet
  facet normal 0 0 1
    outer loop
      vertex 85.11091270347399 -53.110912703473986 7.5
      vertex 85.94436371839218 -52.426917132336 7.5
      vertex 3.055636281607812 52.426917132336 7.5
    endloop
  endfacet
  facet normal 0 0 1
    outer loop
      vertex 85.94436371839218 -52.426917132336 7.5
      vertex 86.895241121992 -51.91866257118792 7.5
      vertex 3.055636281607812 52.426917132336 7.5
    endloop
  endfacet
  facet normal 0 0 1
    outer loop
      vertex 86.895241121992 -51.91866257118792 7.5
      vertex 87.92700322891129 -51.60568095778223 7.5
      vertex 86.895241121992 51.91866257118792 7.5
    endloop
  endfacet
  facet normal 0 0 1
    outer loop
      vertex 87.92700322891129 -51.60568095778223 7.5
      vertex 89 -51.5 7.5
      vertex 87.92700322891129 51.60568095778223 7.5
    endloop
  endfacet
  facet normal 0 0 1
    outer loop
      vertex 89 -51.5 7.5
      vertex 90.07299677108871 -51.60568095778223 7.5
      vertex 89 51.5 7.5
    endloop
  endfacet
  facet normal 0 0 1
    outer loop
      vertex 90.07299677108871 -51.60568095778223 7.5
      vertex 91.104758878008 -51.91866257118792 7.5
      vertex 90.07299677108871 51.60568095778223 7.5
    endloop
  endfacet
  facet normal 0 0 1
    outer loop
      vertex 91.104758878008 -51.91866257118792 7.5
      vertex 92.05563628160782 -52.426917132336 7.5
      vertex 91.104758878008 51.91866257118792 7.5
    endloop
  endfacet
  facet normal 0 0 1
    outer loop
      vertex 94.5 -57 7.5
      vertex 94.39431904221777 55.927003228911296 7.5
      vertex 94.39431904221777 -55.927003228911296 7.5
    endloop
  endfacet
  facet normal 0 0 1
    outer loop
      vertex 92.05563628160782 -52.426917132336 7.5
      vertex 92.88908729652601 -53.110912703473986 7.5
      vertex 92.05563628160782 52.426917132336 7.5
    endloop
  endfacet
  facet normal 0 0 1
    outer loop
      vertex 93.573082867664 -53.94436371839219 7.5
      vertex 92.88908729652601 53.110912703473986 7.5
      vertex 92.88908729652601 -53.110912703473986 7.5
    endloop
  endfacet
  facet normal 0 0 1
    outer loop
      vertex 94.08133742881208 -54.89524112199201 7.5
      vertex 93.573082867664 53.94436371839219 7.5
      vertex 93.573082867664 -53.94436371839219 7.5
    endloop
  endfacet
  facet normal 0 0 1
    outer loop
      vertex 94.39431904221777 -55.927003228911296 7.5
      vertex 94.08133742881208 54.89524112199201 7.5
      vertex 94.08133742881208 -54.89524112199201 7.5
    endloop
  endfacet
  facet normal 0 0 1
    outer loop
      vertex 105 -100 7.5
      vertex 105 100 7.5
      vertex 94.5 -57 7.5
    endloop
  endfacet
  facet normal 0 0 -1
    outer loop
      vertex -105 -100 -7.5
      vertex 87.15224093497743 56.23463313526982 -7.5
      vertex 87.3370607753949 55.8888595339608 -7.5
    endloop
  endfacet
  facet normal 0 0 -1
    outer loop
      vertex -105 -100 -7.5
      vertex 87.03842943919354 56.609819355967744 -7.5
      vertex 87.15224093497743 56.23463313526982 -7.5
    endloop
  endfacet
  facet normal 0 0 -1
    outer loop
      vertex -105 -100 -7.5
      vertex 87 57 -7.5
      vertex 87.03842943919354 56.609819355967744 -7.5
    endloop
  endfacet
  facet normal 0 0 -1
    outer loop
      vertex -105 -100 -7.5
      vertex 87.03842943919354 57.390180644032256 -7.5
      vertex 87 57 -7.5
    endloop
  endfacet
  facet normal 0 0 -1
    outer loop
      vertex -105 -100 -7.5
      vertex 87.15224093497743 57.76536686473018 -7.5
      vertex 87.03842943919354 57.390180644032256 -7.5
    endloop
  endfacet
  facet normal 0 0 -1
    outer loop
      vertex 105 100 -7.5
      vertex -87.03842943919354 -57.390180644032256 -7.5
      vertex 1.1111404660392044 55.33706077539491 -7.5
    endloop
  endfacet
  facet normal 0 0 -1
    outer loop
      vertex -105 -100 -7.5
      vertex 105 100 -7.5
      vertex 87.15224093497743 57.76536686473018 -7.5
    endloop
  endfacet
  facet normal 0 0 -1
    outer loop
      vertex -0.7653668647301796 58.84775906502257 -7.5
      vertex -1.1111404660392044 58.66293922460509 -7.5
      vertex 57.3 90 -7.5
    endloop
  endfacet
  facet normal 0 0 -1
    outer loop
      vertex -0.3901806440322565 58.961570560806464 -7.5
      vertex -0.7653668647301796 58.84775906502257 -7.5
      vertex 57.3 90 -7.5
    endloop
  endfacet
  facet normal 0 0 -1
    outer loop
      vertex -0.3901806440322565 58.961570560806464 -7.5
      vertex 57.3 90 -7.5
      vertex 0 59 -7.5
    endloop
  endfacet
  facet normal 0 0 -1
    outer loop
      vertex 0.3901806440322565 58.961570560806464 -7.5
      vertex 0 59 -7.5
      vertex 57.3 90 -7.5
    endloop
  endfacet
  facet normal 0 0 -1
    outer loop
      vertex 0.7653668647301796 58.84775906502257 -7.5
      vertex 0.3901806440322565 58.961570560806464 -7.5
      vertex 57.3 90 -7.5
    endloop
  endfacet
  facet normal 0 0 -1
    outer loop
      vertex 1.4142135623730951 55.58578643762691 -7.5
      vertex 1.6629392246050905 55.8888595339608 -7.5
      vertex 60.52674386944355 87.35187974291128 -7.5
    endloop
  endfacet
  facet normal 0 0 -1
    outer loop
      vertex 1.8477590650225735 56.23463313526982 -7.5
      vertex 1.9615705608064609 56.609819355967744 -7.5
      vertex 59.47325613055645 87.35187974291128 -7.5
    endloop
  endfacet
  facet normal 0 0 -1
    outer loop
      vertex 1.6629392246050905 55.8888595339608 -7.5
      vertex 1.8477590650225735 56.23463313526982 -7.5
      vertex 60 87.3 -7.5
    endloop
  endfacet
  facet normal 0 0 -1
    outer loop
      vertex 1.9615705608064609 56.609819355967744 -7.5
      vertex 2 57 -7.5
      vertex 58.966754732614255 87.50552526221952 -7.5
    endloop
  endfacet
  facet normal 0 0 -1
    outer loop
      vertex 1.4142135623730951 58.41421356237309 -7.5
      vertex 1.1111404660392044 58.66293922460509 -7.5
      vertex 57.50552526221953 88.96675473261426 -7.5
    endloop
  endfacet
  facet normal 0 0 -1
    outer loop
      vertex 1.6629392246050905 58.1111404660392 -7.5
      vertex 1.4142135623730951 58.41421356237309 -7.5
      vertex 57.75503204678313 88.49996037084708 -7.5
    endloop
  endfacet
  facet normal 0 0 -1
    outer loop
      vertex 1.8477590650225735 57.76536686473018 -7.5
      vertex 1.6629392246050905 58.1111404660392 -7.5
      vertex 57.75503204678313 88.49996037084708 -7.5
    endloop
  endfacet
  facet normal 0 0 -1
    outer loop
      vertex 2 57 -7.5
      vertex 1.9615705608064609 57.390180644032256 -7.5
      vertex 58.49996037084708 87.75503204678313 -7.5
    endloop
  endfacet
  facet normal 0 0 -1
    outer loop
      vertex 1.9615705608064609 57.390180644032256 -7.5
      vertex 1.8477590650225735 57.76536686473018 -7.5
      vertex 58.09081169079632 88.09081169079631 -7.5
    endloop
  endfacet
  facet normal 0 0 -1
    outer loop
      vertex 1.1111404660392044 58.66293922460509 -7.5
      vertex 0.7653668647301796 58.84775906502257 -7.5
      vertex 57.35187974291128 89.47325613055645 -7.5
    endloop
  endfacet
  facet normal 0 0 -1
    outer loop
      vertex -105 100 -7.5
      vertex 60 92.7 -7.5
      vertex 59.47325613055645 92.64812025708872 -7.5
    endloop
  endfacet
  facet normal 0 0 -1
    outer loop
      vertex -57.50552526221953 91.03324526738574 -7.5
      vertex 57.35187974291128 90.52674386944355 -7.5
      vertex 57.3 90 -7.5
    endloop
  endfacet
  facet normal 0 0 -1
    outer loop
      vertex -57.75503204678313 91.50003962915292 -7.5
      vertex 57.50552526221953 91.03324526738574 -7.5
      vertex 57.35187974291128 90.52674386944355 -7.5
    endloop
  endfacet
  facet normal 0 0 -1
    outer loop
      vertex -57.75503204678313 91.50003962915292 -7.5
      vertex 57.75503204678313 91.50003962915292 -7.5
      vertex 57.50552526221953 91.03324526738574 -7.5
    endloop
  endfacet
  facet normal 0 0 -1
    outer loop
      vertex -58.09081169079632 91.90918830920369 -7.5
      vertex 58.09081169079632 91.90918830920369 -7.5
      vertex 57.75503204678313 91.50003962915292 -7.5
    endloop
  endfacet
  facet normal 0 0 -1
    outer loop
      vertex -58.49996037084708 92.24496795321687 -7.5
      vertex 58.49996037084708 92.24496795321687 -7.5
      vertex 58.09081169079632 91.90918830920369 -7.5
    endloop
  endfacet
  facet normal 0 0 -1
    outer loop
      vertex -58.966754732614255 92.49447473778048 -7.5
      vertex 58.966754732614255 92.49447473778048 -7.5
      vertex 58.49996037084708 92.24496795321687 -7.5
    endloop
  endfacet
  facet normal 0 0 -1
    outer loop
      vertex -59.47325613055645 92.64812025708872 -7.5
      vertex 59.47325613055645 92.64812025708872 -7.5
      vertex 58.966754732614255 92.49447473778048 -7.5
    endloop
  endfacet
  facet normal 0 0 -1
    outer loop
      vertex -105 100 -7.5
      vertex 105 100 -7.5
      vertex 60 92.7 -7.5
    endloop
  endfacet
  facet normal 0 0 -1
    outer loop
      vertex 105 100 -7.5
      vertex 1.1111404660392044 55.33706077539491 -7.5
      vertex 1.4142135623730951 55.58578643762691 -7.5
    endloop
  endfacet
  facet normal 0 0 -1
    outer loop
      vertex 1.8477590650225735 57.76536686473018 -7.5
      vertex 57.75503204678313 88.49996037084708 -7.5
      vertex 58.09081169079632 88.09081169079631 -7.5
    endloop
  endfacet
  facet normal 0 0 -1
    outer loop
      vertex 0.7653668647301796 58.84775906502257 -7.5
      vertex 57.3 90 -7.5
      vertex 57.35187974291128 89.47325613055645 -7.5
    endloop
  endfacet
  facet normal 0 0 -1
    outer loop
      vertex 1.4142135623730951 58.41421356237309 -7.5
      vertex 57.50552526221953 88.96675473261426 -7.5
      vertex 57.75503204678313 88.49996037084708 -7.5
    endloop
  endfacet
  facet normal 0 0 -1
    outer loop
      vertex 1.1111404660392044 58.66293922460509 -7.5
      vertex 57.35187974291128 89.47325613055645 -7.5
      vertex 57.50552526221953 88.96675473261426 -7.5
    endloop
  endfacet
  facet normal 0 0 -1
    outer loop
      vertex 1.9615705608064609 56.609819355967744 -7.5
      vertex 58.966754732614255 87.50552526221952 -7.5
      vertex 59.47325613055645 87.35187974291128 -7.5
    endloop
  endfacet
  facet normal 0 0 -1
    outer loop
      vertex 1.9615705608064609 57.390180644032256 -7.5
      vertex 58.09081169079632 88.09081169079631 -7.5
      vertex 58.49996037084708 87.75503204678313 -7.5
    endloop
  endfacet
  facet normal 0 0 -1
    outer loop
      vertex 2 57 -7.5
      vertex 58.49996037084708 87.75503204678313 -7.5
      vertex 58.966754732614255 87.50552526221952 -7.5
    endloop
  endfacet
  facet normal 0 0 -1
    outer loop
      vertex 1.8477590650225735 56.23463313526982 -7.5
      vertex 59.47325613055645 87.35187974291128 -7.5
      vertex 60 87.3 -7.5
    endloop
  endfacet
  facet normal 0 0 -1
    outer loop
      vertex 1.6629392246050905 55.8888595339608 -7.5
      vertex 60 87.3 -7.5
      vertex 60.52674386944355 87.35187974291128 -7.5
    endloop
  endfacet
  facet normal 0 0 -1
    outer loop
      vertex 105 -100 -7.5
      vertex 87.3370607753949 55.8888595339608 -7.5
      vertex 87.58578643762691 55.58578643762691 -7.5
    endloop
  endfacet
  facet normal 0 0 -1
    outer loop
      vertex 105 -100 -7.5
      vertex 87.58578643762691 55.58578643762691 -7.5
      vertex 87.8888595339608 55.33706077539491 -7.5
    endloop
  endfacet
  facet normal 0 0 -1
    outer loop
      vertex 105 -100 -7.5
      vertex 87.8888595339608 55.33706077539491 -7.5
      vertex 88.23463313526982 55.15224093497743 -7.5
    endloop
  endfacet
  facet normal 0 0 -1
    outer loop
      vertex 105 -100 -7.5
      vertex 88.23463313526982 55.15224093497743 -7.5
      vertex 88.60981935596774 55.038429439193536 -7.5
    endloop
  endfacet
  facet normal 0 0 -1
    outer loop
      vertex 105 -100 -7.5
      vertex 88.60981935596774 55.038429439193536 -7.5
      vertex 89 55 -7.5
    endloop
  endfacet
  facet normal 0 0 -1
    outer loop
      vertex 105 -100 -7.5
      vertex 89 55 -7.5
      vertex 89.39018064403226 55.038429439193536 -7.5
    endloop
  endfacet
  facet normal 0 0 -1
    outer loop
      vertex 105 -100 -7.5
      vertex 89.39018064403226 55.038429439193536 -7.5
      vertex 89.76536686473018 55.15224093497743 -7.5
    endloop
  endfacet
  facet normal 0 0 -1
    outer loop
      vertex 105 -100 -7.5
      vertex 89.76536686473018 55.15224093497743 -7.5
      vertex 90.1111404660392 55.33706077539491 -7.5
    endloop
  endfacet
  facet normal 0 0 -1
    outer loop
      vertex 105 -100 -7.5
      vertex 90.1111404660392 55.33706077539491 -7.5
      vertex 90.41421356237309 55.58578643762691 -7.5
    endloop
  endfacet
  facet normal 0 0 -1
    outer loop
      vertex 105 -100 -7.5
      vertex 90.41421356237309 55.58578643762691 -7.5
      vertex 90.6629392246051 55.8888595339608 -7.5
    endloop
  endfacet
  facet normal 0 0 -1
    outer loop
      vertex 105 -100 -7.5
      vertex 90.6629392246051 55.8888595339608 -7.5
      vertex 90.84775906502257 56.23463313526982 -7.5
    endloop
  endfacet
  facet normal 0 0 -1
    outer loop
      vertex 105 -100 -7.5
      vertex 90.84775906502257 56.23463313526982 -7.5
      vertex 90.96157056080646 56.609819355967744 -7.5
    endloop
  endfacet
  facet normal 0 0 -1
    outer loop
      vertex 105 -100 -7.5
      vertex 90.96157056080646 56.609819355967744 -7.5
      vertex 91 57 -7.5
    endloop
  endfacet
  facet normal 0 0 -1
    outer loop
      vertex 105 -100 -7.5
      vertex 91 57 -7.5
      vertex 105 100 -7.5
    endloop
  endfacet
  facet normal 0 0 -1
    outer loop
      vertex 105 100 -7.5
      vertex 1.4142135623730951 55.58578643762691 -7.5
      vertex 60.52674386944355 87.35187974291128 -7.5
    endloop
  endfacet
  facet normal 0 0 -1
    outer loop
      vertex 105 100 -7.5
      vertex 60.52674386944355 87.35187974291128 -7.5
      vertex 61.033245267385745 87.50552526221952 -7.5
    endloop
  endfacet
  facet normal 0 0 -1
    outer loop
      vertex 105 100 -7.5
      vertex 61.033245267385745 87.50552526221952 -7.5
      vertex 61.50003962915292 87.75503204678313 -7.5
    endloop
  endfacet
  facet normal 0 0 -1
    outer loop
      vertex 105 100 -7.5
      vertex 61.50003962915292 87.75503204678313 -7.5
      vertex 61.90918830920368 88.09081169079631 -7.5
    endloop
  endfacet
  facet normal 0 0 -1
    outer loop
      vertex 105 100 -7.5
      vertex 61.90918830920368 88.09081169079631 -7.5
      vertex 62.24496795321687 88.49996037084708 -7.5
    endloop
  endfacet
  facet normal 0 0 -1
    outer loop
      vertex 105 100 -7.5
      vertex 62.24496795321687 88.49996037084708 -7.5
      vertex 62.49447473778047 88.96675473261426 -7.5
    endloop
  endfacet
  facet normal 0 0 -1
    outer loop
      vertex 105 100 -7.5
      vertex 62.49447473778047 88.96675473261426 -7.5
      vertex 62.64812025708872 89.47325613055645 -7.5
    endloop
  endfacet
  facet normal 0 0 -1
    outer loop
      vertex 105 100 -7.5
      vertex 62.64812025708872 89.47325613055645 -7.5
      vertex 62.7 90 -7.5
    endloop
  endfacet
  facet normal 0 0 -1
    outer loop
      vertex 105 100 -7.5
      vertex 62.7 90 -7.5
      vertex 62.64812025708872 90.52674386944355 -7.5
    endloop
  endfacet
  facet normal 0 0 -1
    outer loop
      vertex 105 100 -7.5
      vertex 60.52674386944355 92.64812025708872 -7.5
      vertex 60 92.7 -7.5
    endloop
  endfacet
  facet normal 0 0 -1
    outer loop
      vertex 105 100 -7.5
      vertex 61.50003962915292 92.24496795321687 -7.5
      vertex 61.033245267385745 92.49447473778048 -7.5
    endloop
  endfacet
  facet normal 0 0 -1
    outer loop
      vertex 105 100 -7.5
      vertex 61.033245267385745 92.49447473778048 -7.5
      vertex 60.52674386944355 92.64812025708872 -7.5
    endloop
  endfacet
  facet normal 0 0 -1
    outer loop
      vertex 105 100 -7.5
      vertex 61.90918830920368 91.90918830920369 -7.5
      vertex 61.50003962915292 92.24496795321687 -7.5
    endloop
  endfacet
  facet normal 0 0 -1
    outer loop
      vertex 105 100 -7.5
      vertex 62.24496795321687 91.50003962915292 -7.5
      vertex 61.90918830920368 91.90918830920369 -7.5
    endloop
  endfacet
  facet normal 0 0 -1
    outer loop
      vertex 105 100 -7.5
      vertex 62.49447473778047 91.03324526738574 -7.5
      vertex 62.24496795321687 91.50003962915292 -7.5
    endloop
  endfacet
  facet normal 0 0 -1
    outer loop
      vertex 105 100 -7.5
      vertex 62.64812025708872 90.52674386944355 -7.5
      vertex 62.49447473778047 91.03324526738574 -7.5
    endloop
  endfacet
  facet normal 0 0 -1
    outer loop
      vertex 105 100 -7.5
      vertex 87.3370607753949 58.1111404660392 -7.5
      vertex 87.15224093497743 57.76536686473018 -7.5
    endloop
  endfacet
  facet normal 0 0 -1
    outer loop
      vertex 105 100 -7.5
      vertex 87.58578643762691 58.41421356237309 -7.5
      vertex 87.3370607753949 58.1111404660392 -7.5
    endloop
  endfacet
  facet normal 0 0 -1
    outer loop
      vertex 105 100 -7.5
      vertex 87.8888595339608 58.66293922460509 -7.5
      vertex 87.58578643762691 58.41421356237309 -7.5
    endloop
  endfacet
  facet normal 0 0 -1
    outer loop
      vertex 105 100 -7.5
      vertex 88.23463313526982 58.84775906502257 -7.5
      vertex 87.8888595339608 58.66293922460509 -7.5
    endloop
  endfacet
  facet normal 0 0 -1
    outer loop
      vertex 105 100 -7.5
      vertex 88.60981935596774 58.961570560806464 -7.5
      vertex 88.23463313526982 58.84775906502257 -7.5
    endloop
  endfacet
  facet normal 0 0 -1
    outer loop
      vertex 105 100 -7.5
      vertex 89 59 -7.5
      vertex 88.60981935596774 58.961570560806464 -7.5
    endloop
  endfacet
  facet normal 0 0 -1
    outer loop
      vertex 105 100 -7.5
      vertex 89.39018064403226 58.961570560806464 -7.5
      vertex 89 59 -7.5
    endloop
  endfacet
  facet normal 0 0 -1
    outer loop
      vertex 105 100 -7.5
      vertex 89.76536686473018 58.84775906502257 -7.5
      vertex 89.39018064403226 58.961570560806464 -7.5
    endloop
  endfacet
  facet normal 0 0 -1
    outer loop
      vertex 105 100 -7.5
      vertex 90.1111404660392 58.66293922460509 -7.5
      vertex 89.76536686473018 58.84775906502257 -7.5
    endloop
  endfacet
  facet normal 0 0 -1
    outer loop
      vertex 105 100 -7.5
      vertex 91 57 -7.5
      vertex 90.96157056080646 57.390180644032256 -7.5
    endloop
  endfacet
  facet normal 0 0 -1
    outer loop
      vertex 105 100 -7.5
      vertex 90.96157056080646 57.390180644032256 -7.5
      vertex 90.84775906502257 57.76536686473018 -7.5
    endloop
  endfacet
  facet normal 0 0 -1
    outer loop
      vertex 105 100 -7.5
      vertex 90.6629392246051 58.1111404660392 -7.5
      vertex 90.41421356237309 58.41421356237309 -7.5
    endloop
  endfacet
  facet normal 0 0 -1
    outer loop
      vertex 105 100 -7.5
      vertex 90.84775906502257 57.76536686473018 -7.5
      vertex 90.6629392246051 58.1111404660392 -7.5
    endloop
  endfacet
  facet normal 0 0 -1
    outer loop
      vertex 105 100 -7.5
      vertex 90.41421356237309 58.41421356237309 -7.5
      vertex 90.1111404660392 58.66293922460509 -7.5
    endloop
  endfacet
  facet normal 0 0 1
    outer loop
      vertex -2.1047588780079938 51.91866257118792 7.5
      vertex -3.055636281607812 52.426917132336 7.5
      vertex 83.60568095778223 -58.072996771088704 7.5
    endloop
  endfacet
  facet normal 0 0 1
    outer loop
      vertex -1.0729967710887054 51.60568095778223 7.5
      vertex -2.1047588780079938 51.91866257118792 7.5
      vertex 83.5 -57 7.5
    endloop
  endfacet
  facet normal 0 0 1
    outer loop
      vertex 0 51.5 7.5
      vertex -1.0729967710887054 51.60568095778223 7.5
      vertex 83.60568095778223 -55.927003228911296 7.5
    endloop
  endfacet
  facet normal 0 0 1
    outer loop
      vertex 83.91866257118792 -54.89524112199201 7.5
      vertex 1.0729967710887054 51.60568095778223 7.5
      vertex 0 51.5 7.5
    endloop
  endfacet
  facet normal 0 0 1
    outer loop
      vertex 84.426917132336 -53.94436371839219 7.5
      vertex 2.1047588780079938 51.91866257118792 7.5
      vertex 1.0729967710887054 51.60568095778223 7.5
    endloop
  endfacet
  facet normal 0 0 1
    outer loop
      vertex 85.11091270347399 -53.110912703473986 7.5
      vertex 3.055636281607812 52.426917132336 7.5
      vertex 2.1047588780079938 51.91866257118792 7.5
    endloop
  endfacet
  facet normal 0 1 0
    outer loop
      vertex -105 100 7.5
      vertex 105 100 7.5
      vertex 105 100 -7.5
    endloop
  endfacet
  facet normal 0 0 1
    outer loop
      vertex 2.1047588780079938 62.08133742881208 7.5
      vertex 3.055636281607812 61.573082867664 7.5
      vertex 57.3 90 7.5
    endloop
  endfacet
  facet normal 0 0 1
    outer loop
      vertex 4.573082867663999 60.05563628160781 7.5
      vertex 57.50552526221953 88.96675473261426 7.5
      vertex 3.8890872965260117 60.889087296526014 7.5
    endloop
  endfacet
  facet normal 0 0 1
    outer loop
      vertex 57.75503204678313 88.49996037084708 7.5
      vertex 4.573082867663999 60.05563628160781 7.5
      vertex 5.081337428812077 59.10475887800799 7.5
    endloop
  endfacet
  facet normal 0 0 1
    outer loop
      vertex 3.055636281607812 61.573082867664 7.5
      vertex 3.8890872965260117 60.889087296526014 7.5
      vertex 57.3 90 7.5
    endloop
  endfacet
  facet normal 0 0 1
    outer loop
      vertex -57.3 90 7.5
      vertex 2.1047588780079938 62.08133742881208 7.5
      vertex 57.3 90 7.5
    endloop
  endfacet
  facet normal 0 0 1
    outer loop
      vertex -57.3 90 7.5
      vertex 57.3 90 7.5
      vertex 57.35187974291128 90.52674386944355 7.5
    endloop
  endfacet
  facet normal 0 0 1
    outer loop
      vertex -57.3 90 7.5
      vertex 57.35187974291128 90.52674386944355 7.5
      vertex 57.50552526221953 91.03324526738574 7.5
    endloop
  endfacet
  facet normal 0 0 1
    outer loop
      vertex -57.35187974291128 90.52674386944355 7.5
      vertex 57.50552526221953 91.03324526738574 7.5
      vertex 57.75503204678313 91.50003962915292 7.5
    endloop
  endfacet
  facet normal 0 0 1
    outer loop
      vertex -57.75503204678313 91.50003962915292 7.5
      vertex 57.75503204678313 91.50003962915292 7.5
      vertex 58.09081169079632 91.90918830920369 7.5
    endloop
  endfacet
  facet normal 0 0 1
    outer loop
      vertex -58.09081169079632 91.90918830920369 7.5
      vertex 58.09081169079632 91.90918830920369 7.5
      vertex 58.49996037084708 92.24496795321687 7.5
    endloop
  endfacet
  facet normal 0 0 1
    outer loop
      vertex -58.49996037084708 92.24496795321687 7.5
      vertex 58.49996037084708 92.24496795321687 7.5
      vertex 58.966754732614255 92.49447473778048 7.5
    endloop
  endfacet
  facet normal 0 0 1
    outer loop
      vertex -58.966754732614255 92.49447473778048 7.5
      vertex 58.966754732614255 92.49447473778048 7.5
      vertex 59.47325613055645 92.64812025708872 7.5
    endloop
  endfacet
  facet normal 0 0 1
    outer loop
      vertex 3.8890872965260117 53.110912703473986 7.5
      vertex 3.055636281607812 52.426917132336 7.5
      vertex 85.11091270347399 53.110912703473986 7.5
    endloop
  endfacet
  facet normal 0 0 1
    outer loop
      vertex 3.8890872965260117 53.110912703473986 7.5
      vertex 84.426917132336 53.94436371839219 7.5
      vertex 4.573082867663999 53.94436371839219 7.5
    endloop
  endfacet
  facet normal 0 0 1
    outer loop
      vertex 4.573082867663999 53.94436371839219 7.5
      vertex 83.91866257118792 54.89524112199201 7.5
      vertex 5.081337428812077 54.89524112199201 7.5
    endloop
  endfacet
  facet normal 0 0 1
    outer loop
      vertex 5.081337428812077 54.89524112199201 7.5
      vertex 83.60568095778223 55.927003228911296 7.5
      vertex 5.394319042217767 55.927003228911296 7.5
    endloop
  endfacet
  facet normal 0 0 1
    outer loop
      vertex 5.394319042217767 55.927003228911296 7.5
      vertex 83.5 57 7.5
      vertex 5.5 57 7.5
    endloop
  endfacet
  facet normal 0 0 1
    outer loop
      vertex 5.5 57 7.5
      vertex 83.5 57 7.5
      vertex 5.394319042217767 58.072996771088704 7.5
    endloop
  endfacet
  facet normal 0 0 1
    outer loop
      vertex 5.394319042217767 58.072996771088704 7.5
      vertex 83.60568095778223 58.072996771088704 7.5
      vertex 5.081337428812077 59.10475887800799 7.5
    endloop
  endfacet
  facet normal 0 0 1
    outer loop
      vertex 61.033245267385745 87.50552526221952 7.5
      vertex 5.081337428812077 59.10475887800799 7.5
      vertex 83.91866257118792 59.10475887800799 7.5
    endloop
  endfacet
  facet normal 0 0 1
    outer loop
      vertex 105 100 7.5
      vertex -59.47325613055645 92.64812025708872 7.5
      vertex 59.47325613055645 92.64812025708872 7.5
    endloop
  endfacet
  facet normal 0 0 1
    outer loop
      vertex 58.966754732614255 87.50552526221952 7.5
      vertex 58.49996037084708 87.75503204678313 7.5
      vertex 5.081337428812077 59.10475887800799 7.5
    endloop
  endfacet
  facet normal 0 0 1
    outer loop
      vertex 59.47325613055645 87.35187974291128 7.5
      vertex 58.966754732614255 87.50552526221952 7.5
      vertex 5.081337428812077 59.10475887800799 7.5
    endloop
  endfacet
  facet normal 0 0 1
    outer loop
      vertex 60 87.3 7.5
      vertex 59.47325613055645 87.35187974291128 7.5
      vertex 5.081337428812077 59.10475887800799 7.5
    endloop
  endfacet
  facet normal 0 0 1
    outer loop
      vertex 60.52674386944355 87.35187974291128 7.5
      vertex 60 87.3 7.5
      vertex 5.081337428812077 59.10475887800799 7.5
    endloop
  endfacet
  facet normal 0 0 1
    outer loop
      vertex 61.033245267385745 87.50552526221952 7.5
      vertex 60.52674386944355 87.35187974291128 7.5
      vertex 5.081337428812077 59.10475887800799 7.5
    endloop
  endfacet
  facet normal 0 0 1
    outer loop
      vertex 57.50552526221953 88.96675473261426 7.5
      vertex 4.573082867663999 60.05563628160781 7.5
      vertex 57.75503204678313 88.49996037084708 7.5
    endloop
  endfacet
  facet normal 0 0 1
    outer loop
      vertex 58.49996037084708 87.75503204678313 7.5
      vertex 58.09081169079632 88.09081169079631 7.5
      vertex 5.081337428812077 59.10475887800799 7.5
    endloop
  endfacet
  facet normal 0 0 1
    outer loop
      vertex 57.75503204678313 88.49996037084708 7.5
      vertex 5.081337428812077 59.10475887800799 7.5
      vertex 58.09081169079632 88.09081169079631 7.5
    endloop
  endfacet
  facet normal 0 0 1
    outer loop
      vertex 57.35187974291128 89.47325613055645 7.5
      vertex 3.8890872965260117 60.889087296526014 7.5
      vertex 57.50552526221953 88.96675473261426 7.5
    endloop
  endfacet
  facet normal 0 0 1
    outer loop
      vertex 57.3 90 7.5
      vertex 3.8890872965260117 60.889087296526014 7.5
      vertex 57.35187974291128 89.47325613055645 7.5
    endloop
  endfacet
  facet normal 1 0 0
    outer loop
      vertex 105 -100 7.5
      vertex 105 100 -7.5
      vertex 105 100 7.5
    endloop
  endfacet
  facet normal 0 0 1
    outer loop
      vertex 86.895241121992 -51.91866257118792 7.5
      vertex 85.94436371839218 52.426917132336 7.5
      vertex 3.055636281607812 52.426917132336 7.5
    endloop
  endfacet
  facet normal 0 0 1
    outer loop
      vertex 86.895241121992 -51.91866257118792 7.5
      vertex 86.895241121992 51.91866257118792 7.5
      vertex 85.94436371839218 52.426917132336 7.5
    endloop
  endfacet
  facet normal 0 0 1
    outer loop
      vertex 87.92700322891129 -51.60568095778223 7.5
      vertex 87.92700322891129 51.60568095778223 7.5
      vertex 86.895241121992 51.91866257118792 7.5
    endloop
  endfacet
  facet normal 0 0 1
    outer loop
      vertex 90.07299677108871 -51.60568095778223 7.5
      vertex 90.07299677108871 51.60568095778223 7.5
      vertex 89 51.5 7.5
    endloop
  endfacet
  facet normal 0 0 1
    outer loop
      vertex 89 -51.5 7.5
      vertex 89 51.5 7.5
      vertex 87.92700322891129 51.60568095778223 7.5
    endloop
  endfacet
  facet normal 0 0 1
    outer loop
      vertex 91.104758878008 -51.91866257118792 7.5
      vertex 91.104758878008 51.91866257118792 7.5
      vertex 90.07299677108871 51.60568095778223 7.5
    endloop
  endfacet
  facet normal 0 0 1
    outer loop
      vertex 92.05563628160782 -52.426917132336 7.5
      vertex 92.05563628160782 52.426917132336 7.5
      vertex 91.104758878008 51.91866257118792 7.5
    endloop
  endfacet
  facet normal 0 0 1
    outer loop
      vertex 92.88908729652601 -53.110912703473986 7.5
      vertex 92.88908729652601 53.110912703473986 7.5
      vertex 92.05563628160782 52.426917132336 7.5
    endloop
  endfacet
  facet normal 0 0 1
    outer loop
      vertex 93.573082867664 -53.94436371839219 7.5
      vertex 93.573082867664 53.94436371839219 7.5
      vertex 92.88908729652601 53.110912703473986 7.5
    endloop
  endfacet
  facet normal 0 0 1
    outer loop
      vertex 94.08133742881208 -54.89524112199201 7.5
      vertex 94.08133742881208 54.89524112199201 7.5
      vertex 93.573082867664 53.94436371839219 7.5
    endloop
  endfacet
  facet normal 0 0 1
    outer loop
      vertex 94.39431904221777 -55.927003228911296 7.5
      vertex 94.39431904221777 55.927003228911296 7.5
      vertex 94.08133742881208 54.89524112199201 7.5
    endloop
  endfacet
  facet normal 0 0 1
    outer loop
      vertex 94.5 -57 7.5
      vertex 94.5 57 7.5
      vertex 94.39431904221777 55.927003228911296 7.5
    endloop
  endfacet
  facet normal 0 0 1
    outer loop
      vertex 105 100 7.5
      vertex 94.5 57 7.5
      vertex 94.5 -57 7.5
    endloop
  endfacet
  facet normal 0 0 1
    outer loop
      vertex 3.055636281607812 52.426917132336 7.5
      vertex 85.94436371839218 52.426917132336 7.5
      vertex 85.11091270347399 53.110912703473986 7.5
    endloop
  endfacet
  facet normal 0 0 1
    outer loop
      vertex 3.8890872965260117 53.110912703473986 7.5
      vertex 85.11091270347399 53.110912703473986 7.5
      vertex 84.426917132336 53.94436371839219 7.5
    endloop
  endfacet
  facet normal 0 0 1
    outer loop
      vertex 4.573082867663999 53.94436371839219 7.5
      vertex 84.426917132336 53.94436371839219 7.5
      vertex 83.91866257118792 54.89524112199201 7.5
    endloop
  endfacet
  facet normal 0 0 1
    outer loop
      vertex 5.081337428812077 54.89524112199201 7.5
      vertex 83.91866257118792 54.89524112199201 7.5
      vertex 83.60568095778223 55.927003228911296 7.5
    endloop
  endfacet
  facet normal 0 0 1
    outer loop
      vertex 5.394319042217767 55.927003228911296 7.5
      vertex 83.60568095778223 55.927003228911296 7.5
      vertex 83.5 57 7.5
    endloop
  endfacet
  facet normal 0 0 1
    outer loop
      vertex 5.394319042217767 58.072996771088704 7.5
      vertex 83.5 57 7.5
      vertex 83.60568095778223 58.072996771088704 7.5
    endloop
  endfacet
  facet normal 0 0 1
    outer loop
      vertex 5.081337428812077 59.10475887800799 7.5
      vertex 83.60568095778223 58.072996771088704 7.5
      vertex 83.91866257118792 59.10475887800799 7.5
    endloop
  endfacet
  facet normal 0 0 1
    outer loop
      vertex 61.033245267385745 87.50552526221952 7.5
      vertex 83.91866257118792 59.10475887800799 7.5
      vertex 84.426917132336 60.05563628160781 7.5
    endloop
  endfacet
  facet normal 0 0 1
    outer loop
      vertex 61.50003962915292 87.75503204678313 7.5
      vertex 84.426917132336 60.05563628160781 7.5
      vertex 85.11091270347399 60.889087296526014 7.5
    endloop
  endfacet
  facet normal 0 0 1
    outer loop
      vertex 61.90918830920368 88.09081169079631 7.5
      vertex 85.11091270347399 60.889087296526014 7.5
      vertex 85.94436371839218 61.573082867664 7.5
    endloop
  endfacet
  facet normal 0 0 1
    outer loop
      vertex 61.90918830920368 88.09081169079631 7.5
      vertex 85.94436371839218 61.573082867664 7.5
      vertex 86.895241121992 62.08133742881208 7.5
    endloop
  endfacet
  facet normal 0 0 1
    outer loop
      vertex 61.50003962915292 87.75503204678313 7.5
      vertex 61.033245267385745 87.50552526221952 7.5
      vertex 84.426917132336 60.05563628160781 7.5
    endloop
  endfacet
  facet normal 0 0 1
    outer loop
      vertex 61.90918830920368 88.09081169079631 7.5
      vertex 61.50003962915292 87.75503204678313 7.5
      vertex 85.11091270347399 60.889087296526014 7.5
    endloop
  endfacet
  facet normal 0 0 1
    outer loop
      vertex 61.90918830920368 88.09081169079631 7.5
      vertex 86.895241121992 62.08133742881208 7.5
      vertex 62.24496795321687 88.49996037084708 7.5
    endloop
  endfacet
  facet normal 0 0 1
    outer loop
      vertex 62.24496795321687 88.49996037084708 7.5
      vertex 86.895241121992 62.08133742881208 7.5
      vertex 62.49447473778047 88.96675473261426 7.5
    endloop
  endfacet
  facet normal 0 0 1
    outer loop
      vertex 62.49447473778047 88.96675473261426 7.5
      vertex 87.92700322891129 62.39431904221777 7.5
      vertex 62.64812025708872 89.47325613055645 7.5
    endloop
  endfacet
  facet normal 0 0 1
    outer loop
      vertex 62.64812025708872 89.47325613055645 7.5
      vertex 89 62.5 7.5
      vertex 62.7 90 7.5
    endloop
  endfacet
  facet normal 0 0 1
    outer loop
      vertex 105 100 7.5
      vertex 62.64812025708872 90.52674386944355 7.5
      vertex 62.7 90 7.5
    endloop
  endfacet
  facet normal 0 0 1
    outer loop
      vertex 105 100 7.5
      vertex 59.47325613055645 92.64812025708872 7.5
      vertex 60 92.7 7.5
    endloop
  endfacet
  facet normal 0 0 1
    outer loop
      vertex 105 100 7.5
      vertex 60 92.7 7.5
      vertex 60.52674386944355 92.64812025708872 7.5
    endloop
  endfacet
  facet normal 0 0 1
    outer loop
      vertex 105 100 7.5
      vertex 61.033245267385745 92.49447473778048 7.5
      vertex 61.50003962915292 92.24496795321687 7.5
    endloop
  endfacet
  facet normal 0 0 1
    outer loop
      vertex 105 100 7.5
      vertex 60.52674386944355 92.64812025708872 7.5
      vertex 61.033245267385745 92.49447473778048 7.5
    endloop
  endfacet
  facet normal 0 0 1
    outer loop
      vertex 105 100 7.5
      vertex 61.50003962915292 92.24496795321687 7.5
      vertex 61.90918830920368 91.90918830920369 7.5
    endloop
  endfacet
  facet normal 0 0 1
    outer loop
      vertex 105 100 7.5
      vertex 61.90918830920368 91.90918830920369 7.5
      vertex 62.24496795321687 91.50003962915292 7.5
    endloop
  endfacet
  facet normal 0 0 1
    outer loop
      vertex 105 100 7.5
      vertex 62.24496795321687 91.50003962915292 7.5
      vertex 62.49447473778047 91.03324526738574 7.5
    endloop
  endfacet
  facet normal 0 0 1
    outer loop
      vertex 105 100 7.5
      vertex 62.49447473778047 91.03324526738574 7.5
      vertex 62.64812025708872 90.52674386944355 7.5
    endloop
  endfacet
  facet normal 0 0 1
    outer loop
      vertex 62.49447473778047 88.96675473261426 7.5
      vertex 86.895241121992 62.08133742881208 7.5
      vertex 87.92700322891129 62.39431904221777 7.5
    endloop
  endfacet
  facet normal 0 0 1
    outer loop
      vertex 62.64812025708872 89.47325613055645 7.5
      vertex 87.92700322891129 62.39431904221777 7.5
      vertex 89 62.5 7.5
    endloop
  endfacet
  facet normal 0 0 1
    outer loop
      vertex 62.7 90 7.5
      vertex 89 62.5 7.5
      vertex 90.07299677108871 62.39431904221777 7.5
    endloop
  endfacet
  facet normal 0 0 1
    outer loop
      vertex 105 100 7.5
      vertex 94.39431904221777 58.072996771088704 7.5
      vertex 94.5 57 7.5
    endloop
  endfacet
  facet normal 0 0 1
    outer loop
      vertex 105 100 7.5
      vertex 90.07299677108871 62.39431904221777 7.5
      vertex 91.104758878008 62.08133742881208 7.5
    endloop
  endfacet
  facet normal 0 0 1
    outer loop
      vertex 105 100 7.5
      vertex 92.05563628160782 61.573082867664 7.5
      vertex 92.88908729652601 60.889087296526014 7.5
    endloop
  endfacet
  facet normal 0 0 1
    outer loop
      vertex 105 100 7.5
      vertex 91.104758878008 62.08133742881208 7.5
      vertex 92.05563628160782 61.573082867664 7.5
    endloop
  endfacet
  facet normal 0 0 1
    outer loop
      vertex 105 100 7.5
      vertex 93.573082867664 60.05563628160781 7.5
      vertex 94.08133742881208 59.10475887800799 7.5
    endloop
  endfacet
  facet normal 0 0 1
    outer loop
      vertex 105 100 7.5
      vertex 94.08133742881208 59.10475887800799 7.5
      vertex 94.39431904221777 58.072996771088704 7.5
    endloop
  endfacet
  facet normal 0 0 1
    outer loop
      vertex 105 100 7.5
      vertex 92.88908729652601 60.889087296526014 7.5
      vertex 93.573082867664 60.05563628160781 7.5
    endloop
  endfacet
  facet normal 0 0 1
    outer loop
      vertex 105 100 7.5
      vertex 62.7 90 7.5
      vertex 90.07299677108871 62.39431904221777 7.5
    endloop
  endfacet
endsolid OpenSCAD_Model
