solid OpenSCAD_Model
  facet normal -0.8270805742745632 -0.5620833778521288 0
    outer loop
      vertex -8.899186938124423 -6.465637775217204 0.050000000000000044
      vertex -9.287607180522164 -5.894094744768965 -1
      vertex -8.899186938124423 -6.465637775217204 -1
    endloop
  endfacet
  facet normal -0.5620833778521288 -0.8270805742745632 0
    outer loop
      vertex -5.894094744768965 -9.287607180522164 0.050000000000000044
      vertex -6.465637775217204 -8.899186938124423 -1
      vertex -5.894094744768965 -9.287607180522164 -1
    endloop
  endfacet
  facet normal 0 0 -1
    outer loop
      vertex -7.530018165215574 -8.018654901635529 -1
      vertex -6.333789367262137 -2.980455040955507 -1
      vertex -7.011663887235586 -8.475645670533684 -1
    endloop
  endfacet
  facet normal 0 0 -1
    outer loop
      vertex -6.333789367262137 -2.980455040955507 -1
      vertex -6.465637775217204 -8.899186938124423 -1
      vertex -7.011663887235586 -8.475645670533684 -1
    endloop
  endfacet
  facet normal 0 0 -1
    outer loop
      vertex -5.663118960624632 -4.114496766047312 -1
      vertex -5.894094744768965 -9.287607180522164 -1
      vertex -6.465637775217204 -8.899186938124423 -1
    endloop
  endfacet
  facet normal -0.7071067811865476 -0.7071067811865476 0
    outer loop
      vertex -7.530018165215574 -8.018654901635529 0.050000000000000044
      vertex -8.018654901635529 -7.530018165215574 -1
      vertex -7.530018165215574 -8.018654901635529 -1
    endloop
  endfacet
  facet normal -0.7901550123756907 -0.612907053652976 0
    outer loop
      vertex -8.475645670533684 -7.011663887235586 0.050000000000000044
      vertex -8.899186938124423 -6.465637775217204 -1
      vertex -8.475645670533684 -7.011663887235586 -1
    endloop
  endfacet
  facet normal -0.7501110696304588 -0.6613118653236526 0
    outer loop
      vertex -8.018654901635529 -7.530018165215574 0.050000000000000044
      vertex -8.475645670533684 -7.011663887235586 -1
      vertex -8.018654901635529 -7.530018165215574 -1
    endloop
  endfacet
  facet normal -0.6613118653236526 -0.7501110696304588 0
    outer loop
      vertex -7.011663887235586 -8.475645670533684 0.050000000000000044
      vertex -7.530018165215574 -8.018654901635529 -1
      vertex -7.011663887235586 -8.475645670533684 -1
    endloop
  endfacet
  facet normal -0.612907053652976 -0.7901550123756907 0
    outer loop
      vertex -6.465637775217204 -8.899186938124423 0.050000000000000044
      vertex -7.011663887235586 -8.475645670533684 -1
      vertex -6.465637775217204 -8.899186938124423 -1
    endloop
  endfacet
  facet normal -0.8270805742745632 -0.5620833778521288 0
    outer loop
      vertex -8.899186938124423 -6.465637775217204 0.050000000000000044
      vertex -9.287607180522164 -5.894094744768965 0.050000000000000044
      vertex -9.287607180522164 -5.894094744768965 -1
    endloop
  endfacet
  facet normal -0.5620833778521288 -0.8270805742745632 0
    outer loop
      vertex -6.465637775217204 -8.899186938124423 0.050000000000000044
      vertex -6.465637775217204 -8.899186938124423 -1
      vertex -5.894094744768965 -9.287607180522164 0.050000000000000044
    endloop
  endfacet
  facet normal -0.7071067811865476 -0.7071067811865476 0
    outer loop
      vertex -8.018654901635529 -7.530018165215574 0.050000000000000044
      vertex -8.018654901635529 -7.530018165215574 -1
      vertex -7.530018165215574 -8.018654901635529 0.050000000000000044
    endloop
  endfacet
  facet normal -0.7501110696304588 -0.6613118653236526 0
    outer loop
      vertex -8.018654901635529 -7.530018165215574 0.050000000000000044
      vertex -8.475645670533684 -7.011663887235586 0.050000000000000044
      vertex -8.475645670533684 -7.011663887235586 -1
    endloop
  endfacet
  facet normal -0.7901550123756907 -0.612907053652976 0
    outer loop
      vertex -8.899186938124423 -6.465637775217204 0.050000000000000044
      vertex -8.899186938124423 -6.465637775217204 -1
      vertex -8.475645670533684 -7.011663887235586 0.050000000000000044
    endloop
  endfacet
  facet normal -0.612907053652976 -0.7901550123756907 0
    outer loop
      vertex -6.465637775217204 -8.899186938124423 0.050000000000000044
      vertex -7.011663887235586 -8.475645670533684 0.050000000000000044
      vertex -7.011663887235586 -8.475645670533684 -1
    endloop
  endfacet
  facet normal -0.6613118653236526 -0.7501110696304588 0
    outer loop
      vertex -7.530018165215574 -8.018654901635529 0.050000000000000044
      vertex -7.530018165215574 -8.018654901635529 -1
      vertex -7.011663887235586 -8.475645670533684 0.050000000000000044
    endloop
  endfacet
  facet normal -0.9602936856769427 -0.2789911060392302 0
    outer loop
      vertex -10.461621679246688 -3.3991869381244215 0.050000000000000044
      vertex -10.654414772414942 -2.735588758813403 -1
      vertex -10.461621679246688 -3.3991869381244215 -1
    endloop
  endfacet
  facet normal -0.860742027003944 -0.5090414157503707 0
    outer loop
      vertex -9.287607180522164 -5.894094744768965 0.050000000000000044
      vertex -9.639373480482497 -5.299290415118869 -1
      vertex -9.287607180522164 -5.894094744768965 -1
    endloop
  endfacet
  facet normal -0.8910065241883678 -0.45399049973954714 0
    outer loop
      vertex -9.639373480482497 -5.299290415118869 0.050000000000000044
      vertex -9.953097577126215 -4.683572207215796 -1
      vertex -9.639373480482497 -5.299290415118869 -1
    endloop
  endfacet
  facet normal -0.9408807689542257 -0.3387379202452907 0
    outer loop
      vertex -10.227541344770765 -4.049370079531457 0.050000000000000044
      vertex -10.461621679246688 -3.3991869381244215 -1
      vertex -10.227541344770765 -4.049370079531457 -1
    endloop
  endfacet
  facet normal -0.9177546256839809 -0.39714789063478134 0
    outer loop
      vertex -9.953097577126215 -4.683572207215796 0.050000000000000044
      vertex -10.227541344770765 -4.049370079531457 -1
      vertex -9.953097577126215 -4.683572207215796 -1
    endloop
  endfacet
  facet normal 0 0 -1
    outer loop
      vertex -10.461621679246688 -3.3991869381244215 -1
      vertex -10.654414772414942 -2.735588758813403 -1
      vertex -10.461621679246688 3.3991869381244215 -1
    endloop
  endfacet
  facet normal 0 0 -1
    outer loop
      vertex -10.913261714459257 -1.3786655692073446 -1
      vertex -10.978294012710988 -0.6906957148224461 -1
      vertex -10.913261714459257 1.3786655692073446 -1
    endloop
  endfacet
  facet normal 0 0 -1
    outer loop
      vertex -10.805159758015575 -2.061194460442973 -1
      vertex -10.913261714459257 -1.3786655692073446 -1
      vertex -10.805159758015575 2.061194460442973 -1
    endloop
  endfacet
  facet normal 0 0 -1
    outer loop
      vertex -10.461621679246688 3.3991869381244215 -1
      vertex -10.654414772414942 -2.735588758813403 -1
      vertex -10.805159758015575 -2.061194460442973 -1
    endloop
  endfacet
  facet normal 0 0 -1
    outer loop
      vertex -8.899186938124423 6.465637775217204 -1
      vertex -9.287607180522164 -5.894094744768965 -1
      vertex -9.639373480482497 -5.299290415118869 -1
    endloop
  endfacet
  facet normal 0 0 -1
    outer loop
      vertex -9.953097577126215 4.683572207215796 -1
      vertex -10.227541344770765 -4.049370079531457 -1
      vertex -10.461621679246688 -3.3991869381244215 -1
    endloop
  endfacet
  facet normal 0 0 -1
    outer loop
      vertex -9.639373480482497 5.299290415118869 -1
      vertex -9.953097577126215 -4.683572207215796 -1
      vertex -10.227541344770765 -4.049370079531457 -1
    endloop
  endfacet
  facet normal 0 0 -1
    outer loop
      vertex -9.953097577126215 -4.683572207215796 -1
      vertex -9.287607180522164 5.894094744768965 -1
      vertex -9.639373480482497 -5.299290415118869 -1
    endloop
  endfacet
  facet normal -0.9759167619387471 -0.21814324139654356 0
    outer loop
      vertex -10.654414772414942 -2.735588758813403 0.050000000000000044
      vertex -10.805159758015575 -2.061194460442973 -1
      vertex -10.654414772414942 -2.735588758813403 -1
    endloop
  endfacet
  facet normal -0.9876883405951379 -0.15643446504023065 0
    outer loop
      vertex -10.805159758015575 -2.061194460442973 0.050000000000000044
      vertex -10.913261714459257 -1.3786655692073446 -1
      vertex -10.805159758015575 -2.061194460442973 -1
    endloop
  endfacet
  facet normal -0.99556196460308 -0.09410831331851481 0
    outer loop
      vertex -10.913261714459257 -1.3786655692073446 0.050000000000000044
      vertex -10.978294012710988 -0.6906957148224461 -1
      vertex -10.913261714459257 -1.3786655692073446 -1
    endloop
  endfacet
  facet normal -0.9995065603657316 -0.031410759078127425 0
    outer loop
      vertex -10.978294012710988 -0.6906957148224461 0.050000000000000044
      vertex -11 0 -1
      vertex -10.978294012710988 -0.6906957148224461 -1
    endloop
  endfacet
  facet normal 0 0 -1
    outer loop
      vertex -7.530018165215574 -8.018654901635529 -1
      vertex -6.50843540121776 -2.576871868792745 -1
      vertex -6.333789367262137 -2.980455040955507 -1
    endloop
  endfacet
  facet normal 0 0 -1
    outer loop
      vertex -6.465637775217204 -8.899186938124423 -1
      vertex -5.910295478514104 -3.7507875648529776 -1
      vertex -5.663118960624632 -4.114496766047312 -1
    endloop
  endfacet
  facet normal 0 0 -1
    outer loop
      vertex -6.465637775217204 -8.899186938124423 -1
      vertex -6.134146760307044 -3.372275718712008 -1
      vertex -5.910295478514104 -3.7507875648529776 -1
    endloop
  endfacet
  facet normal 0 0 -1
    outer loop
      vertex -6.134146760307044 -3.372275718712008 -1
      vertex -6.465637775217204 -8.899186938124423 -1
      vertex -6.333789367262137 -2.980455040955507 -1
    endloop
  endfacet
  facet normal 0 0 -1
    outer loop
      vertex -7.530018165215574 -8.018654901635529 -1
      vertex -6.657395614066075 -2.1631189606246317 -1
      vertex -6.50843540121776 -2.576871868792745 -1
    endloop
  endfacet
  facet normal 0 0 -1
    outer loop
      vertex -7.530018165215574 -8.018654901635529 -1
      vertex -6.7800821279004175 -1.740829210153984 -1
      vertex -6.657395614066075 -2.1631189606246317 -1
    endloop
  endfacet
  facet normal 0 0 -1
    outer loop
      vertex -7.530018165215574 -8.018654901635529 -1
      vertex -6.986187098997901 -0.43953363670519296 -1
      vertex -6.9448029092013455 -0.8773326349501285 -1
    endloop
  endfacet
  facet normal 0 0 -1
    outer loop
      vertex -6.7800821279004175 -1.740829210153984 -1
      vertex -7.530018165215574 -8.018654901635529 -1
      vertex -6.87601075510082 -1.3116692021000738 -1
    endloop
  endfacet
  facet normal 0 0 -1
    outer loop
      vertex -7.530018165215574 -8.018654901635529 -1
      vertex -6.9448029092013455 -0.8773326349501285 -1
      vertex -6.87601075510082 -1.3116692021000738 -1
    endloop
  endfacet
  facet normal 0 0 -1
    outer loop
      vertex -8.475645670533684 7.011663887235586 -1
      vertex -8.899186938124423 -6.465637775217204 -1
      vertex -9.287607180522164 -5.894094744768965 -1
    endloop
  endfacet
  facet normal 0 0 -1
    outer loop
      vertex -8.018654901635529 7.530018165215574 -1
      vertex -8.475645670533684 -7.011663887235586 -1
      vertex -8.899186938124423 -6.465637775217204 -1
    endloop
  endfacet
  facet normal 0 0 -1
    outer loop
      vertex -7.011663887235586 8.475645670533684 -1
      vertex -7.530018165215574 -8.018654901635529 -1
      vertex -8.018654901635529 -7.530018165215574 -1
    endloop
  endfacet
  facet normal 0 0 -1
    outer loop
      vertex -7.530018165215574 8.018654901635529 -1
      vertex -8.018654901635529 -7.530018165215574 -1
      vertex -8.475645670533684 -7.011663887235586 -1
    endloop
  endfacet
  facet normal 0 0 -1
    outer loop
      vertex -7.530018165215574 -8.018654901635529 -1
      vertex -7 0 -1
      vertex -6.986187098997901 -0.43953363670519296 -1
    endloop
  endfacet
  facet normal -0.8910065241883678 -0.45399049973954714 0
    outer loop
      vertex -9.639373480482497 -5.299290415118869 0.050000000000000044
      vertex -9.953097577126215 -4.683572207215796 0.050000000000000044
      vertex -9.953097577126215 -4.683572207215796 -1
    endloop
  endfacet
  facet normal -0.860742027003944 -0.5090414157503707 0
    outer loop
      vertex -9.639373480482497 -5.299290415118869 0.050000000000000044
      vertex -9.639373480482497 -5.299290415118869 -1
      vertex -9.287607180522164 -5.894094744768965 0.050000000000000044
    endloop
  endfacet
  facet normal -0.9177546256839809 -0.39714789063478134 0
    outer loop
      vertex -10.227541344770765 -4.049370079531457 0.050000000000000044
      vertex -10.227541344770765 -4.049370079531457 -1
      vertex -9.953097577126215 -4.683572207215796 0.050000000000000044
    endloop
  endfacet
  facet normal -0.9408807689542257 -0.3387379202452907 0
    outer loop
      vertex -10.227541344770765 -4.049370079531457 0.050000000000000044
      vertex -10.461621679246688 -3.3991869381244215 0.050000000000000044
      vertex -10.461621679246688 -3.3991869381244215 -1
    endloop
  endfacet
  facet normal -0.9602936856769427 -0.2789911060392302 0
    outer loop
      vertex -10.461621679246688 -3.3991869381244215 0.050000000000000044
      vertex -10.654414772414942 -2.735588758813403 0.050000000000000044
      vertex -10.654414772414942 -2.735588758813403 -1
    endloop
  endfacet
  facet normal -0.9759167619387471 -0.21814324139654356 0
    outer loop
      vertex -10.654414772414942 -2.735588758813403 0.050000000000000044
      vertex -10.805159758015575 -2.061194460442973 0.050000000000000044
      vertex -10.805159758015575 -2.061194460442973 -1
    endloop
  endfacet
  facet normal -0.9876883405951379 -0.15643446504023065 0
    outer loop
      vertex -10.805159758015575 -2.061194460442973 0.050000000000000044
      vertex -10.913261714459257 -1.3786655692073446 0.050000000000000044
      vertex -10.913261714459257 -1.3786655692073446 -1
    endloop
  endfacet
  facet normal -0.99556196460308 -0.09410831331851481 0
    outer loop
      vertex -10.978294012710988 -0.6906957148224461 0.050000000000000044
      vertex -10.978294012710988 -0.6906957148224461 -1
      vertex -10.913261714459257 -1.3786655692073446 0.050000000000000044
    endloop
  endfacet
  facet normal -0.9995065603657316 -0.031410759078127425 0
    outer loop
      vertex -10.978294012710988 -0.6906957148224461 0.050000000000000044
      vertex -11 0 0.050000000000000044
      vertex -11 0 -1
    endloop
  endfacet
  facet normal 0.8607420270039435 0.5090414157503715 0
    outer loop
      vertex -5.910295478514104 -3.7507875648529776 -1
      vertex -6.134146760307044 -3.372275718712008 -1
      vertex -6.134146760307044 -3.372275718712008 1
    endloop
  endfacet
  facet normal 0.8910065241883682 0.4539904997395458 0
    outer loop
      vertex -6.134146760307044 -3.372275718712008 -1
      vertex -6.333789367262137 -2.980455040955507 -1
      vertex -6.333789367262137 -2.980455040955507 1
    endloop
  endfacet
  facet normal 0.9177546256839807 0.3971478906347815 0
    outer loop
      vertex -6.333789367262137 -2.980455040955507 -1
      vertex -6.50843540121776 -2.576871868792745 -1
      vertex -6.50843540121776 -2.576871868792745 1
    endloop
  endfacet
  facet normal 0.9408807689542257 0.3387379202452908 0
    outer loop
      vertex -6.50843540121776 -2.576871868792745 -1
      vertex -6.657395614066075 -2.1631189606246317 -1
      vertex -6.657395614066075 -2.1631189606246317 1
    endloop
  endfacet
  facet normal 0.9602936856769428 0.2789911060392299 0
    outer loop
      vertex -6.657395614066075 -2.1631189606246317 -1
      vertex -6.7800821279004175 -1.740829210153984 -1
      vertex -6.7800821279004175 -1.740829210153984 1
    endloop
  endfacet
  facet normal 0.9759167619387474 0.2181432413965421 0
    outer loop
      vertex -6.7800821279004175 -1.740829210153984 -1
      vertex -6.87601075510082 -1.3116692021000738 -1
      vertex -6.87601075510082 -1.3116692021000738 1
    endloop
  endfacet
  facet normal 0.9876883405951374 0.156434465040233 0
    outer loop
      vertex -6.9448029092013455 -0.8773326349501285 1
      vertex -6.87601075510082 -1.3116692021000738 -1
      vertex -6.9448029092013455 -0.8773326349501285 -1
    endloop
  endfacet
  facet normal 0.9955619646030801 0.09410831331851244 0
    outer loop
      vertex -6.986187098997901 -0.43953363670519296 1
      vertex -6.9448029092013455 -0.8773326349501285 -1
      vertex -6.986187098997901 -0.43953363670519296 -1
    endloop
  endfacet
  facet normal 0.9995065603657316 0.031410759078128896 0
    outer loop
      vertex -7 0 1
      vertex -6.986187098997901 -0.43953363670519296 -1
      vertex -7 0 -1
    endloop
  endfacet
  facet normal 0 0 -1
    outer loop
      vertex -2.980455040955507 -6.333789367262137 -1
      vertex -3.3991869381244215 -10.461621679246688 -1
      vertex -4.049370079531457 -10.227541344770765 -1
    endloop
  endfacet
  facet normal -0.5090414157503707 -0.860742027003944 0
    outer loop
      vertex -5.299290415118869 -9.639373480482497 0.050000000000000044
      vertex -5.894094744768965 -9.287607180522164 -1
      vertex -5.299290415118869 -9.639373480482497 -1
    endloop
  endfacet
  facet normal -0.45399049973954714 -0.8910065241883678 0
    outer loop
      vertex -4.683572207215796 -9.953097577126215 0.050000000000000044
      vertex -5.299290415118869 -9.639373480482497 -1
      vertex -4.683572207215796 -9.953097577126215 -1
    endloop
  endfacet
  facet normal -0.39714789063478134 -0.9177546256839809 0
    outer loop
      vertex -4.049370079531457 -10.227541344770765 0.050000000000000044
      vertex -4.683572207215796 -9.953097577126215 -1
      vertex -4.049370079531457 -10.227541344770765 -1
    endloop
  endfacet
  facet normal -0.3387379202452907 -0.9408807689542257 0
    outer loop
      vertex -3.3991869381244215 -10.461621679246688 0.050000000000000044
      vertex -4.049370079531457 -10.227541344770765 -1
      vertex -3.3991869381244215 -10.461621679246688 -1
    endloop
  endfacet
  facet normal 0 0 -1
    outer loop
      vertex -5.1027803919498815 -4.79182974150082 -1
      vertex -5.299290415118869 -9.639373480482497 -1
      vertex -5.894094744768965 -9.287607180522164 -1
    endloop
  endfacet
  facet normal 0 0 -1
    outer loop
      vertex -4.114496766047312 -5.663118960624632 -1
      vertex -4.683572207215796 -9.953097577126215 -1
      vertex -5.299290415118869 -9.639373480482497 -1
    endloop
  endfacet
  facet normal 0 0 -1
    outer loop
      vertex -5.894094744768965 -9.287607180522164 -1
      vertex -5.393592699430526 -4.461967928240828 -1
      vertex -5.1027803919498815 -4.79182974150082 -1
    endloop
  endfacet
  facet normal 0 0 -1
    outer loop
      vertex -5.299290415118869 -9.639373480482497 -1
      vertex -4.461967928240828 -5.393592699430526 -1
      vertex -4.114496766047312 -5.663118960624632 -1
    endloop
  endfacet
  facet normal 0 0 -1
    outer loop
      vertex -4.79182974150082 -5.1027803919498815 -1
      vertex -5.299290415118869 -9.639373480482497 -1
      vertex -5.1027803919498815 -4.79182974150082 -1
    endloop
  endfacet
  facet normal 0 0 -1
    outer loop
      vertex -5.299290415118869 -9.639373480482497 -1
      vertex -4.79182974150082 -5.1027803919498815 -1
      vertex -4.461967928240828 -5.393592699430526 -1
    endloop
  endfacet
  facet normal 0 0 -1
    outer loop
      vertex -3.372275718712008 -6.134146760307044 -1
      vertex -4.049370079531457 -10.227541344770765 -1
      vertex -4.683572207215796 -9.953097577126215 -1
    endloop
  endfacet
  facet normal 0 0 -1
    outer loop
      vertex -4.049370079531457 -10.227541344770765 -1
      vertex -3.372275718712008 -6.134146760307044 -1
      vertex -2.980455040955507 -6.333789367262137 -1
    endloop
  endfacet
  facet normal 0 0 -1
    outer loop
      vertex -4.683572207215796 -9.953097577126215 -1
      vertex -4.114496766047312 -5.663118960624632 -1
      vertex -3.7507875648529776 -5.910295478514104 -1
    endloop
  endfacet
  facet normal 0 0 -1
    outer loop
      vertex -4.683572207215796 -9.953097577126215 -1
      vertex -3.7507875648529776 -5.910295478514104 -1
      vertex -3.372275718712008 -6.134146760307044 -1
    endloop
  endfacet
  facet normal 0 0 -1
    outer loop
      vertex -2.1631189606246317 -6.657395614066075 -1
      vertex -2.735588758813403 -10.654414772414942 -1
      vertex -3.3991869381244215 -10.461621679246688 -1
    endloop
  endfacet
  facet normal 0 0 -1
    outer loop
      vertex -1.3116692021000738 -6.87601075510082 -1
      vertex -2.061194460442973 -10.805159758015575 -1
      vertex -2.735588758813403 -10.654414772414942 -1
    endloop
  endfacet
  facet normal 0 0 -1
    outer loop
      vertex -1.3786655692073446 -10.913261714459257 -1
      vertex -2.061194460442973 -10.805159758015575 -1
      vertex -0.8773326349501285 -6.9448029092013455 -1
    endloop
  endfacet
  facet normal 0 0 -1
    outer loop
      vertex -0.6906957148224514 -10.978294012710988 -1
      vertex -1.3786655692073446 -10.913261714459257 -1
      vertex -0.43953363670519635 -6.986187098997901 -1
    endloop
  endfacet
  facet normal 0 0 -1
    outer loop
      vertex 0 -7 -1
      vertex 0 -11 -1
      vertex -0.6906957148224514 -10.978294012710988 -1
    endloop
  endfacet
  facet normal -0.2789911060392302 -0.9602936856769427 0
    outer loop
      vertex -2.735588758813403 -10.654414772414942 0.050000000000000044
      vertex -3.3991869381244215 -10.461621679246688 -1
      vertex -2.735588758813403 -10.654414772414942 -1
    endloop
  endfacet
  facet normal -0.21814324139654356 -0.9759167619387471 0
    outer loop
      vertex -2.061194460442973 -10.805159758015575 0.050000000000000044
      vertex -2.735588758813403 -10.654414772414942 -1
      vertex -2.061194460442973 -10.805159758015575 -1
    endloop
  endfacet
  facet normal -0.15643446504023065 -0.9876883405951379 0
    outer loop
      vertex -1.3786655692073446 -10.913261714459257 0.050000000000000044
      vertex -2.061194460442973 -10.805159758015575 -1
      vertex -1.3786655692073446 -10.913261714459257 -1
    endloop
  endfacet
  facet normal -0.09410831331851555 -0.99556196460308 0
    outer loop
      vertex -0.6906957148224514 -10.978294012710988 0.050000000000000044
      vertex -1.3786655692073446 -10.913261714459257 -1
      vertex -0.6906957148224514 -10.978294012710988 -1
    endloop
  endfacet
  facet normal -0.03141075907812719 -0.9995065603657316 0
    outer loop
      vertex 0 -11 0.050000000000000044
      vertex -0.6906957148224514 -10.978294012710988 -1
      vertex 0 -11 -1
    endloop
  endfacet
  facet normal 0 0 -1
    outer loop
      vertex -3.3991869381244215 -10.461621679246688 -1
      vertex -2.576871868792745 -6.50843540121776 -1
      vertex -2.1631189606246317 -6.657395614066075 -1
    endloop
  endfacet
  facet normal 0 0 -1
    outer loop
      vertex -3.3991869381244215 -10.461621679246688 -1
      vertex -2.980455040955507 -6.333789367262137 -1
      vertex -2.576871868792745 -6.50843540121776 -1
    endloop
  endfacet
  facet normal 0 0 -1
    outer loop
      vertex -2.735588758813403 -10.654414772414942 -1
      vertex -2.1631189606246317 -6.657395614066075 -1
      vertex -1.740829210153984 -6.7800821279004175 -1
    endloop
  endfacet
  facet normal 0 0 -1
    outer loop
      vertex -2.735588758813403 -10.654414772414942 -1
      vertex -1.740829210153984 -6.7800821279004175 -1
      vertex -1.3116692021000738 -6.87601075510082 -1
    endloop
  endfacet
  facet normal 0 0 -1
    outer loop
      vertex -1.3786655692073446 -10.913261714459257 -1
      vertex -0.8773326349501285 -6.9448029092013455 -1
      vertex -0.43953363670519635 -6.986187098997901 -1
    endloop
  endfacet
  facet normal 0 0 -1
    outer loop
      vertex -2.061194460442973 -10.805159758015575 -1
      vertex -1.3116692021000738 -6.87601075510082 -1
      vertex -0.8773326349501285 -6.9448029092013455 -1
    endloop
  endfacet
  facet normal 0 0 -1
    outer loop
      vertex -0.6906957148224514 -10.978294012710988 -1
      vertex -0.43953363670519635 -6.986187098997901 -1
      vertex 0 -7 -1
    endloop
  endfacet
  facet normal -0.5090414157503707 -0.860742027003944 0
    outer loop
      vertex -5.299290415118869 -9.639373480482497 0.050000000000000044
      vertex -5.894094744768965 -9.287607180522164 0.050000000000000044
      vertex -5.894094744768965 -9.287607180522164 -1
    endloop
  endfacet
  facet normal -0.45399049973954714 -0.8910065241883678 0
    outer loop
      vertex -5.299290415118869 -9.639373480482497 0.050000000000000044
      vertex -5.299290415118869 -9.639373480482497 -1
      vertex -4.683572207215796 -9.953097577126215 0.050000000000000044
    endloop
  endfacet
  facet normal -0.2789911060392302 -0.9602936856769427 0
    outer loop
      vertex -3.3991869381244215 -10.461621679246688 0.050000000000000044
      vertex -3.3991869381244215 -10.461621679246688 -1
      vertex -2.735588758813403 -10.654414772414942 0.050000000000000044
    endloop
  endfacet
  facet normal -0.39714789063478134 -0.9177546256839809 0
    outer loop
      vertex -4.049370079531457 -10.227541344770765 0.050000000000000044
      vertex -4.683572207215796 -9.953097577126215 0.050000000000000044
      vertex -4.683572207215796 -9.953097577126215 -1
    endloop
  endfacet
  facet normal -0.3387379202452907 -0.9408807689542257 0
    outer loop
      vertex -4.049370079531457 -10.227541344770765 0.050000000000000044
      vertex -4.049370079531457 -10.227541344770765 -1
      vertex -3.3991869381244215 -10.461621679246688 0.050000000000000044
    endloop
  endfacet
  facet normal 0.4539904997395458 0.8910065241883682 0
    outer loop
      vertex -3.372275718712008 -6.134146760307044 -1
      vertex -3.372275718712008 -6.134146760307044 1
      vertex -2.980455040955507 -6.333789367262137 -1
    endloop
  endfacet
  facet normal -0.21814324139654356 -0.9759167619387471 0
    outer loop
      vertex -2.735588758813403 -10.654414772414942 0.050000000000000044
      vertex -2.735588758813403 -10.654414772414942 -1
      vertex -2.061194460442973 -10.805159758015575 0.050000000000000044
    endloop
  endfacet
  facet normal -0.15643446504023065 -0.9876883405951379 0
    outer loop
      vertex -2.061194460442973 -10.805159758015575 0.050000000000000044
      vertex -2.061194460442973 -10.805159758015575 -1
      vertex -1.3786655692073446 -10.913261714459257 0.050000000000000044
    endloop
  endfacet
  facet normal -0.09410831331851555 -0.99556196460308 0
    outer loop
      vertex -0.6906957148224514 -10.978294012710988 0.050000000000000044
      vertex -1.3786655692073446 -10.913261714459257 0.050000000000000044
      vertex -1.3786655692073446 -10.913261714459257 -1
    endloop
  endfacet
  facet normal -0.03141075907812719 -0.9995065603657316 0
    outer loop
      vertex -0.6906957148224514 -10.978294012710988 0.050000000000000044
      vertex -0.6906957148224514 -10.978294012710988 -1
      vertex 0 -11 0.050000000000000044
    endloop
  endfacet
  facet normal 0.3971478906347815 0.9177546256839807 0
    outer loop
      vertex -2.980455040955507 -6.333789367262137 1
      vertex -2.576871868792745 -6.50843540121776 -1
      vertex -2.980455040955507 -6.333789367262137 -1
    endloop
  endfacet
  facet normal 0.3387379202452908 0.9408807689542257 0
    outer loop
      vertex -2.576871868792745 -6.50843540121776 -1
      vertex -2.576871868792745 -6.50843540121776 1
      vertex -2.1631189606246317 -6.657395614066075 -1
    endloop
  endfacet
  facet normal 0.2181432413965421 0.9759167619387474 0
    outer loop
      vertex -1.740829210153984 -6.7800821279004175 -1
      vertex -1.740829210153984 -6.7800821279004175 1
      vertex -1.3116692021000738 -6.87601075510082 -1
    endloop
  endfacet
  facet normal 0.2789911060392299 0.9602936856769428 0
    outer loop
      vertex -2.1631189606246317 -6.657395614066075 1
      vertex -1.740829210153984 -6.7800821279004175 -1
      vertex -2.1631189606246317 -6.657395614066075 -1
    endloop
  endfacet
  facet normal 0.156434465040233 0.9876883405951374 0
    outer loop
      vertex -1.3116692021000738 -6.87601075510082 -1
      vertex -1.3116692021000738 -6.87601075510082 1
      vertex -0.8773326349501285 -6.9448029092013455 -1
    endloop
  endfacet
  facet normal 0.09410831331851316 0.9955619646030801 0
    outer loop
      vertex -0.8773326349501285 -6.9448029092013455 -1
      vertex -0.8773326349501285 -6.9448029092013455 1
      vertex -0.43953363670519635 -6.986187098997901 -1
    endloop
  endfacet
  facet normal 0.03141075907812865 0.9995065603657315 0
    outer loop
      vertex -0.43953363670519635 -6.986187098997901 -1
      vertex -0.43953363670519635 -6.986187098997901 1
      vertex 0 -7 -1
    endloop
  endfacet
  facet normal 0 0 -1
    outer loop
      vertex -5.393592699430526 -4.461967928240828 -1
      vertex -5.894094744768965 -9.287607180522164 -1
      vertex -5.663118960624632 -4.114496766047312 -1
    endloop
  endfacet
  facet normal 0.7501110696304583 0.6613118653236533 0
    outer loop
      vertex -5.1027803919498815 -4.79182974150082 -1
      vertex -5.393592699430526 -4.461967928240828 -1
      vertex -5.393592699430526 -4.461967928240828 1
    endloop
  endfacet
  facet normal 0.7071067811865476 0.7071067811865476 0
    outer loop
      vertex -4.79182974150082 -5.1027803919498815 -1
      vertex -5.1027803919498815 -4.79182974150082 -1
      vertex -5.1027803919498815 -4.79182974150082 1
    endloop
  endfacet
  facet normal 0.6613118653236533 0.7501110696304583 0
    outer loop
      vertex -4.79182974150082 -5.1027803919498815 -1
      vertex -4.79182974150082 -5.1027803919498815 1
      vertex -4.461967928240828 -5.393592699430526 -1
    endloop
  endfacet
  facet normal 0.8270805742745622 0.56208337785213 0
    outer loop
      vertex -5.663118960624632 -4.114496766047312 -1
      vertex -5.910295478514104 -3.7507875648529776 -1
      vertex -5.910295478514104 -3.7507875648529776 1
    endloop
  endfacet
  facet normal 0.7901550123756915 0.612907053652975 0
    outer loop
      vertex -5.393592699430526 -4.461967928240828 -1
      vertex -5.663118960624632 -4.114496766047312 -1
      vertex -5.663118960624632 -4.114496766047312 1
    endloop
  endfacet
  facet normal 0.612907053652975 0.7901550123756915 0
    outer loop
      vertex -4.114496766047312 -5.663118960624632 -1
      vertex -4.461967928240828 -5.393592699430526 -1
      vertex -4.461967928240828 -5.393592699430526 1
    endloop
  endfacet
  facet normal 0.56208337785213 0.8270805742745622 0
    outer loop
      vertex -4.114496766047312 -5.663118960624632 -1
      vertex -4.114496766047312 -5.663118960624632 1
      vertex -3.7507875648529776 -5.910295478514104 -1
    endloop
  endfacet
  facet normal 0.5090414157503715 0.8607420270039435 0
    outer loop
      vertex -3.372275718712008 -6.134146760307044 -1
      vertex -3.7507875648529776 -5.910295478514104 -1
      vertex -3.7507875648529776 -5.910295478514104 1
    endloop
  endfacet
  facet normal 0 0 -1
    outer loop
      vertex -9.953097577126215 -4.683572207215796 0.050000000000000044
      vertex -9.70820393249937 -7.053423027509678 0.050000000000000044
      vertex -10.13193510602418 -6.429921539747961 0.050000000000000044
    endloop
  endfacet
  facet normal 0 0 -1
    outer loop
      vertex -9.287607180522164 -5.894094744768965 0.050000000000000044
      vertex -8.74762352905694 -8.214565271144263 0.050000000000000044
      vertex -9.246158913309472 -7.649087876984275 0.050000000000000044
    endloop
  endfacet
  facet normal 0 0 -1
    outer loop
      vertex -9.639373480482497 -5.299290415118869 0.050000000000000044
      vertex -9.246158913309472 -7.649087876984275 0.050000000000000044
      vertex -9.70820393249937 -7.053423027509678 0.050000000000000044
    endloop
  endfacet
  facet normal 0 0 -1
    outer loop
      vertex -9.639373480482497 -5.299290415118869 0.050000000000000044
      vertex -9.287607180522164 -5.894094744768965 0.050000000000000044
      vertex -9.246158913309472 -7.649087876984275 0.050000000000000044
    endloop
  endfacet
  facet normal -0.7501110696304597 -0.6613118653236516 0
    outer loop
      vertex -9.246158913309472 -7.649087876984275 1
      vertex -9.246158913309472 -7.649087876984275 0.050000000000000044
      vertex -8.74762352905694 -8.214565271144263 0.050000000000000044
    endloop
  endfacet
  facet normal -0.8270805742745618 -0.5620833778521305 0
    outer loop
      vertex -10.13193510602418 -6.429921539747961 1
      vertex -10.13193510602418 -6.429921539747961 0.050000000000000044
      vertex -9.70820393249937 -7.053423027509678 0.050000000000000044
    endloop
  endfacet
  facet normal -0.7901550123756903 -0.6129070536529768 0
    outer loop
      vertex -9.70820393249937 -7.053423027509678 1
      vertex -9.70820393249937 -7.053423027509678 0.050000000000000044
      vertex -9.246158913309472 -7.649087876984275 0.050000000000000044
    endloop
  endfacet
  facet normal 0 0 -1
    outer loop
      vertex -7.011663887235586 -8.475645670533684 0.050000000000000044
      vertex -6.429921539747961 -10.13193510602418 0.050000000000000044
      vertex -7.053423027509678 -9.70820393249937 0.050000000000000044
    endloop
  endfacet
  facet normal 0 0 -1
    outer loop
      vertex -6.465637775217204 -8.899186938124423 0.050000000000000044
      vertex -5.781044089220584 -10.515680160526362 0.050000000000000044
      vertex -6.429921539747961 -10.13193510602418 0.050000000000000044
    endloop
  endfacet
  facet normal 0 0 -1
    outer loop
      vertex -6.465637775217204 -8.899186938124423 0.050000000000000044
      vertex -6.429921539747961 -10.13193510602418 0.050000000000000044
      vertex -7.011663887235586 -8.475645670533684 0.050000000000000044
    endloop
  endfacet
  facet normal 0 0 -1
    outer loop
      vertex -6.465637775217204 -8.899186938124423 0.050000000000000044
      vertex -5.894094744768965 -9.287607180522164 0.050000000000000044
      vertex -5.781044089220584 -10.515680160526362 0.050000000000000044
    endloop
  endfacet
  facet normal -0.5620833778521305 -0.8270805742745618 0
    outer loop
      vertex -7.053423027509678 -9.70820393249937 1
      vertex -7.053423027509678 -9.70820393249937 0.050000000000000044
      vertex -6.429921539747961 -10.13193510602418 0.050000000000000044
    endloop
  endfacet
  facet normal -0.6129070536529768 -0.7901550123756903 0
    outer loop
      vertex -7.649087876984275 -9.246158913309472 1
      vertex -7.649087876984275 -9.246158913309472 0.050000000000000044
      vertex -7.053423027509678 -9.70820393249937 0.050000000000000044
    endloop
  endfacet
  facet normal -0.5090414157503703 -0.8607420270039442 0
    outer loop
      vertex -6.429921539747961 -10.13193510602418 1
      vertex -6.429921539747961 -10.13193510602418 0.050000000000000044
      vertex -5.781044089220584 -10.515680160526362 0.050000000000000044
    endloop
  endfacet
  facet normal 0 0 -1
    outer loop
      vertex -8.899186938124423 -6.465637775217204 0.050000000000000044
      vertex -8.214565271144263 -8.74762352905694 0.050000000000000044
      vertex -8.74762352905694 -8.214565271144263 0.050000000000000044
    endloop
  endfacet
  facet normal 0 0 -1
    outer loop
      vertex -8.475645670533684 -7.011663887235586 0.050000000000000044
      vertex -7.649087876984275 -9.246158913309472 0.050000000000000044
      vertex -8.214565271144263 -8.74762352905694 0.050000000000000044
    endloop
  endfacet
  facet normal 0 0 -1
    outer loop
      vertex -8.018654901635529 -7.530018165215574 0.050000000000000044
      vertex -7.530018165215574 -8.018654901635529 0.050000000000000044
      vertex -7.649087876984275 -9.246158913309472 0.050000000000000044
    endloop
  endfacet
  facet normal 0 0 -1
    outer loop
      vertex -8.018654901635529 -7.530018165215574 0.050000000000000044
      vertex -7.649087876984275 -9.246158913309472 0.050000000000000044
      vertex -8.475645670533684 -7.011663887235586 0.050000000000000044
    endloop
  endfacet
  facet normal 0 0 -1
    outer loop
      vertex -8.899186938124423 -6.465637775217204 0.050000000000000044
      vertex -8.74762352905694 -8.214565271144263 0.050000000000000044
      vertex -9.287607180522164 -5.894094744768965 0.050000000000000044
    endloop
  endfacet
  facet normal 0 0 -1
    outer loop
      vertex -8.899186938124423 -6.465637775217204 0.050000000000000044
      vertex -8.475645670533684 -7.011663887235586 0.050000000000000044
      vertex -8.214565271144263 -8.74762352905694 0.050000000000000044
    endloop
  endfacet
  facet normal 0 0 -1
    outer loop
      vertex -7.530018165215574 -8.018654901635529 0.050000000000000044
      vertex -7.053423027509678 -9.70820393249937 0.050000000000000044
      vertex -7.649087876984275 -9.246158913309472 0.050000000000000044
    endloop
  endfacet
  facet normal 0 0 -1
    outer loop
      vertex -7.530018165215574 -8.018654901635529 0.050000000000000044
      vertex -7.011663887235586 -8.475645670533684 0.050000000000000044
      vertex -7.053423027509678 -9.70820393249937 0.050000000000000044
    endloop
  endfacet
  facet normal -0.7071067811865475 -0.7071067811865475 0
    outer loop
      vertex -8.74762352905694 -8.214565271144263 1
      vertex -8.74762352905694 -8.214565271144263 0.050000000000000044
      vertex -8.214565271144263 -8.74762352905694 0.050000000000000044
    endloop
  endfacet
  facet normal -0.6613118653236516 -0.7501110696304597 0
    outer loop
      vertex -8.214565271144263 -8.74762352905694 1
      vertex -8.214565271144263 -8.74762352905694 0.050000000000000044
      vertex -7.649087876984275 -9.246158913309472 0.050000000000000044
    endloop
  endfacet
  facet normal -0.8270805742745618 -0.5620833778521305 0
    outer loop
      vertex -10.13193510602418 -6.429921539747961 1
      vertex -9.70820393249937 -7.053423027509678 0.050000000000000044
      vertex -9.70820393249937 -7.053423027509678 1
    endloop
  endfacet
  facet normal -0.8607420270039442 -0.5090414157503703 0
    outer loop
      vertex -10.13193510602418 -6.429921539747961 1
      vertex -10.515680160526362 -5.781044089220584 1
      vertex -10.13193510602418 -6.429921539747961 0.050000000000000044
    endloop
  endfacet
  facet normal -0.7901550123756903 -0.6129070536529768 0
    outer loop
      vertex -9.246158913309472 -7.649087876984275 1
      vertex -9.70820393249937 -7.053423027509678 1
      vertex -9.246158913309472 -7.649087876984275 0.050000000000000044
    endloop
  endfacet
  facet normal -0.6613118653236516 -0.7501110696304597 0
    outer loop
      vertex -7.649087876984275 -9.246158913309472 1
      vertex -8.214565271144263 -8.74762352905694 1
      vertex -7.649087876984275 -9.246158913309472 0.050000000000000044
    endloop
  endfacet
  facet normal -0.6129070536529768 -0.7901550123756903 0
    outer loop
      vertex -7.649087876984275 -9.246158913309472 1
      vertex -7.053423027509678 -9.70820393249937 0.050000000000000044
      vertex -7.053423027509678 -9.70820393249937 1
    endloop
  endfacet
  facet normal -0.5620833778521305 -0.8270805742745618 0
    outer loop
      vertex -7.053423027509678 -9.70820393249937 1
      vertex -6.429921539747961 -10.13193510602418 0.050000000000000044
      vertex -6.429921539747961 -10.13193510602418 1
    endloop
  endfacet
  facet normal -0.7071067811865475 -0.7071067811865475 0
    outer loop
      vertex -8.74762352905694 -8.214565271144263 1
      vertex -8.214565271144263 -8.74762352905694 0.050000000000000044
      vertex -8.214565271144263 -8.74762352905694 1
    endloop
  endfacet
  facet normal -0.7501110696304597 -0.6613118653236516 0
    outer loop
      vertex -9.246158913309472 -7.649087876984275 1
      vertex -8.74762352905694 -8.214565271144263 0.050000000000000044
      vertex -8.74762352905694 -8.214565271144263 1
    endloop
  endfacet
  facet normal 0 0 1
    outer loop
      vertex -6.429921539747961 -10.13193510602418 1
      vertex -5.781044089220584 -10.515680160526362 1
      vertex -6.134146760307044 -3.372275718712008 1
    endloop
  endfacet
  facet normal 0 0 1
    outer loop
      vertex -7.053423027509678 -9.70820393249937 1
      vertex -6.429921539747961 -10.13193510602418 1
      vertex -6.7800821279004175 -1.740829210153984 1
    endloop
  endfacet
  facet normal 0 0 -1
    outer loop
      vertex -10.805159758015575 -2.061194460442973 0.050000000000000044
      vertex -10.515680160526362 -5.781044089220584 0.050000000000000044
      vertex -10.857924629592235 -5.109351498780869 0.050000000000000044
    endloop
  endfacet
  facet normal 0 0 -1
    outer loop
      vertex -10.461621679246688 -3.3991869381244215 0.050000000000000044
      vertex -10.515680160526362 -5.781044089220584 0.050000000000000044
      vertex -10.654414772414942 -2.735588758813403 0.050000000000000044
    endloop
  endfacet
  facet normal 0 0 -1
    outer loop
      vertex -10.654414772414942 -2.735588758813403 0.050000000000000044
      vertex -10.515680160526362 -5.781044089220584 0.050000000000000044
      vertex -10.805159758015575 -2.061194460442973 0.050000000000000044
    endloop
  endfacet
  facet normal 0 0 -1
    outer loop
      vertex -10.227541344770765 -4.049370079531457 0.050000000000000044
      vertex -10.13193510602418 -6.429921539747961 0.050000000000000044
      vertex -10.515680160526362 -5.781044089220584 0.050000000000000044
    endloop
  endfacet
  facet normal 0 0 -1
    outer loop
      vertex -9.639373480482497 -5.299290415118869 0.050000000000000044
      vertex -9.70820393249937 -7.053423027509678 0.050000000000000044
      vertex -9.953097577126215 -4.683572207215796 0.050000000000000044
    endloop
  endfacet
  facet normal 0 0 -1
    outer loop
      vertex -10.227541344770765 -4.049370079531457 0.050000000000000044
      vertex -9.953097577126215 -4.683572207215796 0.050000000000000044
      vertex -10.13193510602418 -6.429921539747961 0.050000000000000044
    endloop
  endfacet
  facet normal 0 0 -1
    outer loop
      vertex -10.227541344770765 -4.049370079531457 0.050000000000000044
      vertex -10.515680160526362 -5.781044089220584 0.050000000000000044
      vertex -10.461621679246688 -3.3991869381244215 0.050000000000000044
    endloop
  endfacet
  facet normal -0.8910065241883678 -0.453990499739547 0
    outer loop
      vertex -10.857924629592235 -5.109351498780869 1
      vertex -10.857924629592235 -5.109351498780869 0.050000000000000044
      vertex -10.515680160526362 -5.781044089220584 0.050000000000000044
    endloop
  endfacet
  facet normal -0.9177546256839808 -0.3971478906347818 0
    outer loop
      vertex -11.157317830659018 -4.417494632216134 1
      vertex -11.157317830659018 -4.417494632216134 0.050000000000000044
      vertex -10.857924629592235 -5.109351498780869 0.050000000000000044
    endloop
  endfacet
  facet normal -0.9408807689542262 -0.33873792024528937 0
    outer loop
      vertex -11.412678195541842 -3.7082039324993685 1
      vertex -11.412678195541842 -3.7082039324993685 0.050000000000000044
      vertex -11.157317830659018 -4.417494632216134 0.050000000000000044
    endloop
  endfacet
  facet normal -0.9602936856769428 -0.2789911060392302 0
    outer loop
      vertex -11.622997933543573 -2.984278645978258 1
      vertex -11.622997933543573 -2.984278645978258 0.050000000000000044
      vertex -11.412678195541842 -3.7082039324993685 0.050000000000000044
    endloop
  endfacet
  facet normal -0.8607420270039442 -0.5090414157503703 0
    outer loop
      vertex -10.515680160526362 -5.781044089220584 1
      vertex -10.515680160526362 -5.781044089220584 0.050000000000000044
      vertex -10.13193510602418 -6.429921539747961 0.050000000000000044
    endloop
  endfacet
  facet normal 0 0 -1
    outer loop
      vertex -11.412678195541842 -3.7082039324993685 0.050000000000000044
      vertex -11.622997933543573 2.984278645978258 0.050000000000000044
      vertex -11.157317830659018 -4.417494632216134 0.050000000000000044
    endloop
  endfacet
  facet normal 0 0 -1
    outer loop
      vertex -10.978294012710988 -0.6906957148224461 0.050000000000000044
      vertex -10.913261714459257 -1.3786655692073446 0.050000000000000044
      vertex -10.857924629592235 -5.109351498780869 0.050000000000000044
    endloop
  endfacet
  facet normal 0 0 -1
    outer loop
      vertex -10.805159758015575 -2.061194460442973 0.050000000000000044
      vertex -10.857924629592235 -5.109351498780869 0.050000000000000044
      vertex -10.913261714459257 -1.3786655692073446 0.050000000000000044
    endloop
  endfacet
  facet normal 0 0 -1
    outer loop
      vertex -10.857924629592235 -5.109351498780869 0.050000000000000044
      vertex -11.157317830659018 -4.417494632216134 0.050000000000000044
      vertex -11.412678195541842 3.7082039324993685 0.050000000000000044
    endloop
  endfacet
  facet normal 0 0 -1
    outer loop
      vertex -10.978294012710988 -0.6906957148224461 0.050000000000000044
      vertex -10.857924629592235 -5.109351498780869 0.050000000000000044
      vertex -11 0 0.050000000000000044
    endloop
  endfacet
  facet normal 0 0 -1
    outer loop
      vertex -11.622997933543573 -2.984278645978258 0.050000000000000044
      vertex -11.787447008744262 -2.248575775028698 0.050000000000000044
      vertex -11.905376415773734 1.5039988027716489 0.050000000000000044
    endloop
  endfacet
  facet normal 0 0 -1
    outer loop
      vertex -11.905376415773734 -1.5039988027716489 0.050000000000000044
      vertex -11.976320741139258 0.7534862343517593 0.050000000000000044
      vertex -11.787447008744262 -2.248575775028698 0.050000000000000044
    endloop
  endfacet
  facet normal 0 0 -1
    outer loop
      vertex -11.622997933543573 -2.984278645978258 0.050000000000000044
      vertex -11.787447008744262 2.248575775028698 0.050000000000000044
      vertex -11.412678195541842 -3.7082039324993685 0.050000000000000044
    endloop
  endfacet
  facet normal 0 0 -1
    outer loop
      vertex -11.905376415773734 -1.5039988027716489 0.050000000000000044
      vertex -11.976320741139258 -0.7534862343517593 0.050000000000000044
      vertex -11.976320741139258 0.7534862343517593 0.050000000000000044
    endloop
  endfacet
  facet normal 0 0 -1
    outer loop
      vertex -11 0 0.050000000000000044
      vertex -10.857924629592235 -5.109351498780869 0.050000000000000044
      vertex -11.412678195541842 3.7082039324993685 0.050000000000000044
    endloop
  endfacet
  facet normal -0.9759167619387477 -0.21814324139654148 0
    outer loop
      vertex -11.787447008744262 -2.248575775028698 1
      vertex -11.787447008744262 -2.248575775028698 0.050000000000000044
      vertex -11.622997933543573 -2.984278645978258 0.050000000000000044
    endloop
  endfacet
  facet normal -0.9876883405951374 -0.15643446504023234 0
    outer loop
      vertex -11.905376415773734 -1.5039988027716489 1
      vertex -11.905376415773734 -1.5039988027716489 0.050000000000000044
      vertex -11.787447008744262 -2.248575775028698 0.050000000000000044
    endloop
  endfacet
  facet normal -0.9955619646030801 -0.09410831331851309 0
    outer loop
      vertex -11.976320741139258 -0.7534862343517593 1
      vertex -11.976320741139258 -0.7534862343517593 0.050000000000000044
      vertex -11.905376415773734 -1.5039988027716489 0.050000000000000044
    endloop
  endfacet
  facet normal -0.9995065603657316 -0.03141075907812957 0
    outer loop
      vertex -12 0 1
      vertex -12 0 0.050000000000000044
      vertex -11.976320741139258 -0.7534862343517593 0.050000000000000044
    endloop
  endfacet
  facet normal 0.8910065241883682 0.4539904997395458 0
    outer loop
      vertex -6.134146760307044 -3.372275718712008 -1
      vertex -6.333789367262137 -2.980455040955507 1
      vertex -6.134146760307044 -3.372275718712008 1
    endloop
  endfacet
  facet normal 0.9759167619387474 0.2181432413965421 0
    outer loop
      vertex -6.7800821279004175 -1.740829210153984 -1
      vertex -6.87601075510082 -1.3116692021000738 1
      vertex -6.7800821279004175 -1.740829210153984 1
    endloop
  endfacet
  facet normal 0.9177546256839807 0.3971478906347815 0
    outer loop
      vertex -6.50843540121776 -2.576871868792745 1
      vertex -6.333789367262137 -2.980455040955507 1
      vertex -6.333789367262137 -2.980455040955507 -1
    endloop
  endfacet
  facet normal 0.9408807689542257 0.3387379202452908 0
    outer loop
      vertex -6.50843540121776 -2.576871868792745 -1
      vertex -6.657395614066075 -2.1631189606246317 1
      vertex -6.50843540121776 -2.576871868792745 1
    endloop
  endfacet
  facet normal 0.9602936856769428 0.2789911060392299 0
    outer loop
      vertex -6.7800821279004175 -1.740829210153984 1
      vertex -6.657395614066075 -2.1631189606246317 1
      vertex -6.657395614066075 -2.1631189606246317 -1
    endloop
  endfacet
  facet normal 0.9876883405951374 0.156434465040233 0
    outer loop
      vertex -6.9448029092013455 -0.8773326349501285 1
      vertex -6.87601075510082 -1.3116692021000738 1
      vertex -6.87601075510082 -1.3116692021000738 -1
    endloop
  endfacet
  facet normal 0.9955619646030801 0.09410831331851244 0
    outer loop
      vertex -6.986187098997901 -0.43953363670519296 1
      vertex -6.9448029092013455 -0.8773326349501285 1
      vertex -6.9448029092013455 -0.8773326349501285 -1
    endloop
  endfacet
  facet normal 0.9995065603657316 0.031410759078128896 0
    outer loop
      vertex -7 0 1
      vertex -6.986187098997901 -0.43953363670519296 1
      vertex -6.986187098997901 -0.43953363670519296 -1
    endloop
  endfacet
  facet normal -0.8910065241883678 -0.453990499739547 0
    outer loop
      vertex -10.515680160526362 -5.781044089220584 1
      vertex -10.857924629592235 -5.109351498780869 1
      vertex -10.515680160526362 -5.781044089220584 0.050000000000000044
    endloop
  endfacet
  facet normal -0.9177546256839808 -0.3971478906347818 0
    outer loop
      vertex -10.857924629592235 -5.109351498780869 1
      vertex -11.157317830659018 -4.417494632216134 1
      vertex -10.857924629592235 -5.109351498780869 0.050000000000000044
    endloop
  endfacet
  facet normal -0.9602936856769428 -0.2789911060392302 0
    outer loop
      vertex -11.412678195541842 -3.7082039324993685 1
      vertex -11.622997933543573 -2.984278645978258 1
      vertex -11.412678195541842 -3.7082039324993685 0.050000000000000044
    endloop
  endfacet
  facet normal -0.9408807689542262 -0.33873792024528937 0
    outer loop
      vertex -11.412678195541842 -3.7082039324993685 1
      vertex -11.157317830659018 -4.417494632216134 0.050000000000000044
      vertex -11.157317830659018 -4.417494632216134 1
    endloop
  endfacet
  facet normal -0.9759167619387477 -0.21814324139654148 0
    outer loop
      vertex -11.622997933543573 -2.984278645978258 1
      vertex -11.787447008744262 -2.248575775028698 1
      vertex -11.622997933543573 -2.984278645978258 0.050000000000000044
    endloop
  endfacet
  facet normal -0.9876883405951374 -0.15643446504023234 0
    outer loop
      vertex -11.787447008744262 -2.248575775028698 1
      vertex -11.905376415773734 -1.5039988027716489 1
      vertex -11.787447008744262 -2.248575775028698 0.050000000000000044
    endloop
  endfacet
  facet normal -0.9955619646030801 -0.09410831331851309 0
    outer loop
      vertex -11.905376415773734 -1.5039988027716489 1
      vertex -11.976320741139258 -0.7534862343517593 1
      vertex -11.905376415773734 -1.5039988027716489 0.050000000000000044
    endloop
  endfacet
  facet normal -0.9995065603657316 -0.03141075907812957 0
    outer loop
      vertex -11.976320741139258 -0.7534862343517593 1
      vertex -12 0 1
      vertex -11.976320741139258 -0.7534862343517593 0.050000000000000044
    endloop
  endfacet
  facet normal 0 0 1
    outer loop
      vertex -10.857924629592235 -5.109351498780869 1
      vertex -11.157317830659018 4.417494632216134 1
      vertex -11.157317830659018 -4.417494632216134 1
    endloop
  endfacet
  facet normal 0 0 1
    outer loop
      vertex -10.515680160526362 -5.781044089220584 1
      vertex -10.857924629592235 5.109351498780869 1
      vertex -10.857924629592235 -5.109351498780869 1
    endloop
  endfacet
  facet normal 0 0 1
    outer loop
      vertex -11.622997933543573 -2.984278645978258 1
      vertex -11.787447008744262 2.248575775028698 1
      vertex -11.787447008744262 -2.248575775028698 1
    endloop
  endfacet
  facet normal 0 0 1
    outer loop
      vertex -11.412678195541842 -3.7082039324993685 1
      vertex -11.622997933543573 2.984278645978258 1
      vertex -11.622997933543573 -2.984278645978258 1
    endloop
  endfacet
  facet normal 0 0 1
    outer loop
      vertex -11.412678195541842 -3.7082039324993685 1
      vertex -11.157317830659018 -4.417494632216134 1
      vertex -11.412678195541842 3.7082039324993685 1
    endloop
  endfacet
  facet normal 0 0 1
    outer loop
      vertex -11.787447008744262 -2.248575775028698 1
      vertex -11.905376415773734 1.5039988027716489 1
      vertex -11.905376415773734 -1.5039988027716489 1
    endloop
  endfacet
  facet normal 0 0 1
    outer loop
      vertex -11.905376415773734 -1.5039988027716489 1
      vertex -11.976320741139258 0.7534862343517593 1
      vertex -11.976320741139258 -0.7534862343517593 1
    endloop
  endfacet
  facet normal 0 0 1
    outer loop
      vertex -10.13193510602418 -6.429921539747961 1
      vertex -9.70820393249937 -7.053423027509678 1
      vertex -10.13193510602418 6.429921539747961 1
    endloop
  endfacet
  facet normal 0 0 1
    outer loop
      vertex -10.13193510602418 -6.429921539747961 1
      vertex -10.515680160526362 5.781044089220584 1
      vertex -10.515680160526362 -5.781044089220584 1
    endloop
  endfacet
  facet normal 0 0 1
    outer loop
      vertex -9.246158913309472 -7.649087876984275 1
      vertex -9.70820393249937 7.053423027509678 1
      vertex -9.70820393249937 -7.053423027509678 1
    endloop
  endfacet
  facet normal 0 0 1
    outer loop
      vertex -9.246158913309472 -7.649087876984275 1
      vertex -8.74762352905694 -8.214565271144263 1
      vertex -9.246158913309472 7.649087876984275 1
    endloop
  endfacet
  facet normal 0 0 1
    outer loop
      vertex -7.649087876984275 -9.246158913309472 1
      vertex -8.214565271144263 8.74762352905694 1
      vertex -8.214565271144263 -8.74762352905694 1
    endloop
  endfacet
  facet normal 0 0 1
    outer loop
      vertex -6.429921539747961 -10.13193510602418 1
      vertex -6.134146760307044 -3.372275718712008 1
      vertex -6.333789367262137 -2.980455040955507 1
    endloop
  endfacet
  facet normal 0 0 1
    outer loop
      vertex -6.429921539747961 -10.13193510602418 1
      vertex -6.333789367262137 -2.980455040955507 1
      vertex -6.50843540121776 -2.576871868792745 1
    endloop
  endfacet
  facet normal 0 0 1
    outer loop
      vertex -6.429921539747961 -10.13193510602418 1
      vertex -6.50843540121776 -2.576871868792745 1
      vertex -6.657395614066075 -2.1631189606246317 1
    endloop
  endfacet
  facet normal 0 0 1
    outer loop
      vertex -6.429921539747961 -10.13193510602418 1
      vertex -6.657395614066075 -2.1631189606246317 1
      vertex -6.7800821279004175 -1.740829210153984 1
    endloop
  endfacet
  facet normal 0 0 1
    outer loop
      vertex -7.053423027509678 -9.70820393249937 1
      vertex -6.7800821279004175 -1.740829210153984 1
      vertex -6.87601075510082 -1.3116692021000738 1
    endloop
  endfacet
  facet normal 0 0 1
    outer loop
      vertex -7.053423027509678 -9.70820393249937 1
      vertex -6.87601075510082 -1.3116692021000738 1
      vertex -6.9448029092013455 -0.8773326349501285 1
    endloop
  endfacet
  facet normal 0 0 1
    outer loop
      vertex -7.649087876984275 -9.246158913309472 1
      vertex -7.053423027509678 -9.70820393249937 1
      vertex -7.649087876984275 9.246158913309472 1
    endloop
  endfacet
  facet normal 0 0 1
    outer loop
      vertex -7.053423027509678 -9.70820393249937 1
      vertex -6.9448029092013455 -0.8773326349501285 1
      vertex -6.986187098997901 -0.43953363670519296 1
    endloop
  endfacet
  facet normal 0 0 1
    outer loop
      vertex -7.053423027509678 -9.70820393249937 1
      vertex -6.986187098997901 -0.43953363670519296 1
      vertex -7 0 1
    endloop
  endfacet
  facet normal 0 0 1
    outer loop
      vertex -8.74762352905694 -8.214565271144263 1
      vertex -8.214565271144263 -8.74762352905694 1
      vertex -8.74762352905694 8.214565271144263 1
    endloop
  endfacet
  facet normal 0 0 -1
    outer loop
      vertex -4.683572207215796 -9.953097577126215 0.050000000000000044
      vertex -4.417494632216134 -11.157317830659018 0.050000000000000044
      vertex -5.109351498780869 -10.857924629592235 0.050000000000000044
    endloop
  endfacet
  facet normal 0 0 -1
    outer loop
      vertex -5.894094744768965 -9.287607180522164 0.050000000000000044
      vertex -5.109351498780869 -10.857924629592235 0.050000000000000044
      vertex -5.781044089220584 -10.515680160526362 0.050000000000000044
    endloop
  endfacet
  facet normal 0 0 -1
    outer loop
      vertex -5.299290415118869 -9.639373480482497 0.050000000000000044
      vertex -5.109351498780869 -10.857924629592235 0.050000000000000044
      vertex -5.894094744768965 -9.287607180522164 0.050000000000000044
    endloop
  endfacet
  facet normal 0 0 -1
    outer loop
      vertex -5.299290415118869 -9.639373480482497 0.050000000000000044
      vertex -4.683572207215796 -9.953097577126215 0.050000000000000044
      vertex -5.109351498780869 -10.857924629592235 0.050000000000000044
    endloop
  endfacet
  facet normal 0 0 -1
    outer loop
      vertex -4.049370079531457 -10.227541344770765 0.050000000000000044
      vertex -3.7082039324993685 -11.412678195541842 0.050000000000000044
      vertex -4.417494632216134 -11.157317830659018 0.050000000000000044
    endloop
  endfacet
  facet normal 0 0 -1
    outer loop
      vertex -4.049370079531457 -10.227541344770765 0.050000000000000044
      vertex -3.3991869381244215 -10.461621679246688 0.050000000000000044
      vertex -3.7082039324993685 -11.412678195541842 0.050000000000000044
    endloop
  endfacet
  facet normal 0 0 -1
    outer loop
      vertex -3.3991869381244215 -10.461621679246688 0.050000000000000044
      vertex -2.984278645978258 -11.622997933543573 0.050000000000000044
      vertex -3.7082039324993685 -11.412678195541842 0.050000000000000044
    endloop
  endfacet
  facet normal 0 0 -1
    outer loop
      vertex -3.3991869381244215 -10.461621679246688 0.050000000000000044
      vertex -2.735588758813403 -10.654414772414942 0.050000000000000044
      vertex -2.984278645978258 -11.622997933543573 0.050000000000000044
    endloop
  endfacet
  facet normal 0 0 -1
    outer loop
      vertex -4.049370079531457 -10.227541344770765 0.050000000000000044
      vertex -4.417494632216134 -11.157317830659018 0.050000000000000044
      vertex -4.683572207215796 -9.953097577126215 0.050000000000000044
    endloop
  endfacet
  facet normal -0.453990499739547 -0.8910065241883678 0
    outer loop
      vertex -5.781044089220584 -10.515680160526362 1
      vertex -5.781044089220584 -10.515680160526362 0.050000000000000044
      vertex -5.109351498780869 -10.857924629592235 0.050000000000000044
    endloop
  endfacet
  facet normal -0.3971478906347818 -0.9177546256839808 0
    outer loop
      vertex -5.109351498780869 -10.857924629592235 1
      vertex -5.109351498780869 -10.857924629592235 0.050000000000000044
      vertex -4.417494632216134 -11.157317830659018 0.050000000000000044
    endloop
  endfacet
  facet normal -0.33873792024528937 -0.9408807689542262 0
    outer loop
      vertex -4.417494632216134 -11.157317830659018 1
      vertex -4.417494632216134 -11.157317830659018 0.050000000000000044
      vertex -3.7082039324993685 -11.412678195541842 0.050000000000000044
    endloop
  endfacet
  facet normal -0.2789911060392302 -0.9602936856769428 0
    outer loop
      vertex -3.7082039324993685 -11.412678195541842 1
      vertex -3.7082039324993685 -11.412678195541842 0.050000000000000044
      vertex -2.984278645978258 -11.622997933543573 0.050000000000000044
    endloop
  endfacet
  facet normal 0.5090414157503715 0.8607420270039435 0
    outer loop
      vertex -3.372275718712008 -6.134146760307044 -1
      vertex -3.7507875648529776 -5.910295478514104 1
      vertex -3.372275718712008 -6.134146760307044 1
    endloop
  endfacet
  facet normal 0.4539904997395458 0.8910065241883682 0
    outer loop
      vertex -3.372275718712008 -6.134146760307044 1
      vertex -2.980455040955507 -6.333789367262137 1
      vertex -2.980455040955507 -6.333789367262137 -1
    endloop
  endfacet
  facet normal 0 0 -1
    outer loop
      vertex -2.735588758813403 -10.654414772414942 0.050000000000000044
      vertex -2.248575775028698 -11.787447008744262 0.050000000000000044
      vertex -2.984278645978258 -11.622997933543573 0.050000000000000044
    endloop
  endfacet
  facet normal 0 0 -1
    outer loop
      vertex -2.735588758813403 -10.654414772414942 0.050000000000000044
      vertex -2.061194460442973 -10.805159758015575 0.050000000000000044
      vertex -2.248575775028698 -11.787447008744262 0.050000000000000044
    endloop
  endfacet
  facet normal 0 0 -1
    outer loop
      vertex -2.061194460442973 -10.805159758015575 0.050000000000000044
      vertex -1.5039988027716487 -11.905376415773734 0.050000000000000044
      vertex -2.248575775028698 -11.787447008744262 0.050000000000000044
    endloop
  endfacet
  facet normal 0 0 -1
    outer loop
      vertex -2.061194460442973 -10.805159758015575 0.050000000000000044
      vertex -1.3786655692073446 -10.913261714459257 0.050000000000000044
      vertex -1.5039988027716487 -11.905376415773734 0.050000000000000044
    endloop
  endfacet
  facet normal 0 0 -1
    outer loop
      vertex -1.3786655692073446 -10.913261714459257 0.050000000000000044
      vertex -0.7534862343517651 -11.976320741139258 0.050000000000000044
      vertex -1.5039988027716487 -11.905376415773734 0.050000000000000044
    endloop
  endfacet
  facet normal 0 0 -1
    outer loop
      vertex -0.6906957148224514 -10.978294012710988 0.050000000000000044
      vertex -0.7534862343517651 -11.976320741139258 0.050000000000000044
      vertex -1.3786655692073446 -10.913261714459257 0.050000000000000044
    endloop
  endfacet
  facet normal 0 0 -1
    outer loop
      vertex -0.6906957148224514 -10.978294012710988 0.050000000000000044
      vertex 0 -12 0.050000000000000044
      vertex -0.7534862343517651 -11.976320741139258 0.050000000000000044
    endloop
  endfacet
  facet normal 0 0 -1
    outer loop
      vertex -0.6906957148224514 -10.978294012710988 0.050000000000000044
      vertex 0 -11 0.050000000000000044
      vertex 0 -12 0.050000000000000044
    endloop
  endfacet
  facet normal -0.21814324139654148 -0.9759167619387477 0
    outer loop
      vertex -2.984278645978258 -11.622997933543573 1
      vertex -2.984278645978258 -11.622997933543573 0.050000000000000044
      vertex -2.248575775028698 -11.787447008744262 0.050000000000000044
    endloop
  endfacet
  facet normal -0.1564344650402323 -0.9876883405951375 0
    outer loop
      vertex -2.248575775028698 -11.787447008744262 1
      vertex -2.248575775028698 -11.787447008744262 0.050000000000000044
      vertex -1.5039988027716487 -11.905376415773734 0.050000000000000044
    endloop
  endfacet
  facet normal -0.09410831331851385 -0.9955619646030801 -2.1996045527337335e-17
    outer loop
      vertex -1.5039988027716489 -11.905376415773734 1
      vertex -1.5039988027716487 -11.905376415773734 0.050000000000000044
      vertex -0.7534862343517651 -11.976320741139258 0.050000000000000044
    endloop
  endfacet
  facet normal -0.031410759078129326 -0.9995065603657316 -3.6708366262624045e-18
    outer loop
      vertex -0.7534862343517652 -11.976320741139258 1
      vertex -0.7534862343517651 -11.976320741139258 0.050000000000000044
      vertex 0 -12 0.050000000000000044
    endloop
  endfacet
  facet normal 0.3971478906347815 0.9177546256839807 0
    outer loop
      vertex -2.576871868792745 -6.50843540121776 -1
      vertex -2.980455040955507 -6.333789367262137 1
      vertex -2.576871868792745 -6.50843540121776 1
    endloop
  endfacet
  facet normal 0.3387379202452908 0.9408807689542257 0
    outer loop
      vertex -2.1631189606246317 -6.657395614066075 1
      vertex -2.1631189606246317 -6.657395614066075 -1
      vertex -2.576871868792745 -6.50843540121776 1
    endloop
  endfacet
  facet normal 0.2789911060392299 0.9602936856769428 0
    outer loop
      vertex -1.740829210153984 -6.7800821279004175 -1
      vertex -2.1631189606246317 -6.657395614066075 1
      vertex -1.740829210153984 -6.7800821279004175 1
    endloop
  endfacet
  facet normal 0.2181432413965421 0.9759167619387474 0
    outer loop
      vertex -1.3116692021000738 -6.87601075510082 -1
      vertex -1.740829210153984 -6.7800821279004175 1
      vertex -1.3116692021000738 -6.87601075510082 1
    endloop
  endfacet
  facet normal 0.156434465040233 0.9876883405951374 0
    outer loop
      vertex -1.3116692021000738 -6.87601075510082 1
      vertex -0.8773326349501285 -6.9448029092013455 1
      vertex -0.8773326349501285 -6.9448029092013455 -1
    endloop
  endfacet
  facet normal 0.09410831331851316 0.9955619646030801 0
    outer loop
      vertex -0.43953363670519635 -6.986187098997901 -1
      vertex -0.8773326349501285 -6.9448029092013455 1
      vertex -0.43953363670519635 -6.986187098997901 1
    endloop
  endfacet
  facet normal 0.03141075907812865 0.9995065603657315 0
    outer loop
      vertex 0 -7 -1
      vertex -0.43953363670519635 -6.986187098997901 1
      vertex 0 -7 1
    endloop
  endfacet
  facet normal -0.453990499739547 -0.8910065241883678 0
    outer loop
      vertex -5.781044089220584 -10.515680160526362 1
      vertex -5.109351498780869 -10.857924629592235 0.050000000000000044
      vertex -5.109351498780869 -10.857924629592235 1
    endloop
  endfacet
  facet normal -0.3971478906347818 -0.9177546256839808 0
    outer loop
      vertex -5.109351498780869 -10.857924629592235 1
      vertex -4.417494632216134 -11.157317830659018 0.050000000000000044
      vertex -4.417494632216134 -11.157317830659018 1
    endloop
  endfacet
  facet normal -0.5090414157503703 -0.8607420270039442 0
    outer loop
      vertex -6.429921539747961 -10.13193510602418 1
      vertex -5.781044089220584 -10.515680160526362 0.050000000000000044
      vertex -5.781044089220584 -10.515680160526362 1
    endloop
  endfacet
  facet normal -0.33873792024528937 -0.9408807689542262 0
    outer loop
      vertex -4.417494632216134 -11.157317830659018 1
      vertex -3.7082039324993685 -11.412678195541842 0.050000000000000044
      vertex -3.7082039324993685 -11.412678195541842 1
    endloop
  endfacet
  facet normal -0.2789911060392302 -0.9602936856769428 0
    outer loop
      vertex -3.7082039324993685 -11.412678195541842 1
      vertex -2.984278645978258 -11.622997933543573 0.050000000000000044
      vertex -2.984278645978258 -11.622997933543573 1
    endloop
  endfacet
  facet normal 0 0 1
    outer loop
      vertex -5.109351498780869 -10.857924629592235 1
      vertex -4.417494632216134 -11.157317830659018 1
      vertex -4.79182974150082 -5.1027803919498815 1
    endloop
  endfacet
  facet normal 0 0 1
    outer loop
      vertex -4.417494632216134 -11.157317830659018 1
      vertex -3.7082039324993685 -11.412678195541842 1
      vertex -4.114496766047312 -5.663118960624632 1
    endloop
  endfacet
  facet normal 0 0 1
    outer loop
      vertex -3.7082039324993685 -11.412678195541842 1
      vertex -2.984278645978258 -11.622997933543573 1
      vertex -3.372275718712008 -6.134146760307044 1
    endloop
  endfacet
  facet normal 0 0 1
    outer loop
      vertex -5.781044089220584 -10.515680160526362 1
      vertex -5.109351498780869 -10.857924629592235 1
      vertex -5.393592699430526 -4.461967928240828 1
    endloop
  endfacet
  facet normal 0 0 1
    outer loop
      vertex -5.781044089220584 -10.515680160526362 1
      vertex -5.663118960624632 -4.114496766047312 1
      vertex -5.910295478514104 -3.7507875648529776 1
    endloop
  endfacet
  facet normal 0 0 1
    outer loop
      vertex -5.781044089220584 -10.515680160526362 1
      vertex -5.393592699430526 -4.461967928240828 1
      vertex -5.663118960624632 -4.114496766047312 1
    endloop
  endfacet
  facet normal 0 0 1
    outer loop
      vertex -5.109351498780869 -10.857924629592235 1
      vertex -4.79182974150082 -5.1027803919498815 1
      vertex -5.1027803919498815 -4.79182974150082 1
    endloop
  endfacet
  facet normal 0 0 1
    outer loop
      vertex -4.417494632216134 -11.157317830659018 1
      vertex -4.461967928240828 -5.393592699430526 1
      vertex -4.79182974150082 -5.1027803919498815 1
    endloop
  endfacet
  facet normal 0 0 1
    outer loop
      vertex -5.109351498780869 -10.857924629592235 1
      vertex -5.1027803919498815 -4.79182974150082 1
      vertex -5.393592699430526 -4.461967928240828 1
    endloop
  endfacet
  facet normal 0 0 1
    outer loop
      vertex -3.7082039324993685 -11.412678195541842 1
      vertex -3.7507875648529776 -5.910295478514104 1
      vertex -4.114496766047312 -5.663118960624632 1
    endloop
  endfacet
  facet normal 0 0 1
    outer loop
      vertex -3.7082039324993685 -11.412678195541842 1
      vertex -3.372275718712008 -6.134146760307044 1
      vertex -3.7507875648529776 -5.910295478514104 1
    endloop
  endfacet
  facet normal 0 0 1
    outer loop
      vertex -2.984278645978258 -11.622997933543573 1
      vertex -2.980455040955507 -6.333789367262137 1
      vertex -3.372275718712008 -6.134146760307044 1
    endloop
  endfacet
  facet normal 0 0 1
    outer loop
      vertex -4.417494632216134 -11.157317830659018 1
      vertex -4.114496766047312 -5.663118960624632 1
      vertex -4.461967928240828 -5.393592699430526 1
    endloop
  endfacet
  facet normal -0.21814324139654148 -0.9759167619387477 0
    outer loop
      vertex -2.984278645978258 -11.622997933543573 1
      vertex -2.248575775028698 -11.787447008744262 0.050000000000000044
      vertex -2.248575775028698 -11.787447008744262 1
    endloop
  endfacet
  facet normal -0.15643446504023234 -0.9876883405951374 -3.875582263628487e-17
    outer loop
      vertex -2.248575775028698 -11.787447008744262 1
      vertex -1.5039988027716487 -11.905376415773734 0.050000000000000044
      vertex -1.5039988027716489 -11.905376415773734 1
    endloop
  endfacet
  facet normal -0.09410831331851384 -0.9955619646030801 -9.688955659071366e-18
    outer loop
      vertex -1.5039988027716489 -11.905376415773734 1
      vertex -0.7534862343517651 -11.976320741139258 0.050000000000000044
      vertex -0.7534862343517652 -11.976320741139258 1
    endloop
  endfacet
  facet normal -0.03141075907812932 -0.9995065603657314 0
    outer loop
      vertex -0.7534862343517652 -11.976320741139258 1
      vertex 0 -12 0.050000000000000044
      vertex 0 -12 1
    endloop
  endfacet
  facet normal 0 0 1
    outer loop
      vertex -2.984278645978258 -11.622997933543573 1
      vertex -2.248575775028698 -11.787447008744262 1
      vertex -2.576871868792745 -6.50843540121776 1
    endloop
  endfacet
  facet normal 0 0 1
    outer loop
      vertex -2.248575775028698 -11.787447008744262 1
      vertex -1.5039988027716489 -11.905376415773734 1
      vertex -1.740829210153984 -6.7800821279004175 1
    endloop
  endfacet
  facet normal 0 0 1
    outer loop
      vertex -1.5039988027716489 -11.905376415773734 1
      vertex -0.7534862343517652 -11.976320741139258 1
      vertex -1.3116692021000738 -6.87601075510082 1
    endloop
  endfacet
  facet normal 0 0 1
    outer loop
      vertex -0.7534862343517652 -11.976320741139258 1
      vertex 0 -12 1
      vertex -0.43953363670519635 -6.986187098997901 1
    endloop
  endfacet
  facet normal 0 0 1
    outer loop
      vertex -2.248575775028698 -11.787447008744262 1
      vertex -2.1631189606246317 -6.657395614066075 1
      vertex -2.576871868792745 -6.50843540121776 1
    endloop
  endfacet
  facet normal 0 0 1
    outer loop
      vertex -2.984278645978258 -11.622997933543573 1
      vertex -2.576871868792745 -6.50843540121776 1
      vertex -2.980455040955507 -6.333789367262137 1
    endloop
  endfacet
  facet normal 0 0 1
    outer loop
      vertex -2.248575775028698 -11.787447008744262 1
      vertex -1.740829210153984 -6.7800821279004175 1
      vertex -2.1631189606246317 -6.657395614066075 1
    endloop
  endfacet
  facet normal 0 0 1
    outer loop
      vertex -1.5039988027716489 -11.905376415773734 1
      vertex -1.3116692021000738 -6.87601075510082 1
      vertex -1.740829210153984 -6.7800821279004175 1
    endloop
  endfacet
  facet normal 0 0 1
    outer loop
      vertex -0.7534862343517652 -11.976320741139258 1
      vertex -0.8773326349501285 -6.9448029092013455 1
      vertex -1.3116692021000738 -6.87601075510082 1
    endloop
  endfacet
  facet normal 0 0 1
    outer loop
      vertex -0.7534862343517652 -11.976320741139258 1
      vertex -0.43953363670519635 -6.986187098997901 1
      vertex -0.8773326349501285 -6.9448029092013455 1
    endloop
  endfacet
  facet normal 0 0 1
    outer loop
      vertex 0 -12 1
      vertex 0 -7 1
      vertex -0.43953363670519635 -6.986187098997901 1
    endloop
  endfacet
  facet normal 0.6613118653236533 0.7501110696304583 0
    outer loop
      vertex -4.461967928240828 -5.393592699430526 -1
      vertex -4.79182974150082 -5.1027803919498815 1
      vertex -4.461967928240828 -5.393592699430526 1
    endloop
  endfacet
  facet normal 0.7071067811865476 0.7071067811865476 0
    outer loop
      vertex -4.79182974150082 -5.1027803919498815 -1
      vertex -5.1027803919498815 -4.79182974150082 1
      vertex -4.79182974150082 -5.1027803919498815 1
    endloop
  endfacet
  facet normal 0.7501110696304583 0.6613118653236533 0
    outer loop
      vertex -5.393592699430526 -4.461967928240828 1
      vertex -5.1027803919498815 -4.79182974150082 1
      vertex -5.1027803919498815 -4.79182974150082 -1
    endloop
  endfacet
  facet normal 0.8270805742745622 0.56208337785213 0
    outer loop
      vertex -5.910295478514104 -3.7507875648529776 1
      vertex -5.663118960624632 -4.114496766047312 1
      vertex -5.663118960624632 -4.114496766047312 -1
    endloop
  endfacet
  facet normal 0.7901550123756915 0.612907053652975 0
    outer loop
      vertex -5.393592699430526 -4.461967928240828 -1
      vertex -5.663118960624632 -4.114496766047312 1
      vertex -5.393592699430526 -4.461967928240828 1
    endloop
  endfacet
  facet normal 0.8607420270039435 0.5090414157503715 0
    outer loop
      vertex -6.134146760307044 -3.372275718712008 1
      vertex -5.910295478514104 -3.7507875648529776 1
      vertex -5.910295478514104 -3.7507875648529776 -1
    endloop
  endfacet
  facet normal 0.612907053652975 0.7901550123756915 0
    outer loop
      vertex -4.114496766047312 -5.663118960624632 -1
      vertex -4.461967928240828 -5.393592699430526 1
      vertex -4.114496766047312 -5.663118960624632 1
    endloop
  endfacet
  facet normal 0.56208337785213 0.8270805742745622 0
    outer loop
      vertex -3.7507875648529776 -5.910295478514104 -1
      vertex -4.114496766047312 -5.663118960624632 1
      vertex -3.7507875648529776 -5.910295478514104 1
    endloop
  endfacet
  facet normal 0 0 1
    outer loop
      vertex -5.781044089220584 -10.515680160526362 1
      vertex -5.910295478514104 -3.7507875648529776 1
      vertex -6.134146760307044 -3.372275718712008 1
    endloop
  endfacet
  facet normal 0 0 -1
    outer loop
      vertex -11 0 -1
      vertex -10.978294012710988 0.6906957148224461 -1
      vertex -10.978294012710988 -0.6906957148224461 -1
    endloop
  endfacet
  facet normal 0 0 -1
    outer loop
      vertex -10.978294012710988 -0.6906957148224461 -1
      vertex -10.978294012710988 0.6906957148224461 -1
      vertex -10.913261714459257 1.3786655692073446 -1
    endloop
  endfacet
  facet normal 0 0 -1
    outer loop
      vertex -10.913261714459257 -1.3786655692073446 -1
      vertex -10.913261714459257 1.3786655692073446 -1
      vertex -10.805159758015575 2.061194460442973 -1
    endloop
  endfacet
  facet normal 0 0 -1
    outer loop
      vertex -10.805159758015575 -2.061194460442973 -1
      vertex -10.805159758015575 2.061194460442973 -1
      vertex -10.654414772414942 2.735588758813403 -1
    endloop
  endfacet
  facet normal 0 0 -1
    outer loop
      vertex -10.805159758015575 -2.061194460442973 -1
      vertex -10.654414772414942 2.735588758813403 -1
      vertex -10.461621679246688 3.3991869381244215 -1
    endloop
  endfacet
  facet normal 0 0 -1
    outer loop
      vertex -10.461621679246688 -3.3991869381244215 -1
      vertex -10.461621679246688 3.3991869381244215 -1
      vertex -10.227541344770765 4.049370079531457 -1
    endloop
  endfacet
  facet normal 0 0 -1
    outer loop
      vertex -10.461621679246688 -3.3991869381244215 -1
      vertex -10.227541344770765 4.049370079531457 -1
      vertex -9.953097577126215 4.683572207215796 -1
    endloop
  endfacet
  facet normal 0 0 -1
    outer loop
      vertex -10.227541344770765 -4.049370079531457 -1
      vertex -9.953097577126215 4.683572207215796 -1
      vertex -9.639373480482497 5.299290415118869 -1
    endloop
  endfacet
  facet normal 0 0 -1
    outer loop
      vertex -9.953097577126215 -4.683572207215796 -1
      vertex -9.639373480482497 5.299290415118869 -1
      vertex -9.287607180522164 5.894094744768965 -1
    endloop
  endfacet
  facet normal 0 0 -1
    outer loop
      vertex -9.639373480482497 -5.299290415118869 -1
      vertex -9.287607180522164 5.894094744768965 -1
      vertex -8.899186938124423 6.465637775217204 -1
    endloop
  endfacet
  facet normal -0.9995065603657316 0.031410759078127425 0
    outer loop
      vertex -11 0 0.050000000000000044
      vertex -10.978294012710988 0.6906957148224461 -1
      vertex -11 0 -1
    endloop
  endfacet
  facet normal -0.99556196460308 0.09410831331851481 0
    outer loop
      vertex -10.978294012710988 0.6906957148224461 0.050000000000000044
      vertex -10.913261714459257 1.3786655692073446 -1
      vertex -10.978294012710988 0.6906957148224461 -1
    endloop
  endfacet
  facet normal -0.9876883405951379 0.15643446504023065 0
    outer loop
      vertex -10.913261714459257 1.3786655692073446 0.050000000000000044
      vertex -10.805159758015575 2.061194460442973 -1
      vertex -10.913261714459257 1.3786655692073446 -1
    endloop
  endfacet
  facet normal -0.9759167619387471 0.21814324139654356 0
    outer loop
      vertex -10.805159758015575 2.061194460442973 0.050000000000000044
      vertex -10.654414772414942 2.735588758813403 -1
      vertex -10.805159758015575 2.061194460442973 -1
    endloop
  endfacet
  facet normal -0.9602936856769427 0.2789911060392302 0
    outer loop
      vertex -10.654414772414942 2.735588758813403 0.050000000000000044
      vertex -10.461621679246688 3.3991869381244215 -1
      vertex -10.654414772414942 2.735588758813403 -1
    endloop
  endfacet
  facet normal -0.9408807689542257 0.3387379202452907 0
    outer loop
      vertex -10.461621679246688 3.3991869381244215 0.050000000000000044
      vertex -10.227541344770765 4.049370079531457 -1
      vertex -10.461621679246688 3.3991869381244215 -1
    endloop
  endfacet
  facet normal -0.9177546256839809 0.39714789063478134 0
    outer loop
      vertex -10.227541344770765 4.049370079531457 0.050000000000000044
      vertex -9.953097577126215 4.683572207215796 -1
      vertex -10.227541344770765 4.049370079531457 -1
    endloop
  endfacet
  facet normal -0.8910065241883678 0.45399049973954714 0
    outer loop
      vertex -9.953097577126215 4.683572207215796 0.050000000000000044
      vertex -9.639373480482497 5.299290415118869 -1
      vertex -9.953097577126215 4.683572207215796 -1
    endloop
  endfacet
  facet normal -0.860742027003944 0.5090414157503707 0
    outer loop
      vertex -9.639373480482497 5.299290415118869 0.050000000000000044
      vertex -9.287607180522164 5.894094744768965 -1
      vertex -9.639373480482497 5.299290415118869 -1
    endloop
  endfacet
  facet normal 0 0 -1
    outer loop
      vertex -9.287607180522164 -5.894094744768965 -1
      vertex -8.899186938124423 6.465637775217204 -1
      vertex -8.475645670533684 7.011663887235586 -1
    endloop
  endfacet
  facet normal 0 0 -1
    outer loop
      vertex -8.899186938124423 -6.465637775217204 -1
      vertex -8.475645670533684 7.011663887235586 -1
      vertex -8.018654901635529 7.530018165215574 -1
    endloop
  endfacet
  facet normal 0 0 -1
    outer loop
      vertex -8.475645670533684 -7.011663887235586 -1
      vertex -8.018654901635529 7.530018165215574 -1
      vertex -7.530018165215574 8.018654901635529 -1
    endloop
  endfacet
  facet normal 0 0 -1
    outer loop
      vertex -8.018654901635529 -7.530018165215574 -1
      vertex -7.530018165215574 8.018654901635529 -1
      vertex -7.011663887235586 8.475645670533684 -1
    endloop
  endfacet
  facet normal 0 0 -1
    outer loop
      vertex -7.530018165215574 -8.018654901635529 -1
      vertex -7.011663887235586 8.475645670533684 -1
      vertex -7 0 -1
    endloop
  endfacet
  facet normal 0 0 -1
    outer loop
      vertex -7.011663887235586 8.475645670533684 -1
      vertex -6.986187098997901 0.43953363670519296 -1
      vertex -7 0 -1
    endloop
  endfacet
  facet normal 0 0 -1
    outer loop
      vertex -7.011663887235586 8.475645670533684 -1
      vertex -6.9448029092013455 0.8773326349501285 -1
      vertex -6.986187098997901 0.43953363670519296 -1
    endloop
  endfacet
  facet normal 0 0 -1
    outer loop
      vertex -7.011663887235586 8.475645670533684 -1
      vertex -6.87601075510082 1.3116692021000738 -1
      vertex -6.9448029092013455 0.8773326349501285 -1
    endloop
  endfacet
  facet normal 0 0 -1
    outer loop
      vertex -7.011663887235586 8.475645670533684 -1
      vertex -6.7800821279004175 1.740829210153984 -1
      vertex -6.87601075510082 1.3116692021000738 -1
    endloop
  endfacet
  facet normal 0 0 -1
    outer loop
      vertex -6.7800821279004175 1.740829210153984 -1
      vertex -6.465637775217204 8.899186938124423 -1
      vertex -6.657395614066075 2.1631189606246317 -1
    endloop
  endfacet
  facet normal 0 0 -1
    outer loop
      vertex -6.465637775217204 8.899186938124423 -1
      vertex -6.50843540121776 2.576871868792745 -1
      vertex -6.657395614066075 2.1631189606246317 -1
    endloop
  endfacet
  facet normal 0 0 -1
    outer loop
      vertex -6.50843540121776 2.576871868792745 -1
      vertex -5.894094744768965 9.287607180522164 -1
      vertex -6.333789367262137 2.980455040955507 -1
    endloop
  endfacet
  facet normal 0 0 -1
    outer loop
      vertex -5.894094744768965 9.287607180522164 -1
      vertex -6.134146760307044 3.372275718712008 -1
      vertex -6.333789367262137 2.980455040955507 -1
    endloop
  endfacet
  facet normal -0.9995065603657316 0.031410759078127425 0
    outer loop
      vertex -11 0 0.050000000000000044
      vertex -10.978294012710988 0.6906957148224461 0.050000000000000044
      vertex -10.978294012710988 0.6906957148224461 -1
    endloop
  endfacet
  facet normal -0.99556196460308 0.09410831331851481 0
    outer loop
      vertex -10.978294012710988 0.6906957148224461 0.050000000000000044
      vertex -10.913261714459257 1.3786655692073446 0.050000000000000044
      vertex -10.913261714459257 1.3786655692073446 -1
    endloop
  endfacet
  facet normal -0.9876883405951379 0.15643446504023065 0
    outer loop
      vertex -10.913261714459257 1.3786655692073446 0.050000000000000044
      vertex -10.805159758015575 2.061194460442973 0.050000000000000044
      vertex -10.805159758015575 2.061194460442973 -1
    endloop
  endfacet
  facet normal -0.9759167619387471 0.21814324139654356 0
    outer loop
      vertex -10.805159758015575 2.061194460442973 0.050000000000000044
      vertex -10.654414772414942 2.735588758813403 0.050000000000000044
      vertex -10.654414772414942 2.735588758813403 -1
    endloop
  endfacet
  facet normal -0.9602936856769427 0.2789911060392302 0
    outer loop
      vertex -10.654414772414942 2.735588758813403 0.050000000000000044
      vertex -10.461621679246688 3.3991869381244215 0.050000000000000044
      vertex -10.461621679246688 3.3991869381244215 -1
    endloop
  endfacet
  facet normal -0.9408807689542257 0.3387379202452907 0
    outer loop
      vertex -10.461621679246688 3.3991869381244215 0.050000000000000044
      vertex -10.227541344770765 4.049370079531457 0.050000000000000044
      vertex -10.227541344770765 4.049370079531457 -1
    endloop
  endfacet
  facet normal -0.9177546256839809 0.39714789063478134 0
    outer loop
      vertex -10.227541344770765 4.049370079531457 0.050000000000000044
      vertex -9.953097577126215 4.683572207215796 0.050000000000000044
      vertex -9.953097577126215 4.683572207215796 -1
    endloop
  endfacet
  facet normal -0.8910065241883678 0.45399049973954714 0
    outer loop
      vertex -9.953097577126215 4.683572207215796 0.050000000000000044
      vertex -9.639373480482497 5.299290415118869 0.050000000000000044
      vertex -9.639373480482497 5.299290415118869 -1
    endloop
  endfacet
  facet normal -0.860742027003944 0.5090414157503707 0
    outer loop
      vertex -9.639373480482497 5.299290415118869 0.050000000000000044
      vertex -9.287607180522164 5.894094744768965 0.050000000000000044
      vertex -9.287607180522164 5.894094744768965 -1
    endloop
  endfacet
  facet normal 0.9995065603657316 -0.031410759078128896 0
    outer loop
      vertex -6.986187098997901 0.43953363670519296 1
      vertex -7 0 -1
      vertex -6.986187098997901 0.43953363670519296 -1
    endloop
  endfacet
  facet normal 0.9955619646030801 -0.09410831331851244 0
    outer loop
      vertex -6.9448029092013455 0.8773326349501285 1
      vertex -6.986187098997901 0.43953363670519296 -1
      vertex -6.9448029092013455 0.8773326349501285 -1
    endloop
  endfacet
  facet normal 0.9876883405951374 -0.156434465040233 0
    outer loop
      vertex -6.87601075510082 1.3116692021000738 1
      vertex -6.9448029092013455 0.8773326349501285 -1
      vertex -6.87601075510082 1.3116692021000738 -1
    endloop
  endfacet
  facet normal 0.9759167619387474 -0.2181432413965421 0
    outer loop
      vertex -6.87601075510082 1.3116692021000738 -1
      vertex -6.7800821279004175 1.740829210153984 -1
      vertex -6.7800821279004175 1.740829210153984 1
    endloop
  endfacet
  facet normal 0.9602936856769428 -0.2789911060392299 0
    outer loop
      vertex -6.7800821279004175 1.740829210153984 -1
      vertex -6.657395614066075 2.1631189606246317 -1
      vertex -6.657395614066075 2.1631189606246317 1
    endloop
  endfacet
  facet normal 0.9408807689542257 -0.3387379202452908 0
    outer loop
      vertex -6.657395614066075 2.1631189606246317 -1
      vertex -6.50843540121776 2.576871868792745 -1
      vertex -6.50843540121776 2.576871868792745 1
    endloop
  endfacet
  facet normal 0.9177546256839807 -0.3971478906347815 0
    outer loop
      vertex -6.50843540121776 2.576871868792745 -1
      vertex -6.333789367262137 2.980455040955507 -1
      vertex -6.333789367262137 2.980455040955507 1
    endloop
  endfacet
  facet normal 0.8910065241883682 -0.4539904997395458 0
    outer loop
      vertex -6.333789367262137 2.980455040955507 -1
      vertex -6.134146760307044 3.372275718712008 -1
      vertex -6.134146760307044 3.372275718712008 1
    endloop
  endfacet
  facet normal -0.8270805742745632 0.5620833778521288 0
    outer loop
      vertex -9.287607180522164 5.894094744768965 0.050000000000000044
      vertex -8.899186938124423 6.465637775217204 -1
      vertex -9.287607180522164 5.894094744768965 -1
    endloop
  endfacet
  facet normal 0 0 -1
    outer loop
      vertex -6.7800821279004175 1.740829210153984 -1
      vertex -7.011663887235586 8.475645670533684 -1
      vertex -6.465637775217204 8.899186938124423 -1
    endloop
  endfacet
  facet normal 0 0 -1
    outer loop
      vertex -6.50843540121776 2.576871868792745 -1
      vertex -6.465637775217204 8.899186938124423 -1
      vertex -5.894094744768965 9.287607180522164 -1
    endloop
  endfacet
  facet normal -0.7901550123756907 0.612907053652976 0
    outer loop
      vertex -8.899186938124423 6.465637775217204 0.050000000000000044
      vertex -8.475645670533684 7.011663887235586 -1
      vertex -8.899186938124423 6.465637775217204 -1
    endloop
  endfacet
  facet normal -0.7501110696304588 0.6613118653236526 0
    outer loop
      vertex -8.475645670533684 7.011663887235586 0.050000000000000044
      vertex -8.018654901635529 7.530018165215574 -1
      vertex -8.475645670533684 7.011663887235586 -1
    endloop
  endfacet
  facet normal -0.7071067811865476 0.7071067811865476 0
    outer loop
      vertex -8.018654901635529 7.530018165215574 0.050000000000000044
      vertex -7.530018165215574 8.018654901635529 -1
      vertex -8.018654901635529 7.530018165215574 -1
    endloop
  endfacet
  facet normal -0.6613118653236526 0.7501110696304588 0
    outer loop
      vertex -7.530018165215574 8.018654901635529 0.050000000000000044
      vertex -7.011663887235586 8.475645670533684 -1
      vertex -7.530018165215574 8.018654901635529 -1
    endloop
  endfacet
  facet normal -0.612907053652976 0.7901550123756907 0
    outer loop
      vertex -7.011663887235586 8.475645670533684 0.050000000000000044
      vertex -6.465637775217204 8.899186938124423 -1
      vertex -7.011663887235586 8.475645670533684 -1
    endloop
  endfacet
  facet normal -0.5620833778521288 0.8270805742745632 0
    outer loop
      vertex -6.465637775217204 8.899186938124423 0.050000000000000044
      vertex -5.894094744768965 9.287607180522164 -1
      vertex -6.465637775217204 8.899186938124423 -1
    endloop
  endfacet
  facet normal -0.8270805742745632 0.5620833778521288 0
    outer loop
      vertex -9.287607180522164 5.894094744768965 0.050000000000000044
      vertex -8.899186938124423 6.465637775217204 0.050000000000000044
      vertex -8.899186938124423 6.465637775217204 -1
    endloop
  endfacet
  facet normal -0.7901550123756907 0.612907053652976 0
    outer loop
      vertex -8.899186938124423 6.465637775217204 0.050000000000000044
      vertex -8.475645670533684 7.011663887235586 0.050000000000000044
      vertex -8.475645670533684 7.011663887235586 -1
    endloop
  endfacet
  facet normal -0.7501110696304588 0.6613118653236526 0
    outer loop
      vertex -8.475645670533684 7.011663887235586 0.050000000000000044
      vertex -8.018654901635529 7.530018165215574 0.050000000000000044
      vertex -8.018654901635529 7.530018165215574 -1
    endloop
  endfacet
  facet normal -0.7071067811865476 0.7071067811865476 0
    outer loop
      vertex -8.018654901635529 7.530018165215574 0.050000000000000044
      vertex -7.530018165215574 8.018654901635529 0.050000000000000044
      vertex -7.530018165215574 8.018654901635529 -1
    endloop
  endfacet
  facet normal -0.6613118653236526 0.7501110696304588 0
    outer loop
      vertex -7.530018165215574 8.018654901635529 0.050000000000000044
      vertex -7.011663887235586 8.475645670533684 0.050000000000000044
      vertex -7.011663887235586 8.475645670533684 -1
    endloop
  endfacet
  facet normal -0.612907053652976 0.7901550123756907 0
    outer loop
      vertex -7.011663887235586 8.475645670533684 0.050000000000000044
      vertex -6.465637775217204 8.899186938124423 0.050000000000000044
      vertex -6.465637775217204 8.899186938124423 -1
    endloop
  endfacet
  facet normal -0.5620833778521288 0.8270805742745632 0
    outer loop
      vertex -6.465637775217204 8.899186938124423 0.050000000000000044
      vertex -5.894094744768965 9.287607180522164 0.050000000000000044
      vertex -5.894094744768965 9.287607180522164 -1
    endloop
  endfacet
  facet normal 0 0 -1
    outer loop
      vertex -6.134146760307044 3.372275718712008 -1
      vertex -5.299290415118867 9.639373480482499 -1
      vertex -5.910295478514104 3.7507875648529776 -1
    endloop
  endfacet
  facet normal 0 0 -1
    outer loop
      vertex -5.910295478514104 3.7507875648529776 -1
      vertex -5.299290415118867 9.639373480482499 -1
      vertex -5.663118960624632 4.114496766047312 -1
    endloop
  endfacet
  facet normal 0.8607420270039435 -0.5090414157503715 0
    outer loop
      vertex -6.134146760307044 3.372275718712008 -1
      vertex -5.910295478514104 3.7507875648529776 -1
      vertex -5.910295478514104 3.7507875648529776 1
    endloop
  endfacet
  facet normal 0.8270805742745622 -0.56208337785213 0
    outer loop
      vertex -5.910295478514104 3.7507875648529776 -1
      vertex -5.663118960624632 4.114496766047312 -1
      vertex -5.663118960624632 4.114496766047312 1
    endloop
  endfacet
  facet normal 0.7901550123756915 -0.612907053652975 0
    outer loop
      vertex -5.663118960624632 4.114496766047312 -1
      vertex -5.393592699430526 4.461967928240828 -1
      vertex -5.393592699430526 4.461967928240828 1
    endloop
  endfacet
  facet normal 0.7501110696304583 -0.6613118653236533 0
    outer loop
      vertex -5.393592699430526 4.461967928240828 -1
      vertex -5.1027803919498815 4.79182974150082 -1
      vertex -5.1027803919498815 4.79182974150082 1
    endloop
  endfacet
  facet normal 0.7071067811865476 -0.7071067811865476 0
    outer loop
      vertex -5.1027803919498815 4.79182974150082 -1
      vertex -4.79182974150082 5.1027803919498815 -1
      vertex -4.79182974150082 5.1027803919498815 1
    endloop
  endfacet
  facet normal 0.6613118653236533 -0.7501110696304583 0
    outer loop
      vertex -4.461967928240828 5.393592699430526 -1
      vertex -4.461967928240828 5.393592699430526 1
      vertex -4.79182974150082 5.1027803919498815 -1
    endloop
  endfacet
  facet normal 0.612907053652975 -0.7901550123756915 0
    outer loop
      vertex -4.114496766047312 5.663118960624632 -1
      vertex -4.114496766047312 5.663118960624632 1
      vertex -4.461967928240828 5.393592699430526 -1
    endloop
  endfacet
  facet normal 0.56208337785213 -0.8270805742745622 0
    outer loop
      vertex -3.7507875648529776 5.910295478514104 -1
      vertex -3.7507875648529776 5.910295478514104 1
      vertex -4.114496766047312 5.663118960624632 -1
    endloop
  endfacet
  facet normal 0 0 -1
    outer loop
      vertex -5.299290415118867 9.639373480482499 -1
      vertex -5.393592699430526 4.461967928240828 -1
      vertex -5.663118960624632 4.114496766047312 -1
    endloop
  endfacet
  facet normal 0 0 -1
    outer loop
      vertex -6.134146760307044 3.372275718712008 -1
      vertex -5.894094744768965 9.287607180522164 -1
      vertex -5.299290415118867 9.639373480482499 -1
    endloop
  endfacet
  facet normal 0 0 -1
    outer loop
      vertex -5.393592699430526 4.461967928240828 -1
      vertex -4.6835722072158 9.953097577126215 -1
      vertex -5.1027803919498815 4.79182974150082 -1
    endloop
  endfacet
  facet normal 0 0 -1
    outer loop
      vertex -4.6835722072158 9.953097577126215 -1
      vertex -4.79182974150082 5.1027803919498815 -1
      vertex -5.1027803919498815 4.79182974150082 -1
    endloop
  endfacet
  facet normal 0 0 -1
    outer loop
      vertex -5.393592699430526 4.461967928240828 -1
      vertex -5.299290415118867 9.639373480482499 -1
      vertex -4.6835722072158 9.953097577126215 -1
    endloop
  endfacet
  facet normal 0 0 -1
    outer loop
      vertex -4.79182974150082 5.1027803919498815 -1
      vertex -4.6835722072158 9.953097577126215 -1
      vertex -4.049370079531457 10.227541344770765 -1
    endloop
  endfacet
  facet normal 0 0 -1
    outer loop
      vertex -4.049370079531457 10.227541344770765 -1
      vertex -4.461967928240828 5.393592699430526 -1
      vertex -4.79182974150082 5.1027803919498815 -1
    endloop
  endfacet
  facet normal 0 0 -1
    outer loop
      vertex -4.049370079531457 10.227541344770765 -1
      vertex -4.114496766047312 5.663118960624632 -1
      vertex -4.461967928240828 5.393592699430526 -1
    endloop
  endfacet
  facet normal 0 0 -1
    outer loop
      vertex -3.3991869381244215 10.461621679246688 -1
      vertex -3.7507875648529776 5.910295478514104 -1
      vertex -4.114496766047312 5.663118960624632 -1
    endloop
  endfacet
  facet normal 0 0 -1
    outer loop
      vertex -4.114496766047312 5.663118960624632 -1
      vertex -4.049370079531457 10.227541344770765 -1
      vertex -3.3991869381244215 10.461621679246688 -1
    endloop
  endfacet
  facet normal 0 0 -1
    outer loop
      vertex -3.3991869381244215 10.461621679246688 -1
      vertex -3.3722757187120065 6.134146760307045 -1
      vertex -3.7507875648529776 5.910295478514104 -1
    endloop
  endfacet
  facet normal 0 0 -1
    outer loop
      vertex -2.735588758813403 10.654414772414942 -1
      vertex -2.980455040955509 6.333789367262137 -1
      vertex -3.3722757187120065 6.134146760307045 -1
    endloop
  endfacet
  facet normal 0 0 -1
    outer loop
      vertex -3.3722757187120065 6.134146760307045 -1
      vertex -3.3991869381244215 10.461621679246688 -1
      vertex -2.735588758813403 10.654414772414942 -1
    endloop
  endfacet
  facet normal -0.5090414157503714 0.8607420270039435 0
    outer loop
      vertex -5.894094744768965 9.287607180522164 0.050000000000000044
      vertex -5.299290415118867 9.639373480482499 -1
      vertex -5.894094744768965 9.287607180522164 -1
    endloop
  endfacet
  facet normal -0.4539904997395482 0.8910065241883672 0
    outer loop
      vertex -5.299290415118867 9.639373480482499 0.050000000000000044
      vertex -4.6835722072158 9.953097577126215 -1
      vertex -5.299290415118867 9.639373480482499 -1
    endloop
  endfacet
  facet normal -0.3971478906347794 0.9177546256839817 0
    outer loop
      vertex -4.6835722072158 9.953097577126215 0.050000000000000044
      vertex -4.049370079531457 10.227541344770765 -1
      vertex -4.6835722072158 9.953097577126215 -1
    endloop
  endfacet
  facet normal -0.3387379202452907 0.9408807689542257 0
    outer loop
      vertex -4.049370079531457 10.227541344770765 0.050000000000000044
      vertex -3.3991869381244215 10.461621679246688 -1
      vertex -4.049370079531457 10.227541344770765 -1
    endloop
  endfacet
  facet normal -0.2789911060392302 0.9602936856769427 0
    outer loop
      vertex -3.3991869381244215 10.461621679246688 0.050000000000000044
      vertex -2.735588758813403 10.654414772414942 -1
      vertex -3.3991869381244215 10.461621679246688 -1
    endloop
  endfacet
  facet normal 0 0 -1
    outer loop
      vertex -2.735588758813403 10.654414772414942 -1
      vertex -2.576871868792745 6.50843540121776 -1
      vertex -2.980455040955509 6.333789367262137 -1
    endloop
  endfacet
  facet normal 0 0 -1
    outer loop
      vertex -2.0611944604429704 10.805159758015575 -1
      vertex -2.1631189606246317 6.657395614066075 -1
      vertex -2.576871868792745 6.50843540121776 -1
    endloop
  endfacet
  facet normal 0 0 -1
    outer loop
      vertex -2.0611944604429704 10.805159758015575 -1
      vertex -1.740829210153984 6.7800821279004175 -1
      vertex -2.1631189606246317 6.657395614066075 -1
    endloop
  endfacet
  facet normal 0 0 -1
    outer loop
      vertex -1.378665569207347 10.913261714459257 -1
      vertex -1.311669202100072 6.876010755100821 -1
      vertex -1.740829210153984 6.7800821279004175 -1
    endloop
  endfacet
  facet normal 0 0 -1
    outer loop
      vertex -0.6906957148224461 10.978294012710988 -1
      vertex -0.87733263495013 6.9448029092013455 -1
      vertex -1.311669202100072 6.876010755100821 -1
    endloop
  endfacet
  facet normal 0 0 -1
    outer loop
      vertex -0.6906957148224461 10.978294012710988 -1
      vertex -0.43953363670519296 6.986187098997901 -1
      vertex -0.87733263495013 6.9448029092013455 -1
    endloop
  endfacet
  facet normal 0 0 -1
    outer loop
      vertex 0 11 -1
      vertex 0 7 -1
      vertex -0.43953363670519296 6.986187098997901 -1
    endloop
  endfacet
  facet normal 0 0 -1
    outer loop
      vertex -2.576871868792745 6.50843540121776 -1
      vertex -2.735588758813403 10.654414772414942 -1
      vertex -2.0611944604429704 10.805159758015575 -1
    endloop
  endfacet
  facet normal 0 0 -1
    outer loop
      vertex -1.740829210153984 6.7800821279004175 -1
      vertex -2.0611944604429704 10.805159758015575 -1
      vertex -1.378665569207347 10.913261714459257 -1
    endloop
  endfacet
  facet normal 0 0 -1
    outer loop
      vertex -1.311669202100072 6.876010755100821 -1
      vertex -1.378665569207347 10.913261714459257 -1
      vertex -0.6906957148224461 10.978294012710988 -1
    endloop
  endfacet
  facet normal 0 0 -1
    outer loop
      vertex -0.43953363670519296 6.986187098997901 -1
      vertex -0.6906957148224461 10.978294012710988 -1
      vertex 0 11 -1
    endloop
  endfacet
  facet normal -0.21814324139654276 0.9759167619387474 0
    outer loop
      vertex -2.735588758813403 10.654414772414942 0.050000000000000044
      vertex -2.0611944604429704 10.805159758015575 -1
      vertex -2.735588758813403 10.654414772414942 -1
    endloop
  endfacet
  facet normal -0.15643446504023178 0.9876883405951375 0
    outer loop
      vertex -2.0611944604429704 10.805159758015575 0.050000000000000044
      vertex -1.378665569207347 10.913261714459257 -1
      vertex -2.0611944604429704 10.805159758015575 -1
    endloop
  endfacet
  facet normal -0.09410831331851448 0.99556196460308 0
    outer loop
      vertex -1.378665569207347 10.913261714459257 0.050000000000000044
      vertex -0.6906957148224461 10.978294012710988 -1
      vertex -1.378665569207347 10.913261714459257 -1
    endloop
  endfacet
  facet normal -0.031410759078127425 0.9995065603657316 0
    outer loop
      vertex -0.6906957148224461 10.978294012710988 0.050000000000000044
      vertex 0 11 -1
      vertex -0.6906957148224461 10.978294012710988 -1
    endloop
  endfacet
  facet normal 0.5090414157503717 -0.8607420270039434 0
    outer loop
      vertex -3.3722757187120065 6.134146760307045 -1
      vertex -3.3722757187120065 6.134146760307045 1
      vertex -3.7507875648529776 5.910295478514104 -1
    endloop
  endfacet
  facet normal 0.45399049973954714 -0.8910065241883677 0
    outer loop
      vertex -3.3722757187120065 6.134146760307045 -1
      vertex -2.980455040955509 6.333789367262137 -1
      vertex -2.980455040955509 6.333789367262137 1
    endloop
  endfacet
  facet normal -0.5090414157503714 0.8607420270039435 0
    outer loop
      vertex -5.894094744768965 9.287607180522164 0.050000000000000044
      vertex -5.299290415118867 9.639373480482499 0.050000000000000044
      vertex -5.299290415118867 9.639373480482499 -1
    endloop
  endfacet
  facet normal -0.4539904997395482 0.8910065241883672 0
    outer loop
      vertex -5.299290415118867 9.639373480482499 0.050000000000000044
      vertex -4.6835722072158 9.953097577126215 0.050000000000000044
      vertex -4.6835722072158 9.953097577126215 -1
    endloop
  endfacet
  facet normal -0.3971478906347794 0.9177546256839817 0
    outer loop
      vertex -4.6835722072158 9.953097577126215 0.050000000000000044
      vertex -4.049370079531457 10.227541344770765 0.050000000000000044
      vertex -4.049370079531457 10.227541344770765 -1
    endloop
  endfacet
  facet normal -0.3387379202452907 0.9408807689542257 0
    outer loop
      vertex -4.049370079531457 10.227541344770765 0.050000000000000044
      vertex -3.3991869381244215 10.461621679246688 0.050000000000000044
      vertex -3.3991869381244215 10.461621679246688 -1
    endloop
  endfacet
  facet normal 0.39714789063478007 -0.9177546256839815 0
    outer loop
      vertex -2.576871868792745 6.50843540121776 -1
      vertex -2.576871868792745 6.50843540121776 1
      vertex -2.980455040955509 6.333789367262137 -1
    endloop
  endfacet
  facet normal 0.3387379202452908 -0.9408807689542257 0
    outer loop
      vertex -2.1631189606246317 6.657395614066075 1
      vertex -2.576871868792745 6.50843540121776 -1
      vertex -2.1631189606246317 6.657395614066075 -1
    endloop
  endfacet
  facet normal 0.2789911060392299 -0.9602936856769428 0
    outer loop
      vertex -1.740829210153984 6.7800821279004175 -1
      vertex -1.740829210153984 6.7800821279004175 1
      vertex -2.1631189606246317 6.657395614066075 -1
    endloop
  endfacet
  facet normal 0.21814324139654315 -0.9759167619387472 0
    outer loop
      vertex -1.311669202100072 6.876010755100821 1
      vertex -1.740829210153984 6.7800821279004175 -1
      vertex -1.311669202100072 6.876010755100821 -1
    endloop
  endfacet
  facet normal 0.15643446504023217 -0.9876883405951374 0
    outer loop
      vertex -1.311669202100072 6.876010755100821 -1
      vertex -0.87733263495013 6.9448029092013455 -1
      vertex -0.87733263495013 6.9448029092013455 1
    endloop
  endfacet
  facet normal 0.0941083133185121 -0.9955619646030802 0
    outer loop
      vertex -0.43953363670519296 6.986187098997901 -1
      vertex -0.43953363670519296 6.986187098997901 1
      vertex -0.87733263495013 6.9448029092013455 -1
    endloop
  endfacet
  facet normal 0.031410759078128896 -0.9995065603657316 0
    outer loop
      vertex 0 7 1
      vertex -0.43953363670519296 6.986187098997901 -1
      vertex 0 7 -1
    endloop
  endfacet
  facet normal -0.2789911060392302 0.9602936856769427 0
    outer loop
      vertex -3.3991869381244215 10.461621679246688 0.050000000000000044
      vertex -2.735588758813403 10.654414772414942 0.050000000000000044
      vertex -2.735588758813403 10.654414772414942 -1
    endloop
  endfacet
  facet normal -0.21814324139654276 0.9759167619387474 0
    outer loop
      vertex -2.735588758813403 10.654414772414942 0.050000000000000044
      vertex -2.0611944604429704 10.805159758015575 0.050000000000000044
      vertex -2.0611944604429704 10.805159758015575 -1
    endloop
  endfacet
  facet normal -0.15643446504023178 0.9876883405951375 0
    outer loop
      vertex -2.0611944604429704 10.805159758015575 0.050000000000000044
      vertex -1.378665569207347 10.913261714459257 0.050000000000000044
      vertex -1.378665569207347 10.913261714459257 -1
    endloop
  endfacet
  facet normal -0.09410831331851448 0.99556196460308 0
    outer loop
      vertex -1.378665569207347 10.913261714459257 0.050000000000000044
      vertex -0.6906957148224461 10.978294012710988 0.050000000000000044
      vertex -0.6906957148224461 10.978294012710988 -1
    endloop
  endfacet
  facet normal -0.031410759078127425 0.9995065603657316 0
    outer loop
      vertex -0.6906957148224461 10.978294012710988 0.050000000000000044
      vertex 0 11 0.050000000000000044
      vertex 0 11 -1
    endloop
  endfacet
  facet normal 0 0 -1
    outer loop
      vertex -11.976320741139258 -0.7534862343517593 0.050000000000000044
      vertex -12 0 0.050000000000000044
      vertex -11.976320741139258 0.7534862343517593 0.050000000000000044
    endloop
  endfacet
  facet normal 0 0 -1
    outer loop
      vertex -11.976320741139258 0.7534862343517593 0.050000000000000044
      vertex -11.905376415773734 1.5039988027716489 0.050000000000000044
      vertex -11.787447008744262 -2.248575775028698 0.050000000000000044
    endloop
  endfacet
  facet normal 0 0 -1
    outer loop
      vertex -11.787447008744262 2.248575775028698 0.050000000000000044
      vertex -11.622997933543573 -2.984278645978258 0.050000000000000044
      vertex -11.905376415773734 1.5039988027716489 0.050000000000000044
    endloop
  endfacet
  facet normal 0 0 -1
    outer loop
      vertex -11.787447008744262 2.248575775028698 0.050000000000000044
      vertex -11.622997933543573 2.984278645978258 0.050000000000000044
      vertex -11.412678195541842 -3.7082039324993685 0.050000000000000044
    endloop
  endfacet
  facet normal 0 0 -1
    outer loop
      vertex -11.622997933543573 2.984278645978258 0.050000000000000044
      vertex -11.412678195541842 3.7082039324993685 0.050000000000000044
      vertex -11.157317830659018 -4.417494632216134 0.050000000000000044
    endloop
  endfacet
  facet normal 0 0 -1
    outer loop
      vertex -11 0 0.050000000000000044
      vertex -11.412678195541842 3.7082039324993685 0.050000000000000044
      vertex -10.978294012710988 0.6906957148224461 0.050000000000000044
    endloop
  endfacet
  facet normal 0 0 -1
    outer loop
      vertex -10.978294012710988 0.6906957148224461 0.050000000000000044
      vertex -11.412678195541842 3.7082039324993685 0.050000000000000044
      vertex -10.913261714459257 1.3786655692073446 0.050000000000000044
    endloop
  endfacet
  facet normal 0 0 -1
    outer loop
      vertex -10.913261714459257 1.3786655692073446 0.050000000000000044
      vertex -11.157317830659018 4.417494632216134 0.050000000000000044
      vertex -10.805159758015575 2.061194460442973 0.050000000000000044
    endloop
  endfacet
  facet normal -0.9995065603657316 0.03141075907812957 0
    outer loop
      vertex -11.976320741139258 0.7534862343517593 1
      vertex -11.976320741139258 0.7534862343517593 0.050000000000000044
      vertex -12 0 0.050000000000000044
    endloop
  endfacet
  facet normal -0.9955619646030801 0.09410831331851309 0
    outer loop
      vertex -11.905376415773734 1.5039988027716489 1
      vertex -11.905376415773734 1.5039988027716489 0.050000000000000044
      vertex -11.976320741139258 0.7534862343517593 0.050000000000000044
    endloop
  endfacet
  facet normal -0.9876883405951374 0.15643446504023234 0
    outer loop
      vertex -11.787447008744262 2.248575775028698 1
      vertex -11.787447008744262 2.248575775028698 0.050000000000000044
      vertex -11.905376415773734 1.5039988027716489 0.050000000000000044
    endloop
  endfacet
  facet normal -0.9759167619387477 0.21814324139654148 0
    outer loop
      vertex -11.622997933543573 2.984278645978258 1
      vertex -11.622997933543573 2.984278645978258 0.050000000000000044
      vertex -11.787447008744262 2.248575775028698 0.050000000000000044
    endloop
  endfacet
  facet normal 0 0 -1
    outer loop
      vertex -10.913261714459257 1.3786655692073446 0.050000000000000044
      vertex -11.412678195541842 3.7082039324993685 0.050000000000000044
      vertex -11.157317830659018 4.417494632216134 0.050000000000000044
    endloop
  endfacet
  facet normal 0 0 -1
    outer loop
      vertex -10.805159758015575 2.061194460442973 0.050000000000000044
      vertex -11.157317830659018 4.417494632216134 0.050000000000000044
      vertex -10.654414772414942 2.735588758813403 0.050000000000000044
    endloop
  endfacet
  facet normal 0 0 -1
    outer loop
      vertex -10.654414772414942 2.735588758813403 0.050000000000000044
      vertex -11.157317830659018 4.417494632216134 0.050000000000000044
      vertex -10.461621679246688 3.3991869381244215 0.050000000000000044
    endloop
  endfacet
  facet normal 0 0 -1
    outer loop
      vertex -10.461621679246688 3.3991869381244215 0.050000000000000044
      vertex -11.157317830659018 4.417494632216134 0.050000000000000044
      vertex -10.857924629592235 5.109351498780869 0.050000000000000044
    endloop
  endfacet
  facet normal 0 0 -1
    outer loop
      vertex -10.461621679246688 3.3991869381244215 0.050000000000000044
      vertex -10.857924629592235 5.109351498780869 0.050000000000000044
      vertex -10.227541344770765 4.049370079531457 0.050000000000000044
    endloop
  endfacet
  facet normal 0 0 -1
    outer loop
      vertex -10.227541344770765 4.049370079531457 0.050000000000000044
      vertex -10.857924629592235 5.109351498780869 0.050000000000000044
      vertex -10.515680160526362 5.781044089220584 0.050000000000000044
    endloop
  endfacet
  facet normal 0 0 -1
    outer loop
      vertex -10.227541344770765 4.049370079531457 0.050000000000000044
      vertex -10.515680160526362 5.781044089220584 0.050000000000000044
      vertex -9.953097577126215 4.683572207215796 0.050000000000000044
    endloop
  endfacet
  facet normal 0 0 -1
    outer loop
      vertex -9.953097577126215 4.683572207215796 0.050000000000000044
      vertex -10.515680160526362 5.781044089220584 0.050000000000000044
      vertex -10.13193510602418 6.429921539747961 0.050000000000000044
    endloop
  endfacet
  facet normal 0 0 -1
    outer loop
      vertex -9.953097577126215 4.683572207215796 0.050000000000000044
      vertex -10.13193510602418 6.429921539747961 0.050000000000000044
      vertex -9.639373480482497 5.299290415118869 0.050000000000000044
    endloop
  endfacet
  facet normal 0 0 -1
    outer loop
      vertex -9.639373480482497 5.299290415118869 0.050000000000000044
      vertex -10.13193510602418 6.429921539747961 0.050000000000000044
      vertex -9.287607180522164 5.894094744768965 0.050000000000000044
    endloop
  endfacet
  facet normal -0.9602936856769428 0.2789911060392302 0
    outer loop
      vertex -11.412678195541842 3.7082039324993685 1
      vertex -11.412678195541842 3.7082039324993685 0.050000000000000044
      vertex -11.622997933543573 2.984278645978258 0.050000000000000044
    endloop
  endfacet
  facet normal -0.9408807689542262 0.33873792024528937 0
    outer loop
      vertex -11.157317830659018 4.417494632216134 1
      vertex -11.157317830659018 4.417494632216134 0.050000000000000044
      vertex -11.412678195541842 3.7082039324993685 0.050000000000000044
    endloop
  endfacet
  facet normal -0.9177546256839808 0.3971478906347818 0
    outer loop
      vertex -10.857924629592235 5.109351498780869 1
      vertex -10.857924629592235 5.109351498780869 0.050000000000000044
      vertex -11.157317830659018 4.417494632216134 0.050000000000000044
    endloop
  endfacet
  facet normal -0.8910065241883678 0.453990499739547 0
    outer loop
      vertex -10.515680160526362 5.781044089220584 1
      vertex -10.515680160526362 5.781044089220584 0.050000000000000044
      vertex -10.857924629592235 5.109351498780869 0.050000000000000044
    endloop
  endfacet
  facet normal 0.9995065603657316 -0.031410759078128896 0
    outer loop
      vertex -6.986187098997901 0.43953363670519296 1
      vertex -7 0 1
      vertex -7 0 -1
    endloop
  endfacet
  facet normal 0.9955619646030801 -0.09410831331851244 0
    outer loop
      vertex -6.9448029092013455 0.8773326349501285 1
      vertex -6.986187098997901 0.43953363670519296 1
      vertex -6.986187098997901 0.43953363670519296 -1
    endloop
  endfacet
  facet normal 0.9876883405951374 -0.156434465040233 0
    outer loop
      vertex -6.87601075510082 1.3116692021000738 1
      vertex -6.9448029092013455 0.8773326349501285 1
      vertex -6.9448029092013455 0.8773326349501285 -1
    endloop
  endfacet
  facet normal 0.9759167619387474 -0.2181432413965421 0
    outer loop
      vertex -6.7800821279004175 1.740829210153984 1
      vertex -6.87601075510082 1.3116692021000738 1
      vertex -6.87601075510082 1.3116692021000738 -1
    endloop
  endfacet
  facet normal 0.9602936856769428 -0.2789911060392299 0
    outer loop
      vertex -6.7800821279004175 1.740829210153984 -1
      vertex -6.657395614066075 2.1631189606246317 1
      vertex -6.7800821279004175 1.740829210153984 1
    endloop
  endfacet
  facet normal 0.9408807689542257 -0.3387379202452908 0
    outer loop
      vertex -6.657395614066075 2.1631189606246317 -1
      vertex -6.50843540121776 2.576871868792745 1
      vertex -6.657395614066075 2.1631189606246317 1
    endloop
  endfacet
  facet normal 0.9177546256839807 -0.3971478906347815 0
    outer loop
      vertex -6.333789367262137 2.980455040955507 1
      vertex -6.50843540121776 2.576871868792745 1
      vertex -6.50843540121776 2.576871868792745 -1
    endloop
  endfacet
  facet normal 0.8910065241883682 -0.4539904997395458 0
    outer loop
      vertex -6.134146760307044 3.372275718712008 1
      vertex -6.333789367262137 2.980455040955507 1
      vertex -6.333789367262137 2.980455040955507 -1
    endloop
  endfacet
  facet normal 0.8607420270039435 -0.5090414157503715 0
    outer loop
      vertex -6.134146760307044 3.372275718712008 -1
      vertex -5.910295478514104 3.7507875648529776 1
      vertex -6.134146760307044 3.372275718712008 1
    endloop
  endfacet
  facet normal -0.9995065603657316 0.03141075907812957 0
    outer loop
      vertex -12 0 1
      vertex -11.976320741139258 0.7534862343517593 1
      vertex -12 0 0.050000000000000044
    endloop
  endfacet
  facet normal -0.9955619646030801 0.09410831331851309 0
    outer loop
      vertex -11.976320741139258 0.7534862343517593 1
      vertex -11.905376415773734 1.5039988027716489 1
      vertex -11.976320741139258 0.7534862343517593 0.050000000000000044
    endloop
  endfacet
  facet normal -0.9876883405951374 0.15643446504023234 0
    outer loop
      vertex -11.905376415773734 1.5039988027716489 1
      vertex -11.787447008744262 2.248575775028698 1
      vertex -11.905376415773734 1.5039988027716489 0.050000000000000044
    endloop
  endfacet
  facet normal -0.9759167619387477 0.21814324139654148 0
    outer loop
      vertex -11.787447008744262 2.248575775028698 1
      vertex -11.622997933543573 2.984278645978258 1
      vertex -11.787447008744262 2.248575775028698 0.050000000000000044
    endloop
  endfacet
  facet normal 0 0 1
    outer loop
      vertex -11.976320741139258 -0.7534862343517593 1
      vertex -11.976320741139258 0.7534862343517593 1
      vertex -12 0 1
    endloop
  endfacet
  facet normal 0 0 1
    outer loop
      vertex -11.905376415773734 -1.5039988027716489 1
      vertex -11.905376415773734 1.5039988027716489 1
      vertex -11.976320741139258 0.7534862343517593 1
    endloop
  endfacet
  facet normal 0 0 1
    outer loop
      vertex -11.787447008744262 -2.248575775028698 1
      vertex -11.787447008744262 2.248575775028698 1
      vertex -11.905376415773734 1.5039988027716489 1
    endloop
  endfacet
  facet normal 0 0 1
    outer loop
      vertex -11.622997933543573 -2.984278645978258 1
      vertex -11.622997933543573 2.984278645978258 1
      vertex -11.787447008744262 2.248575775028698 1
    endloop
  endfacet
  facet normal 0 0 1
    outer loop
      vertex -11.412678195541842 -3.7082039324993685 1
      vertex -11.412678195541842 3.7082039324993685 1
      vertex -11.622997933543573 2.984278645978258 1
    endloop
  endfacet
  facet normal 0 0 1
    outer loop
      vertex -11.157317830659018 -4.417494632216134 1
      vertex -11.157317830659018 4.417494632216134 1
      vertex -11.412678195541842 3.7082039324993685 1
    endloop
  endfacet
  facet normal 0 0 1
    outer loop
      vertex -10.857924629592235 -5.109351498780869 1
      vertex -10.857924629592235 5.109351498780869 1
      vertex -11.157317830659018 4.417494632216134 1
    endloop
  endfacet
  facet normal 0 0 1
    outer loop
      vertex -10.515680160526362 -5.781044089220584 1
      vertex -10.515680160526362 5.781044089220584 1
      vertex -10.857924629592235 5.109351498780869 1
    endloop
  endfacet
  facet normal 0 0 1
    outer loop
      vertex -10.13193510602418 -6.429921539747961 1
      vertex -10.13193510602418 6.429921539747961 1
      vertex -10.515680160526362 5.781044089220584 1
    endloop
  endfacet
  facet normal 0 0 1
    outer loop
      vertex -9.70820393249937 -7.053423027509678 1
      vertex -9.70820393249937 7.053423027509678 1
      vertex -10.13193510602418 6.429921539747961 1
    endloop
  endfacet
  facet normal 0 0 1
    outer loop
      vertex -9.246158913309472 -7.649087876984275 1
      vertex -9.246158913309472 7.649087876984275 1
      vertex -9.70820393249937 7.053423027509678 1
    endloop
  endfacet
  facet normal -0.9602936856769428 0.2789911060392302 0
    outer loop
      vertex -11.622997933543573 2.984278645978258 1
      vertex -11.412678195541842 3.7082039324993685 1
      vertex -11.622997933543573 2.984278645978258 0.050000000000000044
    endloop
  endfacet
  facet normal -0.9408807689542262 0.33873792024528937 0
    outer loop
      vertex -11.412678195541842 3.7082039324993685 1
      vertex -11.157317830659018 4.417494632216134 1
      vertex -11.412678195541842 3.7082039324993685 0.050000000000000044
    endloop
  endfacet
  facet normal -0.9177546256839808 0.3971478906347818 0
    outer loop
      vertex -11.157317830659018 4.417494632216134 1
      vertex -10.857924629592235 5.109351498780869 1
      vertex -11.157317830659018 4.417494632216134 0.050000000000000044
    endloop
  endfacet
  facet normal -0.8910065241883678 0.453990499739547 0
    outer loop
      vertex -10.857924629592235 5.109351498780869 1
      vertex -10.515680160526362 5.781044089220584 1
      vertex -10.857924629592235 5.109351498780869 0.050000000000000044
    endloop
  endfacet
  facet normal -0.8607420270039442 0.5090414157503703 0
    outer loop
      vertex -10.515680160526362 5.781044089220584 1
      vertex -10.13193510602418 6.429921539747961 1
      vertex -10.515680160526362 5.781044089220584 0.050000000000000044
    endloop
  endfacet
  facet normal 0 0 1
    outer loop
      vertex -8.74762352905694 -8.214565271144263 1
      vertex -8.74762352905694 8.214565271144263 1
      vertex -9.246158913309472 7.649087876984275 1
    endloop
  endfacet
  facet normal 0 0 1
    outer loop
      vertex -8.214565271144263 -8.74762352905694 1
      vertex -8.214565271144263 8.74762352905694 1
      vertex -8.74762352905694 8.214565271144263 1
    endloop
  endfacet
  facet normal 0 0 1
    outer loop
      vertex -7.649087876984275 -9.246158913309472 1
      vertex -7.649087876984275 9.246158913309472 1
      vertex -8.214565271144263 8.74762352905694 1
    endloop
  endfacet
  facet normal 0 0 1
    outer loop
      vertex -7.053423027509678 -9.70820393249937 1
      vertex -7 0 1
      vertex -7.053423027509678 9.70820393249937 1
    endloop
  endfacet
  facet normal 0 0 1
    outer loop
      vertex -7.053423027509678 -9.70820393249937 1
      vertex -7.053423027509678 9.70820393249937 1
      vertex -7.649087876984275 9.246158913309472 1
    endloop
  endfacet
  facet normal 0 0 1
    outer loop
      vertex -7.053423027509678 9.70820393249937 1
      vertex -7 0 1
      vertex -6.986187098997901 0.43953363670519296 1
    endloop
  endfacet
  facet normal 0 0 1
    outer loop
      vertex -7.053423027509678 9.70820393249937 1
      vertex -6.986187098997901 0.43953363670519296 1
      vertex -6.9448029092013455 0.8773326349501285 1
    endloop
  endfacet
  facet normal 0 0 1
    outer loop
      vertex -7.053423027509678 9.70820393249937 1
      vertex -6.9448029092013455 0.8773326349501285 1
      vertex -6.87601075510082 1.3116692021000738 1
    endloop
  endfacet
  facet normal 0 0 1
    outer loop
      vertex -7.053423027509678 9.70820393249937 1
      vertex -6.87601075510082 1.3116692021000738 1
      vertex -6.7800821279004175 1.740829210153984 1
    endloop
  endfacet
  facet normal 0 0 1
    outer loop
      vertex -7.053423027509678 9.70820393249937 1
      vertex -6.7800821279004175 1.740829210153984 1
      vertex -6.657395614066075 2.1631189606246317 1
    endloop
  endfacet
  facet normal 0 0 1
    outer loop
      vertex -7.053423027509678 9.70820393249937 1
      vertex -6.657395614066075 2.1631189606246317 1
      vertex -6.50843540121776 2.576871868792745 1
    endloop
  endfacet
  facet normal 0 0 1
    outer loop
      vertex -7.053423027509678 9.70820393249937 1
      vertex -6.50843540121776 2.576871868792745 1
      vertex -6.333789367262137 2.980455040955507 1
    endloop
  endfacet
  facet normal 0 0 1
    outer loop
      vertex -6.429921539747961 10.13193510602418 1
      vertex -6.333789367262137 2.980455040955507 1
      vertex -6.134146760307044 3.372275718712008 1
    endloop
  endfacet
  facet normal 0 0 1
    outer loop
      vertex -6.429921539747961 10.13193510602418 1
      vertex -6.134146760307044 3.372275718712008 1
      vertex -5.910295478514104 3.7507875648529776 1
    endloop
  endfacet
  facet normal 0 0 1
    outer loop
      vertex -6.429921539747961 10.13193510602418 1
      vertex -5.910295478514104 3.7507875648529776 1
      vertex -5.663118960624632 4.114496766047312 1
    endloop
  endfacet
  facet normal 0 0 -1
    outer loop
      vertex -9.287607180522164 5.894094744768965 0.050000000000000044
      vertex -10.13193510602418 6.429921539747961 0.050000000000000044
      vertex -9.70820393249937 7.053423027509678 0.050000000000000044
    endloop
  endfacet
  facet normal 0 0 -1
    outer loop
      vertex -9.287607180522164 5.894094744768965 0.050000000000000044
      vertex -9.70820393249937 7.053423027509678 0.050000000000000044
      vertex -8.899186938124423 6.465637775217204 0.050000000000000044
    endloop
  endfacet
  facet normal 0 0 -1
    outer loop
      vertex -8.899186938124423 6.465637775217204 0.050000000000000044
      vertex -9.70820393249937 7.053423027509678 0.050000000000000044
      vertex -9.246158913309472 7.649087876984275 0.050000000000000044
    endloop
  endfacet
  facet normal -0.8607420270039442 0.5090414157503703 0
    outer loop
      vertex -10.13193510602418 6.429921539747961 1
      vertex -10.13193510602418 6.429921539747961 0.050000000000000044
      vertex -10.515680160526362 5.781044089220584 0.050000000000000044
    endloop
  endfacet
  facet normal -0.8270805742745618 0.5620833778521305 0
    outer loop
      vertex -9.70820393249937 7.053423027509678 1
      vertex -9.70820393249937 7.053423027509678 0.050000000000000044
      vertex -10.13193510602418 6.429921539747961 0.050000000000000044
    endloop
  endfacet
  facet normal -0.7901550123756903 0.6129070536529768 0
    outer loop
      vertex -9.246158913309472 7.649087876984275 1
      vertex -9.246158913309472 7.649087876984275 0.050000000000000044
      vertex -9.70820393249937 7.053423027509678 0.050000000000000044
    endloop
  endfacet
  facet normal 0 0 -1
    outer loop
      vertex -8.899186938124423 6.465637775217204 0.050000000000000044
      vertex -9.246158913309472 7.649087876984275 0.050000000000000044
      vertex -8.475645670533684 7.011663887235586 0.050000000000000044
    endloop
  endfacet
  facet normal 0 0 -1
    outer loop
      vertex -8.475645670533684 7.011663887235586 0.050000000000000044
      vertex -9.246158913309472 7.649087876984275 0.050000000000000044
      vertex -8.74762352905694 8.214565271144263 0.050000000000000044
    endloop
  endfacet
  facet normal 0 0 -1
    outer loop
      vertex -8.475645670533684 7.011663887235586 0.050000000000000044
      vertex -8.74762352905694 8.214565271144263 0.050000000000000044
      vertex -8.018654901635529 7.530018165215574 0.050000000000000044
    endloop
  endfacet
  facet normal 0 0 -1
    outer loop
      vertex -8.018654901635529 7.530018165215574 0.050000000000000044
      vertex -8.74762352905694 8.214565271144263 0.050000000000000044
      vertex -7.530018165215574 8.018654901635529 0.050000000000000044
    endloop
  endfacet
  facet normal 0 0 -1
    outer loop
      vertex -7.530018165215574 8.018654901635529 0.050000000000000044
      vertex -8.74762352905694 8.214565271144263 0.050000000000000044
      vertex -8.214565271144263 8.74762352905694 0.050000000000000044
    endloop
  endfacet
  facet normal 0 0 -1
    outer loop
      vertex -7.530018165215574 8.018654901635529 0.050000000000000044
      vertex -8.214565271144263 8.74762352905694 0.050000000000000044
      vertex -7.011663887235586 8.475645670533684 0.050000000000000044
    endloop
  endfacet
  facet normal 0 0 -1
    outer loop
      vertex -7.011663887235586 8.475645670533684 0.050000000000000044
      vertex -8.214565271144263 8.74762352905694 0.050000000000000044
      vertex -7.649087876984275 9.246158913309472 0.050000000000000044
    endloop
  endfacet
  facet normal 0 0 -1
    outer loop
      vertex -7.011663887235586 8.475645670533684 0.050000000000000044
      vertex -7.649087876984275 9.246158913309472 0.050000000000000044
      vertex -6.465637775217204 8.899186938124423 0.050000000000000044
    endloop
  endfacet
  facet normal -0.7501110696304597 0.6613118653236516 0
    outer loop
      vertex -8.74762352905694 8.214565271144263 1
      vertex -8.74762352905694 8.214565271144263 0.050000000000000044
      vertex -9.246158913309472 7.649087876984275 0.050000000000000044
    endloop
  endfacet
  facet normal -0.7071067811865475 0.7071067811865475 0
    outer loop
      vertex -8.214565271144263 8.74762352905694 1
      vertex -8.214565271144263 8.74762352905694 0.050000000000000044
      vertex -8.74762352905694 8.214565271144263 0.050000000000000044
    endloop
  endfacet
  facet normal 0 0 -1
    outer loop
      vertex -6.465637775217204 8.899186938124423 0.050000000000000044
      vertex -7.649087876984275 9.246158913309472 0.050000000000000044
      vertex -7.053423027509678 9.70820393249937 0.050000000000000044
    endloop
  endfacet
  facet normal 0 0 -1
    outer loop
      vertex -6.465637775217204 8.899186938124423 0.050000000000000044
      vertex -7.053423027509678 9.70820393249937 0.050000000000000044
      vertex -5.894094744768965 9.287607180522164 0.050000000000000044
    endloop
  endfacet
  facet normal 0 0 -1
    outer loop
      vertex -5.894094744768965 9.287607180522164 0.050000000000000044
      vertex -7.053423027509678 9.70820393249937 0.050000000000000044
      vertex -6.429921539747961 10.13193510602418 0.050000000000000044
    endloop
  endfacet
  facet normal -0.6613118653236516 0.7501110696304597 0
    outer loop
      vertex -7.649087876984275 9.246158913309472 1
      vertex -7.649087876984275 9.246158913309472 0.050000000000000044
      vertex -8.214565271144263 8.74762352905694 0.050000000000000044
    endloop
  endfacet
  facet normal -0.6129070536529768 0.7901550123756903 0
    outer loop
      vertex -7.053423027509678 9.70820393249937 1
      vertex -7.053423027509678 9.70820393249937 0.050000000000000044
      vertex -7.649087876984275 9.246158913309472 0.050000000000000044
    endloop
  endfacet
  facet normal -0.5620833778521305 0.8270805742745618 0
    outer loop
      vertex -6.429921539747961 10.13193510602418 1
      vertex -6.429921539747961 10.13193510602418 0.050000000000000044
      vertex -7.053423027509678 9.70820393249937 0.050000000000000044
    endloop
  endfacet
  facet normal -0.8270805742745618 0.5620833778521305 0
    outer loop
      vertex -10.13193510602418 6.429921539747961 1
      vertex -9.70820393249937 7.053423027509678 1
      vertex -10.13193510602418 6.429921539747961 0.050000000000000044
    endloop
  endfacet
  facet normal -0.7901550123756903 0.6129070536529768 0
    outer loop
      vertex -9.70820393249937 7.053423027509678 1
      vertex -9.246158913309472 7.649087876984275 1
      vertex -9.70820393249937 7.053423027509678 0.050000000000000044
    endloop
  endfacet
  facet normal -0.7501110696304597 0.6613118653236516 0
    outer loop
      vertex -9.246158913309472 7.649087876984275 1
      vertex -8.74762352905694 8.214565271144263 1
      vertex -9.246158913309472 7.649087876984275 0.050000000000000044
    endloop
  endfacet
  facet normal -0.7071067811865475 0.7071067811865475 0
    outer loop
      vertex -8.74762352905694 8.214565271144263 1
      vertex -8.214565271144263 8.74762352905694 1
      vertex -8.74762352905694 8.214565271144263 0.050000000000000044
    endloop
  endfacet
  facet normal -0.6613118653236516 0.7501110696304597 0
    outer loop
      vertex -8.214565271144263 8.74762352905694 1
      vertex -7.649087876984275 9.246158913309472 1
      vertex -8.214565271144263 8.74762352905694 0.050000000000000044
    endloop
  endfacet
  facet normal 0 0 1
    outer loop
      vertex -7.053423027509678 9.70820393249937 1
      vertex -6.333789367262137 2.980455040955507 1
      vertex -6.429921539747961 10.13193510602418 1
    endloop
  endfacet
  facet normal -0.6129070536529768 0.7901550123756903 0
    outer loop
      vertex -7.649087876984275 9.246158913309472 1
      vertex -7.053423027509678 9.70820393249937 1
      vertex -7.649087876984275 9.246158913309472 0.050000000000000044
    endloop
  endfacet
  facet normal -0.5620833778521305 0.8270805742745618 0
    outer loop
      vertex -7.053423027509678 9.70820393249937 1
      vertex -6.429921539747961 10.13193510602418 1
      vertex -7.053423027509678 9.70820393249937 0.050000000000000044
    endloop
  endfacet
  facet normal -0.5090414157503711 0.8607420270039438 0
    outer loop
      vertex -6.429921539747961 10.13193510602418 1
      vertex -5.7810440892205825 10.515680160526363 1
      vertex -6.429921539747961 10.13193510602418 0.050000000000000044
    endloop
  endfacet
  facet normal 0.8270805742745622 -0.56208337785213 0
    outer loop
      vertex -5.663118960624632 4.114496766047312 1
      vertex -5.910295478514104 3.7507875648529776 1
      vertex -5.910295478514104 3.7507875648529776 -1
    endloop
  endfacet
  facet normal 0.7901550123756915 -0.612907053652975 0
    outer loop
      vertex -5.393592699430526 4.461967928240828 1
      vertex -5.663118960624632 4.114496766047312 1
      vertex -5.663118960624632 4.114496766047312 -1
    endloop
  endfacet
  facet normal 0.7501110696304583 -0.6613118653236533 0
    outer loop
      vertex -5.393592699430526 4.461967928240828 -1
      vertex -5.1027803919498815 4.79182974150082 1
      vertex -5.393592699430526 4.461967928240828 1
    endloop
  endfacet
  facet normal 0.7071067811865476 -0.7071067811865476 0
    outer loop
      vertex -4.79182974150082 5.1027803919498815 1
      vertex -5.1027803919498815 4.79182974150082 1
      vertex -5.1027803919498815 4.79182974150082 -1
    endloop
  endfacet
  facet normal 0.6613118653236533 -0.7501110696304583 0
    outer loop
      vertex -4.79182974150082 5.1027803919498815 -1
      vertex -4.461967928240828 5.393592699430526 1
      vertex -4.79182974150082 5.1027803919498815 1
    endloop
  endfacet
  facet normal 0.612907053652975 -0.7901550123756915 0
    outer loop
      vertex -4.114496766047312 5.663118960624632 1
      vertex -4.461967928240828 5.393592699430526 1
      vertex -4.461967928240828 5.393592699430526 -1
    endloop
  endfacet
  facet normal 0.56208337785213 -0.8270805742745622 0
    outer loop
      vertex -4.114496766047312 5.663118960624632 -1
      vertex -3.7507875648529776 5.910295478514104 1
      vertex -4.114496766047312 5.663118960624632 1
    endloop
  endfacet
  facet normal 0.5090414157503717 -0.8607420270039434 0
    outer loop
      vertex -3.3722757187120065 6.134146760307045 1
      vertex -3.7507875648529776 5.910295478514104 1
      vertex -3.7507875648529776 5.910295478514104 -1
    endloop
  endfacet
  facet normal 0.45399049973954714 -0.8910065241883677 0
    outer loop
      vertex -3.3722757187120065 6.134146760307045 -1
      vertex -2.980455040955509 6.333789367262137 1
      vertex -3.3722757187120065 6.134146760307045 1
    endloop
  endfacet
  facet normal 0 0 -1
    outer loop
      vertex -5.894094744768965 9.287607180522164 0.050000000000000044
      vertex -6.429921539747961 10.13193510602418 0.050000000000000044
      vertex -5.299290415118867 9.639373480482499 0.050000000000000044
    endloop
  endfacet
  facet normal 0 0 -1
    outer loop
      vertex -5.299290415118867 9.639373480482499 0.050000000000000044
      vertex -6.429921539747961 10.13193510602418 0.050000000000000044
      vertex -5.7810440892205825 10.515680160526363 0.050000000000000044
    endloop
  endfacet
  facet normal 0 0 -1
    outer loop
      vertex -5.299290415118867 9.639373480482499 0.050000000000000044
      vertex -5.7810440892205825 10.515680160526363 0.050000000000000044
      vertex -4.6835722072158 9.953097577126215 0.050000000000000044
    endloop
  endfacet
  facet normal 0 0 -1
    outer loop
      vertex -4.6835722072158 9.953097577126215 0.050000000000000044
      vertex -5.7810440892205825 10.515680160526363 0.050000000000000044
      vertex -5.109351498780873 10.857924629592233 0.050000000000000044
    endloop
  endfacet
  facet normal 0 0 -1
    outer loop
      vertex -4.6835722072158 9.953097577126215 0.050000000000000044
      vertex -5.109351498780873 10.857924629592233 0.050000000000000044
      vertex -4.049370079531457 10.227541344770765 0.050000000000000044
    endloop
  endfacet
  facet normal 0 0 -1
    outer loop
      vertex -4.049370079531457 10.227541344770765 0.050000000000000044
      vertex -5.109351498780873 10.857924629592233 0.050000000000000044
      vertex -4.417494632216135 11.157317830659018 0.050000000000000044
    endloop
  endfacet
  facet normal 0 0 -1
    outer loop
      vertex -4.049370079531457 10.227541344770765 0.050000000000000044
      vertex -4.417494632216135 11.157317830659018 0.050000000000000044
      vertex -3.3991869381244215 10.461621679246688 0.050000000000000044
    endloop
  endfacet
  facet normal 0 0 -1
    outer loop
      vertex -3.3991869381244215 10.461621679246688 0.050000000000000044
      vertex -4.417494632216135 11.157317830659018 0.050000000000000044
      vertex -3.7082039324993685 11.412678195541842 0.050000000000000044
    endloop
  endfacet
  facet normal 0 0 -1
    outer loop
      vertex -3.3991869381244215 10.461621679246688 0.050000000000000044
      vertex -3.7082039324993685 11.412678195541842 0.050000000000000044
      vertex -2.735588758813403 10.654414772414942 0.050000000000000044
    endloop
  endfacet
  facet normal 0 0 -1
    outer loop
      vertex -2.735588758813403 10.654414772414942 0.050000000000000044
      vertex -3.7082039324993685 11.412678195541842 0.050000000000000044
      vertex -2.984278645978258 11.622997933543573 0.050000000000000044
    endloop
  endfacet
  facet normal -0.5090414157503711 0.8607420270039438 0
    outer loop
      vertex -5.7810440892205825 10.515680160526363 1
      vertex -5.7810440892205825 10.515680160526363 0.050000000000000044
      vertex -6.429921539747961 10.13193510602418 0.050000000000000044
    endloop
  endfacet
  facet normal -0.453990499739546 0.8910065241883681 0
    outer loop
      vertex -5.109351498780873 10.857924629592233 1
      vertex -5.109351498780873 10.857924629592233 0.050000000000000044
      vertex -5.7810440892205825 10.515680160526363 0.050000000000000044
    endloop
  endfacet
  facet normal -0.39714789063478245 0.9177546256839804 3.7130335356972554e-16
    outer loop
      vertex -4.417494632216134 11.157317830659018 1
      vertex -4.417494632216135 11.157317830659018 0.050000000000000044
      vertex -5.109351498780873 10.857924629592233 0.050000000000000044
    endloop
  endfacet
  facet normal -0.338737920245289 0.9408807689542263 0
    outer loop
      vertex -3.7082039324993685 11.412678195541842 1
      vertex -3.7082039324993685 11.412678195541842 0.050000000000000044
      vertex -4.417494632216135 11.157317830659018 0.050000000000000044
    endloop
  endfacet
  facet normal -0.2789911060392302 0.9602936856769428 0
    outer loop
      vertex -2.984278645978258 11.622997933543573 1
      vertex -2.984278645978258 11.622997933543573 0.050000000000000044
      vertex -3.7082039324993685 11.412678195541842 0.050000000000000044
    endloop
  endfacet
  facet normal 0.39714789063478007 -0.9177546256839815 0
    outer loop
      vertex -2.980455040955509 6.333789367262137 1
      vertex -2.980455040955509 6.333789367262137 -1
      vertex -2.576871868792745 6.50843540121776 1
    endloop
  endfacet
  facet normal 0.3387379202452908 -0.9408807689542257 0
    outer loop
      vertex -2.576871868792745 6.50843540121776 -1
      vertex -2.1631189606246317 6.657395614066075 1
      vertex -2.576871868792745 6.50843540121776 1
    endloop
  endfacet
  facet normal 0.2789911060392299 -0.9602936856769428 0
    outer loop
      vertex -2.1631189606246317 6.657395614066075 1
      vertex -2.1631189606246317 6.657395614066075 -1
      vertex -1.740829210153984 6.7800821279004175 1
    endloop
  endfacet
  facet normal 0.21814324139654315 -0.9759167619387472 0
    outer loop
      vertex -1.740829210153984 6.7800821279004175 -1
      vertex -1.311669202100072 6.876010755100821 1
      vertex -1.740829210153984 6.7800821279004175 1
    endloop
  endfacet
  facet normal 0.15643446504023217 -0.9876883405951374 0
    outer loop
      vertex -1.311669202100072 6.876010755100821 -1
      vertex -0.87733263495013 6.9448029092013455 1
      vertex -1.311669202100072 6.876010755100821 1
    endloop
  endfacet
  facet normal 0.0941083133185121 -0.9955619646030802 0
    outer loop
      vertex -0.87733263495013 6.9448029092013455 -1
      vertex -0.43953363670519296 6.986187098997901 1
      vertex -0.87733263495013 6.9448029092013455 1
    endloop
  endfacet
  facet normal 0.031410759078128896 -0.9995065603657316 0
    outer loop
      vertex -0.43953363670519296 6.986187098997901 -1
      vertex 0 7 1
      vertex -0.43953363670519296 6.986187098997901 1
    endloop
  endfacet
  facet normal 0 0 -1
    outer loop
      vertex -2.735588758813403 10.654414772414942 0.050000000000000044
      vertex -2.984278645978258 11.622997933543573 0.050000000000000044
      vertex -2.0611944604429704 10.805159758015575 0.050000000000000044
    endloop
  endfacet
  facet normal 0 0 -1
    outer loop
      vertex -2.0611944604429704 10.805159758015575 0.050000000000000044
      vertex -2.984278645978258 11.622997933543573 0.050000000000000044
      vertex -2.2485757750286948 11.787447008744264 0.050000000000000044
    endloop
  endfacet
  facet normal 0 0 -1
    outer loop
      vertex -2.0611944604429704 10.805159758015575 0.050000000000000044
      vertex -2.2485757750286948 11.787447008744264 0.050000000000000044
      vertex -1.378665569207347 10.913261714459257 0.050000000000000044
    endloop
  endfacet
  facet normal 0 0 -1
    outer loop
      vertex -1.378665569207347 10.913261714459257 0.050000000000000044
      vertex -2.2485757750286948 11.787447008744264 0.050000000000000044
      vertex -1.5039988027716515 11.905376415773734 0.050000000000000044
    endloop
  endfacet
  facet normal 0 0 -1
    outer loop
      vertex -1.378665569207347 10.913261714459257 0.050000000000000044
      vertex -1.5039988027716515 11.905376415773734 0.050000000000000044
      vertex -0.6906957148224461 10.978294012710988 0.050000000000000044
    endloop
  endfacet
  facet normal 0 0 -1
    outer loop
      vertex -0.6906957148224461 10.978294012710988 0.050000000000000044
      vertex -1.5039988027716515 11.905376415773734 0.050000000000000044
      vertex -0.7534862343517593 11.976320741139258 0.050000000000000044
    endloop
  endfacet
  facet normal 0 0 -1
    outer loop
      vertex -0.6906957148224461 10.978294012710988 0.050000000000000044
      vertex -0.7534862343517593 11.976320741139258 0.050000000000000044
      vertex 0 11 0.050000000000000044
    endloop
  endfacet
  facet normal 0 0 -1
    outer loop
      vertex 0 11 0.050000000000000044
      vertex -0.7534862343517593 11.976320741139258 0.050000000000000044
      vertex 0 12 0.050000000000000044
    endloop
  endfacet
  facet normal -0.21814324139654281 0.9759167619387473 0
    outer loop
      vertex -2.2485757750286948 11.787447008744264 1
      vertex -2.2485757750286948 11.787447008744264 0.050000000000000044
      vertex -2.984278645978258 11.622997933543573 0.050000000000000044
    endloop
  endfacet
  facet normal -0.15643446504023123 0.9876883405951378 0
    outer loop
      vertex -1.5039988027716515 11.905376415773734 1
      vertex -1.5039988027716515 11.905376415773734 0.050000000000000044
      vertex -2.2485757750286948 11.787447008744264 0.050000000000000044
    endloop
  endfacet
  facet normal -0.09410831331851276 0.9955619646030801 0
    outer loop
      vertex -0.7534862343517593 11.976320741139258 1
      vertex -0.7534862343517593 11.976320741139258 0.050000000000000044
      vertex -1.5039988027716515 11.905376415773734 0.050000000000000044
    endloop
  endfacet
  facet normal -0.03141075907812957 0.9995065603657316 0
    outer loop
      vertex 0 12 1
      vertex 0 12 0.050000000000000044
      vertex -0.7534862343517593 11.976320741139258 0.050000000000000044
    endloop
  endfacet
  facet normal 0 0 1
    outer loop
      vertex -5.7810440892205825 10.515680160526363 1
      vertex -5.663118960624632 4.114496766047312 1
      vertex -5.393592699430526 4.461967928240828 1
    endloop
  endfacet
  facet normal 0 0 1
    outer loop
      vertex -5.7810440892205825 10.515680160526363 1
      vertex -5.393592699430526 4.461967928240828 1
      vertex -5.1027803919498815 4.79182974150082 1
    endloop
  endfacet
  facet normal 0 0 1
    outer loop
      vertex -5.109351498780873 10.857924629592233 1
      vertex -5.1027803919498815 4.79182974150082 1
      vertex -4.79182974150082 5.1027803919498815 1
    endloop
  endfacet
  facet normal 0 0 1
    outer loop
      vertex -5.109351498780873 10.857924629592233 1
      vertex -4.79182974150082 5.1027803919498815 1
      vertex -4.461967928240828 5.393592699430526 1
    endloop
  endfacet
  facet normal 0 0 1
    outer loop
      vertex -5.109351498780873 10.857924629592233 1
      vertex -4.461967928240828 5.393592699430526 1
      vertex -4.114496766047312 5.663118960624632 1
    endloop
  endfacet
  facet normal 0 0 1
    outer loop
      vertex -6.429921539747961 10.13193510602418 1
      vertex -5.663118960624632 4.114496766047312 1
      vertex -5.7810440892205825 10.515680160526363 1
    endloop
  endfacet
  facet normal 0 0 1
    outer loop
      vertex -5.7810440892205825 10.515680160526363 1
      vertex -5.1027803919498815 4.79182974150082 1
      vertex -5.109351498780873 10.857924629592233 1
    endloop
  endfacet
  facet normal 0 0 1
    outer loop
      vertex -4.417494632216134 11.157317830659018 1
      vertex -4.114496766047312 5.663118960624632 1
      vertex -3.7507875648529776 5.910295478514104 1
    endloop
  endfacet
  facet normal 0 0 1
    outer loop
      vertex -4.417494632216134 11.157317830659018 1
      vertex -3.7507875648529776 5.910295478514104 1
      vertex -3.3722757187120065 6.134146760307045 1
    endloop
  endfacet
  facet normal 0 0 1
    outer loop
      vertex -3.7082039324993685 11.412678195541842 1
      vertex -3.3722757187120065 6.134146760307045 1
      vertex -2.980455040955509 6.333789367262137 1
    endloop
  endfacet
  facet normal -0.453990499739546 0.8910065241883681 0
    outer loop
      vertex -5.7810440892205825 10.515680160526363 1
      vertex -5.109351498780873 10.857924629592233 1
      vertex -5.7810440892205825 10.515680160526363 0.050000000000000044
    endloop
  endfacet
  facet normal -0.397147890634782 0.9177546256839806 0
    outer loop
      vertex -5.109351498780873 10.857924629592233 1
      vertex -4.417494632216134 11.157317830659018 1
      vertex -5.109351498780873 10.857924629592233 0.050000000000000044
    endloop
  endfacet
  facet normal -0.33873792024528937 0.9408807689542262 3.1669443231154543e-16
    outer loop
      vertex -4.417494632216134 11.157317830659018 1
      vertex -3.7082039324993685 11.412678195541842 1
      vertex -4.417494632216135 11.157317830659018 0.050000000000000044
    endloop
  endfacet
  facet normal -0.2789911060392302 0.9602936856769428 0
    outer loop
      vertex -3.7082039324993685 11.412678195541842 1
      vertex -2.984278645978258 11.622997933543573 1
      vertex -3.7082039324993685 11.412678195541842 0.050000000000000044
    endloop
  endfacet
  facet normal 0 0 1
    outer loop
      vertex -5.109351498780873 10.857924629592233 1
      vertex -4.114496766047312 5.663118960624632 1
      vertex -4.417494632216134 11.157317830659018 1
    endloop
  endfacet
  facet normal 0 0 1
    outer loop
      vertex -4.417494632216134 11.157317830659018 1
      vertex -3.3722757187120065 6.134146760307045 1
      vertex -3.7082039324993685 11.412678195541842 1
    endloop
  endfacet
  facet normal 0 0 1
    outer loop
      vertex -3.7082039324993685 11.412678195541842 1
      vertex -2.980455040955509 6.333789367262137 1
      vertex -2.984278645978258 11.622997933543573 1
    endloop
  endfacet
  facet normal 0 0 1
    outer loop
      vertex -2.984278645978258 11.622997933543573 1
      vertex -2.980455040955509 6.333789367262137 1
      vertex -2.576871868792745 6.50843540121776 1
    endloop
  endfacet
  facet normal 0 0 1
    outer loop
      vertex -2.984278645978258 11.622997933543573 1
      vertex -2.576871868792745 6.50843540121776 1
      vertex -2.1631189606246317 6.657395614066075 1
    endloop
  endfacet
  facet normal 0 0 1
    outer loop
      vertex -2.2485757750286948 11.787447008744264 1
      vertex -2.1631189606246317 6.657395614066075 1
      vertex -1.740829210153984 6.7800821279004175 1
    endloop
  endfacet
  facet normal 0 0 1
    outer loop
      vertex -2.2485757750286948 11.787447008744264 1
      vertex -1.740829210153984 6.7800821279004175 1
      vertex -1.311669202100072 6.876010755100821 1
    endloop
  endfacet
  facet normal 0 0 1
    outer loop
      vertex -1.5039988027716515 11.905376415773734 1
      vertex -1.311669202100072 6.876010755100821 1
      vertex -0.87733263495013 6.9448029092013455 1
    endloop
  endfacet
  facet normal 0 0 1
    outer loop
      vertex -1.5039988027716515 11.905376415773734 1
      vertex -0.87733263495013 6.9448029092013455 1
      vertex -0.43953363670519296 6.986187098997901 1
    endloop
  endfacet
  facet normal 0 0 1
    outer loop
      vertex 0 12 1
      vertex -0.43953363670519296 6.986187098997901 1
      vertex 0 7 1
    endloop
  endfacet
  facet normal -0.21814324139654281 0.9759167619387473 0
    outer loop
      vertex -2.984278645978258 11.622997933543573 1
      vertex -2.2485757750286948 11.787447008744264 1
      vertex -2.984278645978258 11.622997933543573 0.050000000000000044
    endloop
  endfacet
  facet normal -0.15643446504023123 0.9876883405951378 0
    outer loop
      vertex -2.2485757750286948 11.787447008744264 1
      vertex -1.5039988027716515 11.905376415773734 1
      vertex -2.2485757750286948 11.787447008744264 0.050000000000000044
    endloop
  endfacet
  facet normal -0.09410831331851276 0.9955619646030801 0
    outer loop
      vertex -1.5039988027716515 11.905376415773734 1
      vertex -0.7534862343517593 11.976320741139258 1
      vertex -1.5039988027716515 11.905376415773734 0.050000000000000044
    endloop
  endfacet
  facet normal -0.03141075907812957 0.9995065603657316 0
    outer loop
      vertex -0.7534862343517593 11.976320741139258 1
      vertex 0 12 1
      vertex -0.7534862343517593 11.976320741139258 0.050000000000000044
    endloop
  endfacet
  facet normal 0 0 1
    outer loop
      vertex -2.984278645978258 11.622997933543573 1
      vertex -2.1631189606246317 6.657395614066075 1
      vertex -2.2485757750286948 11.787447008744264 1
    endloop
  endfacet
  facet normal 0 0 1
    outer loop
      vertex -2.2485757750286948 11.787447008744264 1
      vertex -1.311669202100072 6.876010755100821 1
      vertex -1.5039988027716515 11.905376415773734 1
    endloop
  endfacet
  facet normal 0 0 1
    outer loop
      vertex -1.5039988027716515 11.905376415773734 1
      vertex -0.43953363670519296 6.986187098997901 1
      vertex -0.7534862343517593 11.976320741139258 1
    endloop
  endfacet
  facet normal 0 0 1
    outer loop
      vertex -0.7534862343517593 11.976320741139258 1
      vertex -0.43953363670519296 6.986187098997901 1
      vertex 0 12 1
    endloop
  endfacet
  facet normal 0 0 -1
    outer loop
      vertex 0.6906957148224514 -10.978294012710988 -1
      vertex 0 -11 -1
      vertex 0.43953363670519635 -6.986187098997901 -1
    endloop
  endfacet
  facet normal 0 0 -1
    outer loop
      vertex 1.3116692021000738 -6.87601075510082 -1
      vertex 1.3786655692073446 -10.913261714459257 -1
      vertex 0.6906957148224514 -10.978294012710988 -1
    endloop
  endfacet
  facet normal 0 0 -1
    outer loop
      vertex 1.740829210153981 -6.780082127900418 -1
      vertex 2.061194460442973 -10.805159758015575 -1
      vertex 1.3786655692073446 -10.913261714459257 -1
    endloop
  endfacet
  facet normal 0 0 -1
    outer loop
      vertex 2.5768718687927485 -6.508435401217759 -1
      vertex 2.7355887588133987 -10.654414772414944 -1
      vertex 2.061194460442973 -10.805159758015575 -1
    endloop
  endfacet
  facet normal 0.03141075907812719 -0.9995065603657316 0
    outer loop
      vertex 0.6906957148224514 -10.978294012710988 0.050000000000000044
      vertex 0 -11 -1
      vertex 0.6906957148224514 -10.978294012710988 -1
    endloop
  endfacet
  facet normal 0.09410831331851555 -0.99556196460308 0
    outer loop
      vertex 1.3786655692073446 -10.913261714459257 0.050000000000000044
      vertex 0.6906957148224514 -10.978294012710988 -1
      vertex 1.3786655692073446 -10.913261714459257 -1
    endloop
  endfacet
  facet normal 0.15643446504023065 -0.9876883405951379 0
    outer loop
      vertex 2.061194460442973 -10.805159758015575 0.050000000000000044
      vertex 1.3786655692073446 -10.913261714459257 -1
      vertex 2.061194460442973 -10.805159758015575 -1
    endloop
  endfacet
  facet normal 0.2181432413965425 -0.9759167619387474 0
    outer loop
      vertex 2.7355887588133987 -10.654414772414944 0.050000000000000044
      vertex 2.061194460442973 -10.805159758015575 -1
      vertex 2.7355887588133987 -10.654414772414944 -1
    endloop
  endfacet
  facet normal 0 0 -1
    outer loop
      vertex 0 -11 -1
      vertex 0 -7 -1
      vertex 0.43953363670519635 -6.986187098997901 -1
    endloop
  endfacet
  facet normal 0 0 -1
    outer loop
      vertex 0.6906957148224514 -10.978294012710988 -1
      vertex 0.43953363670519635 -6.986187098997901 -1
      vertex 0.8773326349501285 -6.9448029092013455 -1
    endloop
  endfacet
  facet normal 0 0 -1
    outer loop
      vertex 0.6906957148224514 -10.978294012710988 -1
      vertex 0.8773326349501285 -6.9448029092013455 -1
      vertex 1.3116692021000738 -6.87601075510082 -1
    endloop
  endfacet
  facet normal 0 0 -1
    outer loop
      vertex 1.3786655692073446 -10.913261714459257 -1
      vertex 1.3116692021000738 -6.87601075510082 -1
      vertex 1.740829210153981 -6.780082127900418 -1
    endloop
  endfacet
  facet normal 0 0 -1
    outer loop
      vertex 2.061194460442973 -10.805159758015575 -1
      vertex 1.740829210153981 -6.780082127900418 -1
      vertex 2.1631189606246317 -6.657395614066075 -1
    endloop
  endfacet
  facet normal 0 0 -1
    outer loop
      vertex 2.061194460442973 -10.805159758015575 -1
      vertex 2.1631189606246317 -6.657395614066075 -1
      vertex 2.5768718687927485 -6.508435401217759 -1
    endloop
  endfacet
  facet normal 0 0 -1
    outer loop
      vertex 2.7355887588133987 -10.654414772414944 -1
      vertex 2.5768718687927485 -6.508435401217759 -1
      vertex 2.980455040955507 -6.333789367262137 -1
    endloop
  endfacet
  facet normal 0 0 -1
    outer loop
      vertex 3.372275718712008 -6.134146760307044 -1
      vertex 3.3991869381244215 -10.461621679246688 -1
      vertex 2.7355887588133987 -10.654414772414944 -1
    endloop
  endfacet
  facet normal 0.2789911060392309 -0.9602936856769427 0
    outer loop
      vertex 3.3991869381244215 -10.461621679246688 0.050000000000000044
      vertex 2.7355887588133987 -10.654414772414944 -1
      vertex 3.3991869381244215 -10.461621679246688 -1
    endloop
  endfacet
  facet normal 0.3387379202452904 -0.9408807689542257 0
    outer loop
      vertex 4.049370079531462 -10.227541344770763 0.050000000000000044
      vertex 3.3991869381244215 -10.461621679246688 -1
      vertex 4.049370079531462 -10.227541344770763 -1
    endloop
  endfacet
  facet normal 0.3971478906347819 -0.9177546256839806 0
    outer loop
      vertex 4.683572207215796 -9.953097577126215 0.050000000000000044
      vertex 4.049370079531462 -10.227541344770763 -1
      vertex 4.683572207215796 -9.953097577126215 -1
    endloop
  endfacet
  facet normal 0.45399049973954714 -0.8910065241883678 0
    outer loop
      vertex 5.299290415118869 -9.639373480482497 0.050000000000000044
      vertex 4.683572207215796 -9.953097577126215 -1
      vertex 5.299290415118869 -9.639373480482497 -1
    endloop
  endfacet
  facet normal 0.509041415750369 -0.8607420270039451 0
    outer loop
      vertex 5.8940947447689584 -9.28760718052217 0.050000000000000044
      vertex 5.299290415118869 -9.639373480482497 -1
      vertex 5.8940947447689584 -9.28760718052217 -1
    endloop
  endfacet
  facet normal 0 0 -1
    outer loop
      vertex 2.7355887588133987 -10.654414772414944 -1
      vertex 2.980455040955507 -6.333789367262137 -1
      vertex 3.372275718712008 -6.134146760307044 -1
    endloop
  endfacet
  facet normal 0 0 -1
    outer loop
      vertex 3.3991869381244215 -10.461621679246688 -1
      vertex 3.372275718712008 -6.134146760307044 -1
      vertex 3.7507875648529736 -5.910295478514107 -1
    endloop
  endfacet
  facet normal 0 0 -1
    outer loop
      vertex 4.114496766047312 -5.663118960624632 -1
      vertex 4.049370079531462 -10.227541344770763 -1
      vertex 3.3991869381244215 -10.461621679246688 -1
    endloop
  endfacet
  facet normal 0 0 -1
    outer loop
      vertex 3.3991869381244215 -10.461621679246688 -1
      vertex 3.7507875648529736 -5.910295478514107 -1
      vertex 4.114496766047312 -5.663118960624632 -1
    endloop
  endfacet
  facet normal 0 0 -1
    outer loop
      vertex 4.049370079531462 -10.227541344770763 -1
      vertex 4.114496766047312 -5.663118960624632 -1
      vertex 4.4619679282408296 -5.393592699430523 -1
    endloop
  endfacet
  facet normal 0 0 -1
    outer loop
      vertex 4.049370079531462 -10.227541344770763 -1
      vertex 4.4619679282408296 -5.393592699430523 -1
      vertex 4.79182974150082 -5.1027803919498815 -1
    endloop
  endfacet
  facet normal 0 0 -1
    outer loop
      vertex 4.79182974150082 -5.1027803919498815 -1
      vertex 4.683572207215796 -9.953097577126215 -1
      vertex 4.049370079531462 -10.227541344770763 -1
    endloop
  endfacet
  facet normal 0 0 -1
    outer loop
      vertex 5.393592699430523 -4.4619679282408296 -1
      vertex 5.299290415118869 -9.639373480482497 -1
      vertex 4.683572207215796 -9.953097577126215 -1
    endloop
  endfacet
  facet normal 0 0 -1
    outer loop
      vertex 4.683572207215796 -9.953097577126215 -1
      vertex 4.79182974150082 -5.1027803919498815 -1
      vertex 5.1027803919498815 -4.79182974150082 -1
    endloop
  endfacet
  facet normal 0 0 -1
    outer loop
      vertex 4.683572207215796 -9.953097577126215 -1
      vertex 5.1027803919498815 -4.79182974150082 -1
      vertex 5.393592699430523 -4.4619679282408296 -1
    endloop
  endfacet
  facet normal 0 0 -1
    outer loop
      vertex 6.134146760307044 -3.372275718712008 -1
      vertex 5.8940947447689584 -9.28760718052217 -1
      vertex 5.299290415118869 -9.639373480482497 -1
    endloop
  endfacet
  facet normal 0 0 -1
    outer loop
      vertex 5.299290415118869 -9.639373480482497 -1
      vertex 5.393592699430523 -4.4619679282408296 -1
      vertex 5.663118960624632 -4.114496766047312 -1
    endloop
  endfacet
  facet normal 0.03141075907812719 -0.9995065603657316 0
    outer loop
      vertex 0 -11 0.050000000000000044
      vertex 0 -11 -1
      vertex 0.6906957148224514 -10.978294012710988 0.050000000000000044
    endloop
  endfacet
  facet normal 0.09410831331851555 -0.99556196460308 0
    outer loop
      vertex 0.6906957148224514 -10.978294012710988 0.050000000000000044
      vertex 0.6906957148224514 -10.978294012710988 -1
      vertex 1.3786655692073446 -10.913261714459257 0.050000000000000044
    endloop
  endfacet
  facet normal 0.15643446504023065 -0.9876883405951379 0
    outer loop
      vertex 1.3786655692073446 -10.913261714459257 0.050000000000000044
      vertex 1.3786655692073446 -10.913261714459257 -1
      vertex 2.061194460442973 -10.805159758015575 0.050000000000000044
    endloop
  endfacet
  facet normal 0.2181432413965425 -0.9759167619387474 0
    outer loop
      vertex 2.061194460442973 -10.805159758015575 0.050000000000000044
      vertex 2.061194460442973 -10.805159758015575 -1
      vertex 2.7355887588133987 -10.654414772414944 0.050000000000000044
    endloop
  endfacet
  facet normal 0.2789911060392309 -0.9602936856769427 0
    outer loop
      vertex 2.7355887588133987 -10.654414772414944 0.050000000000000044
      vertex 2.7355887588133987 -10.654414772414944 -1
      vertex 3.3991869381244215 -10.461621679246688 0.050000000000000044
    endloop
  endfacet
  facet normal -0.03141075907812865 0.9995065603657315 0
    outer loop
      vertex 0 -7 1
      vertex 0.43953363670519635 -6.986187098997901 -1
      vertex 0 -7 -1
    endloop
  endfacet
  facet normal -0.09410831331851316 0.9955619646030801 0
    outer loop
      vertex 0.43953363670519635 -6.986187098997901 -1
      vertex 0.43953363670519635 -6.986187098997901 1
      vertex 0.8773326349501285 -6.9448029092013455 -1
    endloop
  endfacet
  facet normal -0.156434465040233 0.9876883405951374 0
    outer loop
      vertex 1.3116692021000738 -6.87601075510082 -1
      vertex 0.8773326349501285 -6.9448029092013455 -1
      vertex 0.8773326349501285 -6.9448029092013455 1
    endloop
  endfacet
  facet normal -0.21814324139654157 0.9759167619387475 0
    outer loop
      vertex 1.3116692021000738 -6.87601075510082 1
      vertex 1.740829210153981 -6.780082127900418 -1
      vertex 1.3116692021000738 -6.87601075510082 -1
    endloop
  endfacet
  facet normal -0.27899110603923 0.960293685676943 0
    outer loop
      vertex 1.740829210153981 -6.780082127900418 -1
      vertex 1.740829210153981 -6.780082127900418 1
      vertex 2.1631189606246317 -6.657395614066075 -1
    endloop
  endfacet
  facet normal -0.33873792024529004 0.940880768954226 0
    outer loop
      vertex 2.1631189606246317 -6.657395614066075 -1
      vertex 2.1631189606246317 -6.657395614066075 1
      vertex 2.5768718687927485 -6.508435401217759 -1
    endloop
  endfacet
  facet normal -0.3971478906347828 0.9177546256839803 0
    outer loop
      vertex 2.5768718687927485 -6.508435401217759 -1
      vertex 2.5768718687927485 -6.508435401217759 1
      vertex 2.980455040955507 -6.333789367262137 -1
    endloop
  endfacet
  facet normal 0.3387379202452904 -0.9408807689542257 0
    outer loop
      vertex 3.3991869381244215 -10.461621679246688 0.050000000000000044
      vertex 3.3991869381244215 -10.461621679246688 -1
      vertex 4.049370079531462 -10.227541344770763 0.050000000000000044
    endloop
  endfacet
  facet normal 0.3971478906347819 -0.9177546256839806 0
    outer loop
      vertex 4.049370079531462 -10.227541344770763 0.050000000000000044
      vertex 4.049370079531462 -10.227541344770763 -1
      vertex 4.683572207215796 -9.953097577126215 0.050000000000000044
    endloop
  endfacet
  facet normal 0.45399049973954714 -0.8910065241883678 0
    outer loop
      vertex 4.683572207215796 -9.953097577126215 0.050000000000000044
      vertex 4.683572207215796 -9.953097577126215 -1
      vertex 5.299290415118869 -9.639373480482497 0.050000000000000044
    endloop
  endfacet
  facet normal 0.509041415750369 -0.8607420270039451 0
    outer loop
      vertex 5.299290415118869 -9.639373480482497 0.050000000000000044
      vertex 5.299290415118869 -9.639373480482497 -1
      vertex 5.8940947447689584 -9.28760718052217 0.050000000000000044
    endloop
  endfacet
  facet normal -0.4539904997395458 0.8910065241883682 0
    outer loop
      vertex 3.372275718712008 -6.134146760307044 -1
      vertex 2.980455040955507 -6.333789367262137 -1
      vertex 2.980455040955507 -6.333789367262137 1
    endloop
  endfacet
  facet normal -0.509041415750371 0.8607420270039439 0
    outer loop
      vertex 3.372275718712008 -6.134146760307044 -1
      vertex 3.372275718712008 -6.134146760307044 1
      vertex 3.7507875648529736 -5.910295478514107 -1
    endloop
  endfacet
  facet normal 0 0 -1
    outer loop
      vertex 5.299290415118869 -9.639373480482497 -1
      vertex 5.663118960624632 -4.114496766047312 -1
      vertex 5.910295478514107 -3.7507875648529736 -1
    endloop
  endfacet
  facet normal 0 0 -1
    outer loop
      vertex 5.299290415118869 -9.639373480482497 -1
      vertex 5.910295478514107 -3.7507875648529736 -1
      vertex 6.134146760307044 -3.372275718712008 -1
    endloop
  endfacet
  facet normal -0.5620833778521299 0.8270805742745622 0
    outer loop
      vertex 3.7507875648529736 -5.910295478514107 1
      vertex 4.114496766047312 -5.663118960624632 -1
      vertex 3.7507875648529736 -5.910295478514107 -1
    endloop
  endfacet
  facet normal -0.6129070536529768 0.7901550123756901 0
    outer loop
      vertex 4.114496766047312 -5.663118960624632 -1
      vertex 4.114496766047312 -5.663118960624632 1
      vertex 4.4619679282408296 -5.393592699430523 -1
    endloop
  endfacet
  facet normal -0.6613118653236518 0.7501110696304596 0
    outer loop
      vertex 4.4619679282408296 -5.393592699430523 1
      vertex 4.79182974150082 -5.1027803919498815 -1
      vertex 4.4619679282408296 -5.393592699430523 -1
    endloop
  endfacet
  facet normal -0.7071067811865476 0.7071067811865476 0
    outer loop
      vertex 4.79182974150082 -5.1027803919498815 -1
      vertex 4.79182974150082 -5.1027803919498815 1
      vertex 5.1027803919498815 -4.79182974150082 -1
    endloop
  endfacet
  facet normal -0.7501110696304596 0.6613118653236518 0
    outer loop
      vertex 5.393592699430523 -4.4619679282408296 -1
      vertex 5.1027803919498815 -4.79182974150082 -1
      vertex 5.1027803919498815 -4.79182974150082 1
    endloop
  endfacet
  facet normal -0.7901550123756901 0.6129070536529768 0
    outer loop
      vertex 5.663118960624632 -4.114496766047312 -1
      vertex 5.393592699430523 -4.4619679282408296 -1
      vertex 5.393592699430523 -4.4619679282408296 1
    endloop
  endfacet
  facet normal -0.8270805742745622 0.5620833778521299 0
    outer loop
      vertex 5.910295478514107 -3.7507875648529736 -1
      vertex 5.663118960624632 -4.114496766047312 -1
      vertex 5.663118960624632 -4.114496766047312 1
    endloop
  endfacet
  facet normal -0.8607420270039439 0.509041415750371 0
    outer loop
      vertex 6.134146760307044 -3.372275718712008 -1
      vertex 5.910295478514107 -3.7507875648529736 -1
      vertex 5.910295478514107 -3.7507875648529736 1
    endloop
  endfacet
  facet normal 0.5620833778521298 -0.8270805742745623 0
    outer loop
      vertex 6.465637775217204 -8.899186938124423 0.050000000000000044
      vertex 5.8940947447689584 -9.28760718052217 -1
      vertex 6.465637775217204 -8.899186938124423 -1
    endloop
  endfacet
  facet normal 0 0 -1
    outer loop
      vertex 6.508435401217759 -2.5768718687927485 -1
      vertex 6.465637775217204 -8.899186938124423 -1
      vertex 5.8940947447689584 -9.28760718052217 -1
    endloop
  endfacet
  facet normal 0 0 -1
    outer loop
      vertex 6.780082127900418 -1.740829210153981 -1
      vertex 7.011663887235589 -8.47564567053368 -1
      vertex 6.465637775217204 -8.899186938124423 -1
    endloop
  endfacet
  facet normal 0.6129070536529769 -0.7901550123756901 0
    outer loop
      vertex 7.011663887235589 -8.47564567053368 0.050000000000000044
      vertex 6.465637775217204 -8.899186938124423 -1
      vertex 7.011663887235589 -8.47564567053368 -1
    endloop
  endfacet
  facet normal 0.6613118653236524 -0.7501110696304591 0
    outer loop
      vertex 7.530018165215574 -8.018654901635529 0.050000000000000044
      vertex 7.011663887235589 -8.47564567053368 -1
      vertex 7.530018165215574 -8.018654901635529 -1
    endloop
  endfacet
  facet normal 0.7071067811865476 -0.7071067811865476 0
    outer loop
      vertex 8.018654901635529 -7.530018165215574 0.050000000000000044
      vertex 7.530018165215574 -8.018654901635529 -1
      vertex 8.018654901635529 -7.530018165215574 -1
    endloop
  endfacet
  facet normal 0.7501110696304591 -0.6613118653236524 0
    outer loop
      vertex 8.47564567053368 -7.011663887235589 0.050000000000000044
      vertex 8.018654901635529 -7.530018165215574 -1
      vertex 8.47564567053368 -7.011663887235589 -1
    endloop
  endfacet
  facet normal 0.7901550123756901 -0.6129070536529769 0
    outer loop
      vertex 8.899186938124423 -6.465637775217204 0.050000000000000044
      vertex 8.47564567053368 -7.011663887235589 -1
      vertex 8.899186938124423 -6.465637775217204 -1
    endloop
  endfacet
  facet normal 0.8270805742745623 -0.5620833778521298 0
    outer loop
      vertex 9.28760718052217 -5.8940947447689584 0.050000000000000044
      vertex 8.899186938124423 -6.465637775217204 -1
      vertex 9.28760718052217 -5.8940947447689584 -1
    endloop
  endfacet
  facet normal 0.5620833778521298 -0.8270805742745623 0
    outer loop
      vertex 5.8940947447689584 -9.28760718052217 0.050000000000000044
      vertex 5.8940947447689584 -9.28760718052217 -1
      vertex 6.465637775217204 -8.899186938124423 0.050000000000000044
    endloop
  endfacet
  facet normal 0.6129070536529769 -0.7901550123756901 0
    outer loop
      vertex 6.465637775217204 -8.899186938124423 0.050000000000000044
      vertex 6.465637775217204 -8.899186938124423 -1
      vertex 7.011663887235589 -8.47564567053368 0.050000000000000044
    endloop
  endfacet
  facet normal 0.6613118653236524 -0.7501110696304591 0
    outer loop
      vertex 7.011663887235589 -8.47564567053368 0.050000000000000044
      vertex 7.011663887235589 -8.47564567053368 -1
      vertex 7.530018165215574 -8.018654901635529 0.050000000000000044
    endloop
  endfacet
  facet normal 0.7071067811865476 -0.7071067811865476 0
    outer loop
      vertex 7.530018165215574 -8.018654901635529 0.050000000000000044
      vertex 7.530018165215574 -8.018654901635529 -1
      vertex 8.018654901635529 -7.530018165215574 0.050000000000000044
    endloop
  endfacet
  facet normal 0.7501110696304591 -0.6613118653236524 0
    outer loop
      vertex 8.018654901635529 -7.530018165215574 0.050000000000000044
      vertex 8.018654901635529 -7.530018165215574 -1
      vertex 8.47564567053368 -7.011663887235589 0.050000000000000044
    endloop
  endfacet
  facet normal 0.7901550123756901 -0.6129070536529769 0
    outer loop
      vertex 8.47564567053368 -7.011663887235589 0.050000000000000044
      vertex 8.47564567053368 -7.011663887235589 -1
      vertex 8.899186938124423 -6.465637775217204 0.050000000000000044
    endloop
  endfacet
  facet normal 0.8270805742745623 -0.5620833778521298 0
    outer loop
      vertex 8.899186938124423 -6.465637775217204 0.050000000000000044
      vertex 8.899186938124423 -6.465637775217204 -1
      vertex 9.28760718052217 -5.8940947447689584 0.050000000000000044
    endloop
  endfacet
  facet normal 0 0 -1
    outer loop
      vertex 5.8940947447689584 -9.28760718052217 -1
      vertex 6.134146760307044 -3.372275718712008 -1
      vertex 6.333789367262137 -2.980455040955507 -1
    endloop
  endfacet
  facet normal 0 0 -1
    outer loop
      vertex 5.8940947447689584 -9.28760718052217 -1
      vertex 6.333789367262137 -2.980455040955507 -1
      vertex 6.508435401217759 -2.5768718687927485 -1
    endloop
  endfacet
  facet normal 0 0 -1
    outer loop
      vertex 6.465637775217204 -8.899186938124423 -1
      vertex 6.508435401217759 -2.5768718687927485 -1
      vertex 6.657395614066075 -2.1631189606246317 -1
    endloop
  endfacet
  facet normal 0 0 -1
    outer loop
      vertex 6.465637775217204 -8.899186938124423 -1
      vertex 6.657395614066075 -2.1631189606246317 -1
      vertex 6.780082127900418 -1.740829210153981 -1
    endloop
  endfacet
  facet normal 0 0 -1
    outer loop
      vertex 7.011663887235589 -8.47564567053368 -1
      vertex 6.780082127900418 -1.740829210153981 -1
      vertex 6.87601075510082 -1.3116692021000738 -1
    endloop
  endfacet
  facet normal 0 0 -1
    outer loop
      vertex 7.011663887235589 -8.47564567053368 -1
      vertex 6.87601075510082 -1.3116692021000738 -1
      vertex 6.9448029092013455 -0.8773326349501285 -1
    endloop
  endfacet
  facet normal 0 0 -1
    outer loop
      vertex 7.011663887235589 -8.47564567053368 -1
      vertex 6.9448029092013455 -0.8773326349501285 -1
      vertex 6.986187098997901 -0.43953363670519635 -1
    endloop
  endfacet
  facet normal 0 0 -1
    outer loop
      vertex 7.011663887235589 -8.47564567053368 -1
      vertex 6.986187098997901 -0.43953363670519635 -1
      vertex 7 0 -1
    endloop
  endfacet
  facet normal 0 0 -1
    outer loop
      vertex 7.011663887235589 -8.47564567053368 -1
      vertex 7 0 -1
      vertex 7.530018165215576 8.018654901635527 -1
    endloop
  endfacet
  facet normal 0 0 -1
    outer loop
      vertex 8.018654901635527 7.530018165215576 -1
      vertex 7.530018165215574 -8.018654901635529 -1
      vertex 7.011663887235589 -8.47564567053368 -1
    endloop
  endfacet
  facet normal 0 0 -1
    outer loop
      vertex 8.47564567053368 7.011663887235587 -1
      vertex 8.018654901635529 -7.530018165215574 -1
      vertex 7.530018165215574 -8.018654901635529 -1
    endloop
  endfacet
  facet normal 0 0 -1
    outer loop
      vertex 8.899186938124423 6.465637775217204 -1
      vertex 8.47564567053368 -7.011663887235589 -1
      vertex 8.018654901635529 -7.530018165215574 -1
    endloop
  endfacet
  facet normal 0 0 -1
    outer loop
      vertex 9.287607180522166 5.894094744768963 -1
      vertex 8.899186938124423 -6.465637775217204 -1
      vertex 8.47564567053368 -7.011663887235589 -1
    endloop
  endfacet
  facet normal 0.8607420270039451 -0.509041415750369 0
    outer loop
      vertex 9.639373480482497 -5.299290415118869 0.050000000000000044
      vertex 9.28760718052217 -5.8940947447689584 -1
      vertex 9.639373480482497 -5.299290415118869 -1
    endloop
  endfacet
  facet normal 0.8910065241883678 -0.45399049973954714 0
    outer loop
      vertex 9.953097577126215 -4.683572207215796 0.050000000000000044
      vertex 9.639373480482497 -5.299290415118869 -1
      vertex 9.953097577126215 -4.683572207215796 -1
    endloop
  endfacet
  facet normal 0.9177546256839806 -0.3971478906347819 0
    outer loop
      vertex 10.227541344770763 -4.049370079531462 0.050000000000000044
      vertex 9.953097577126215 -4.683572207215796 -1
      vertex 10.227541344770763 -4.049370079531462 -1
    endloop
  endfacet
  facet normal 0.9408807689542257 -0.3387379202452904 0
    outer loop
      vertex 10.461621679246688 -3.3991869381244215 0.050000000000000044
      vertex 10.227541344770763 -4.049370079531462 -1
      vertex 10.461621679246688 -3.3991869381244215 -1
    endloop
  endfacet
  facet normal 0 0 -1
    outer loop
      vertex 8.899186938124423 -6.465637775217204 -1
      vertex 9.639373480482499 5.299290415118868 -1
      vertex 9.28760718052217 -5.8940947447689584 -1
    endloop
  endfacet
  facet normal 0 0 -1
    outer loop
      vertex 9.953097577126215 4.683572207215799 -1
      vertex 9.639373480482497 -5.299290415118869 -1
      vertex 9.28760718052217 -5.8940947447689584 -1
    endloop
  endfacet
  facet normal 0 0 -1
    outer loop
      vertex 10.227541344770765 4.0493700795314576 -1
      vertex 9.953097577126215 -4.683572207215796 -1
      vertex 9.639373480482497 -5.299290415118869 -1
    endloop
  endfacet
  facet normal 0 0 -1
    outer loop
      vertex 10.461621679246688 3.3991869381244215 -1
      vertex 10.227541344770763 -4.049370079531462 -1
      vertex 9.953097577126215 -4.683572207215796 -1
    endloop
  endfacet
  facet normal 0 0 -1
    outer loop
      vertex 10.461621679246688 -3.3991869381244215 -1
      vertex 10.227541344770763 -4.049370079531462 -1
      vertex 10.461621679246688 3.3991869381244215 -1
    endloop
  endfacet
  facet normal 0 0 -1
    outer loop
      vertex 10.805159758015575 2.061194460442971 -1
      vertex 10.654414772414944 -2.7355887588133987 -1
      vertex 10.461621679246688 -3.3991869381244215 -1
    endloop
  endfacet
  facet normal 0 0 -1
    outer loop
      vertex 10.805159758015575 -2.061194460442973 -1
      vertex 10.654414772414944 -2.7355887588133987 -1
      vertex 10.805159758015575 2.061194460442971 -1
    endloop
  endfacet
  facet normal 0 0 -1
    outer loop
      vertex 10.913261714459257 1.3786655692073468 -1
      vertex 10.913261714459257 -1.3786655692073446 -1
      vertex 10.805159758015575 -2.061194460442973 -1
    endloop
  endfacet
  facet normal 0 0 -1
    outer loop
      vertex 10.978294012710988 -0.6906957148224514 -1
      vertex 10.913261714459257 -1.3786655692073446 -1
      vertex 10.978294012710988 0.6906957148224471 -1
    endloop
  endfacet
  facet normal 0 0 -1
    outer loop
      vertex 10.978294012710988 -0.6906957148224514 -1
      vertex 10.978294012710988 0.6906957148224471 -1
      vertex 11 0 -1
    endloop
  endfacet
  facet normal 0.9602936856769427 -0.2789911060392309 0
    outer loop
      vertex 10.654414772414944 -2.7355887588133987 0.050000000000000044
      vertex 10.461621679246688 -3.3991869381244215 -1
      vertex 10.654414772414944 -2.7355887588133987 -1
    endloop
  endfacet
  facet normal 0.9759167619387474 -0.2181432413965425 0
    outer loop
      vertex 10.805159758015575 -2.061194460442973 0.050000000000000044
      vertex 10.654414772414944 -2.7355887588133987 -1
      vertex 10.805159758015575 -2.061194460442973 -1
    endloop
  endfacet
  facet normal 0.9876883405951379 -0.15643446504023065 0
    outer loop
      vertex 10.913261714459257 -1.3786655692073446 0.050000000000000044
      vertex 10.805159758015575 -2.061194460442973 -1
      vertex 10.913261714459257 -1.3786655692073446 -1
    endloop
  endfacet
  facet normal 0.99556196460308 -0.09410831331851555 0
    outer loop
      vertex 10.978294012710988 -0.6906957148224514 0.050000000000000044
      vertex 10.913261714459257 -1.3786655692073446 -1
      vertex 10.978294012710988 -0.6906957148224514 -1
    endloop
  endfacet
  facet normal 0.9995065603657316 -0.03141075907812719 0
    outer loop
      vertex 11 0 0.050000000000000044
      vertex 10.978294012710988 -0.6906957148224514 -1
      vertex 11 0 -1
    endloop
  endfacet
  facet normal -0.8910065241883682 0.4539904997395458 0
    outer loop
      vertex 6.333789367262137 -2.980455040955507 -1
      vertex 6.134146760307044 -3.372275718712008 -1
      vertex 6.134146760307044 -3.372275718712008 1
    endloop
  endfacet
  facet normal -0.9177546256839803 0.3971478906347828 0
    outer loop
      vertex 6.508435401217759 -2.5768718687927485 -1
      vertex 6.333789367262137 -2.980455040955507 -1
      vertex 6.333789367262137 -2.980455040955507 1
    endloop
  endfacet
  facet normal -0.940880768954226 0.33873792024529004 0
    outer loop
      vertex 6.508435401217759 -2.5768718687927485 1
      vertex 6.657395614066075 -2.1631189606246317 -1
      vertex 6.508435401217759 -2.5768718687927485 -1
    endloop
  endfacet
  facet normal -0.960293685676943 0.27899110603923 0
    outer loop
      vertex 6.780082127900418 -1.740829210153981 -1
      vertex 6.657395614066075 -2.1631189606246317 -1
      vertex 6.657395614066075 -2.1631189606246317 1
    endloop
  endfacet
  facet normal -0.9759167619387475 0.21814324139654157 0
    outer loop
      vertex 6.87601075510082 -1.3116692021000738 -1
      vertex 6.780082127900418 -1.740829210153981 -1
      vertex 6.780082127900418 -1.740829210153981 1
    endloop
  endfacet
  facet normal -0.9876883405951374 0.156434465040233 0
    outer loop
      vertex 6.9448029092013455 -0.8773326349501285 -1
      vertex 6.87601075510082 -1.3116692021000738 -1
      vertex 6.87601075510082 -1.3116692021000738 1
    endloop
  endfacet
  facet normal -0.9955619646030801 0.09410831331851316 0
    outer loop
      vertex 6.986187098997901 -0.43953363670519635 -1
      vertex 6.9448029092013455 -0.8773326349501285 -1
      vertex 6.9448029092013455 -0.8773326349501285 1
    endloop
  endfacet
  facet normal -0.9995065603657315 0.03141075907812865 0
    outer loop
      vertex 6.986187098997901 -0.43953363670519635 -1
      vertex 6.986187098997901 -0.43953363670519635 1
      vertex 7 0 -1
    endloop
  endfacet
  facet normal 0.8607420270039451 -0.509041415750369 0
    outer loop
      vertex 9.28760718052217 -5.8940947447689584 0.050000000000000044
      vertex 9.28760718052217 -5.8940947447689584 -1
      vertex 9.639373480482497 -5.299290415118869 0.050000000000000044
    endloop
  endfacet
  facet normal 0.8910065241883678 -0.45399049973954714 0
    outer loop
      vertex 9.639373480482497 -5.299290415118869 0.050000000000000044
      vertex 9.639373480482497 -5.299290415118869 -1
      vertex 9.953097577126215 -4.683572207215796 0.050000000000000044
    endloop
  endfacet
  facet normal 0.9177546256839806 -0.3971478906347819 0
    outer loop
      vertex 9.953097577126215 -4.683572207215796 0.050000000000000044
      vertex 9.953097577126215 -4.683572207215796 -1
      vertex 10.227541344770763 -4.049370079531462 0.050000000000000044
    endloop
  endfacet
  facet normal 0.9408807689542257 -0.3387379202452904 0
    outer loop
      vertex 10.227541344770763 -4.049370079531462 0.050000000000000044
      vertex 10.227541344770763 -4.049370079531462 -1
      vertex 10.461621679246688 -3.3991869381244215 0.050000000000000044
    endloop
  endfacet
  facet normal 0.9602936856769427 -0.2789911060392309 0
    outer loop
      vertex 10.461621679246688 -3.3991869381244215 0.050000000000000044
      vertex 10.461621679246688 -3.3991869381244215 -1
      vertex 10.654414772414944 -2.7355887588133987 0.050000000000000044
    endloop
  endfacet
  facet normal 0.9759167619387474 -0.2181432413965425 0
    outer loop
      vertex 10.654414772414944 -2.7355887588133987 0.050000000000000044
      vertex 10.654414772414944 -2.7355887588133987 -1
      vertex 10.805159758015575 -2.061194460442973 0.050000000000000044
    endloop
  endfacet
  facet normal 0.9876883405951379 -0.15643446504023065 0
    outer loop
      vertex 10.805159758015575 -2.061194460442973 0.050000000000000044
      vertex 10.805159758015575 -2.061194460442973 -1
      vertex 10.913261714459257 -1.3786655692073446 0.050000000000000044
    endloop
  endfacet
  facet normal 0.99556196460308 -0.09410831331851555 0
    outer loop
      vertex 10.913261714459257 -1.3786655692073446 0.050000000000000044
      vertex 10.913261714459257 -1.3786655692073446 -1
      vertex 10.978294012710988 -0.6906957148224514 0.050000000000000044
    endloop
  endfacet
  facet normal 0.9995065603657316 -0.03141075907812719 0
    outer loop
      vertex 10.978294012710988 -0.6906957148224514 0.050000000000000044
      vertex 10.978294012710988 -0.6906957148224514 -1
      vertex 11 0 0.050000000000000044
    endloop
  endfacet
  facet normal 0 0 -1
    outer loop
      vertex 0 -11 0.050000000000000044
      vertex 0.7534862343517652 -11.976320741139258 0.050000000000000044
      vertex 0 -12 0.050000000000000044
    endloop
  endfacet
  facet normal 0 0 -1
    outer loop
      vertex 0 -11 0.050000000000000044
      vertex 0.6906957148224514 -10.978294012710988 0.050000000000000044
      vertex 0.7534862343517652 -11.976320741139258 0.050000000000000044
    endloop
  endfacet
  facet normal 0 0 -1
    outer loop
      vertex 0.6906957148224514 -10.978294012710988 0.050000000000000044
      vertex 1.5039988027716489 -11.905376415773734 0.050000000000000044
      vertex 0.7534862343517652 -11.976320741139258 0.050000000000000044
    endloop
  endfacet
  facet normal 0 0 -1
    outer loop
      vertex 0.6906957148224514 -10.978294012710988 0.050000000000000044
      vertex 1.3786655692073446 -10.913261714459257 0.050000000000000044
      vertex 1.5039988027716489 -11.905376415773734 0.050000000000000044
    endloop
  endfacet
  facet normal 0 0 -1
    outer loop
      vertex 1.3786655692073446 -10.913261714459257 0.050000000000000044
      vertex 2.248575775028698 -11.787447008744262 0.050000000000000044
      vertex 1.5039988027716489 -11.905376415773734 0.050000000000000044
    endloop
  endfacet
  facet normal 0 0 -1
    outer loop
      vertex 1.3786655692073446 -10.913261714459257 0.050000000000000044
      vertex 2.061194460442973 -10.805159758015575 0.050000000000000044
      vertex 2.248575775028698 -11.787447008744262 0.050000000000000044
    endloop
  endfacet
  facet normal 0 0 -1
    outer loop
      vertex 2.061194460442973 -10.805159758015575 0.050000000000000044
      vertex 2.9842786459782533 -11.622997933543575 0.050000000000000044
      vertex 2.248575775028698 -11.787447008744262 0.050000000000000044
    endloop
  endfacet
  facet normal 0 0 -1
    outer loop
      vertex 2.061194460442973 -10.805159758015575 0.050000000000000044
      vertex 2.7355887588133987 -10.654414772414944 0.050000000000000044
      vertex 2.9842786459782533 -11.622997933543575 0.050000000000000044
    endloop
  endfacet
  facet normal 0.03141075907812932 -0.9995065603657314 0
    outer loop
      vertex 0 -12 1
      vertex 0 -12 0.050000000000000044
      vertex 0.7534862343517652 -11.976320741139258 0.050000000000000044
    endloop
  endfacet
  facet normal 0.09410831331851384 -0.9955619646030801 0
    outer loop
      vertex 0.7534862343517652 -11.976320741139258 1
      vertex 0.7534862343517652 -11.976320741139258 0.050000000000000044
      vertex 1.5039988027716489 -11.905376415773734 0.050000000000000044
    endloop
  endfacet
  facet normal 0.15643446504023234 -0.9876883405951374 0
    outer loop
      vertex 1.5039988027716489 -11.905376415773734 1
      vertex 1.5039988027716489 -11.905376415773734 0.050000000000000044
      vertex 2.248575775028698 -11.787447008744262 0.050000000000000044
    endloop
  endfacet
  facet normal 0.2181432413965406 -0.9759167619387479 0
    outer loop
      vertex 2.248575775028698 -11.787447008744262 1
      vertex 2.248575775028698 -11.787447008744262 0.050000000000000044
      vertex 2.9842786459782533 -11.622997933543575 0.050000000000000044
    endloop
  endfacet
  facet normal -0.03141075907812865 0.9995065603657315 0
    outer loop
      vertex 0.43953363670519635 -6.986187098997901 -1
      vertex 0 -7 1
      vertex 0.43953363670519635 -6.986187098997901 1
    endloop
  endfacet
  facet normal -0.09410831331851316 0.9955619646030801 0
    outer loop
      vertex 0.8773326349501285 -6.9448029092013455 1
      vertex 0.8773326349501285 -6.9448029092013455 -1
      vertex 0.43953363670519635 -6.986187098997901 1
    endloop
  endfacet
  facet normal -0.156434465040233 0.9876883405951374 0
    outer loop
      vertex 1.3116692021000738 -6.87601075510082 -1
      vertex 0.8773326349501285 -6.9448029092013455 1
      vertex 1.3116692021000738 -6.87601075510082 1
    endloop
  endfacet
  facet normal -0.21814324139654157 0.9759167619387475 0
    outer loop
      vertex 1.740829210153981 -6.780082127900418 -1
      vertex 1.3116692021000738 -6.87601075510082 1
      vertex 1.740829210153981 -6.780082127900418 1
    endloop
  endfacet
  facet normal -0.27899110603923 0.960293685676943 0
    outer loop
      vertex 2.1631189606246317 -6.657395614066075 -1
      vertex 1.740829210153981 -6.780082127900418 1
      vertex 2.1631189606246317 -6.657395614066075 1
    endloop
  endfacet
  facet normal -0.33873792024529004 0.940880768954226 0
    outer loop
      vertex 2.5768718687927485 -6.508435401217759 -1
      vertex 2.1631189606246317 -6.657395614066075 1
      vertex 2.5768718687927485 -6.508435401217759 1
    endloop
  endfacet
  facet normal -0.3971478906347828 0.9177546256839803 0
    outer loop
      vertex 2.980455040955507 -6.333789367262137 -1
      vertex 2.5768718687927485 -6.508435401217759 1
      vertex 2.980455040955507 -6.333789367262137 1
    endloop
  endfacet
  facet normal 0 0 -1
    outer loop
      vertex 2.7355887588133987 -10.654414772414944 0.050000000000000044
      vertex 3.7082039324993685 -11.412678195541842 0.050000000000000044
      vertex 2.9842786459782533 -11.622997933543575 0.050000000000000044
    endloop
  endfacet
  facet normal 0 0 -1
    outer loop
      vertex 2.7355887588133987 -10.654414772414944 0.050000000000000044
      vertex 3.3991869381244215 -10.461621679246688 0.050000000000000044
      vertex 3.7082039324993685 -11.412678195541842 0.050000000000000044
    endloop
  endfacet
  facet normal 0 0 -1
    outer loop
      vertex 3.3991869381244215 -10.461621679246688 0.050000000000000044
      vertex 4.41749463221614 -11.157317830659014 0.050000000000000044
      vertex 3.7082039324993685 -11.412678195541842 0.050000000000000044
    endloop
  endfacet
  facet normal 0 0 -1
    outer loop
      vertex 3.3991869381244215 -10.461621679246688 0.050000000000000044
      vertex 4.049370079531462 -10.227541344770763 0.050000000000000044
      vertex 4.41749463221614 -11.157317830659014 0.050000000000000044
    endloop
  endfacet
  facet normal 0 0 -1
    outer loop
      vertex 4.049370079531462 -10.227541344770763 0.050000000000000044
      vertex 5.109351498780869 -10.857924629592235 0.050000000000000044
      vertex 4.41749463221614 -11.157317830659014 0.050000000000000044
    endloop
  endfacet
  facet normal 0 0 -1
    outer loop
      vertex 4.049370079531462 -10.227541344770763 0.050000000000000044
      vertex 4.683572207215796 -9.953097577126215 0.050000000000000044
      vertex 5.109351498780869 -10.857924629592235 0.050000000000000044
    endloop
  endfacet
  facet normal 0 0 -1
    outer loop
      vertex 4.683572207215796 -9.953097577126215 0.050000000000000044
      vertex 5.781044089220584 -10.515680160526362 0.050000000000000044
      vertex 5.109351498780869 -10.857924629592235 0.050000000000000044
    endloop
  endfacet
  facet normal 0 0 -1
    outer loop
      vertex 4.683572207215796 -9.953097577126215 0.050000000000000044
      vertex 5.299290415118869 -9.639373480482497 0.050000000000000044
      vertex 5.781044089220584 -10.515680160526362 0.050000000000000044
    endloop
  endfacet
  facet normal 0 0 -1
    outer loop
      vertex 5.299290415118869 -9.639373480482497 0.050000000000000044
      vertex 6.429921539747955 -10.131935106024184 0.050000000000000044
      vertex 5.781044089220584 -10.515680160526362 0.050000000000000044
    endloop
  endfacet
  facet normal 0 0 -1
    outer loop
      vertex 5.299290415118869 -9.639373480482497 0.050000000000000044
      vertex 5.8940947447689584 -9.28760718052217 0.050000000000000044
      vertex 6.429921539747955 -10.131935106024184 0.050000000000000044
    endloop
  endfacet
  facet normal 0.27899110603923066 -0.9602936856769427 0
    outer loop
      vertex 2.9842786459782533 -11.622997933543575 1
      vertex 2.9842786459782533 -11.622997933543575 0.050000000000000044
      vertex 3.7082039324993685 -11.412678195541842 0.050000000000000044
    endloop
  endfacet
  facet normal 0.33873792024529087 -0.9408807689542257 0
    outer loop
      vertex 3.7082039324993685 -11.412678195541842 1
      vertex 3.7082039324993685 -11.412678195541842 0.050000000000000044
      vertex 4.41749463221614 -11.157317830659014 0.050000000000000044
    endloop
  endfacet
  facet normal 0.39714789063478073 -0.917754625683981 0
    outer loop
      vertex 4.41749463221614 -11.157317830659014 1
      vertex 4.41749463221614 -11.157317830659014 0.050000000000000044
      vertex 5.109351498780869 -10.857924629592235 0.050000000000000044
    endloop
  endfacet
  facet normal 0.453990499739547 -0.8910065241883678 0
    outer loop
      vertex 5.109351498780869 -10.857924629592235 1
      vertex 5.109351498780869 -10.857924629592235 0.050000000000000044
      vertex 5.781044089220584 -10.515680160526362 0.050000000000000044
    endloop
  endfacet
  facet normal 0.5090414157503705 -0.8607420270039441 0
    outer loop
      vertex 5.781044089220584 -10.515680160526362 1
      vertex 5.781044089220584 -10.515680160526362 0.050000000000000044
      vertex 6.429921539747955 -10.131935106024184 0.050000000000000044
    endloop
  endfacet
  facet normal -0.4539904997395458 0.8910065241883682 0
    outer loop
      vertex 3.372275718712008 -6.134146760307044 -1
      vertex 2.980455040955507 -6.333789367262137 1
      vertex 3.372275718712008 -6.134146760307044 1
    endloop
  endfacet
  facet normal 0.03141075907812932 -0.9995065603657314 0
    outer loop
      vertex 0 -12 1
      vertex 0.7534862343517652 -11.976320741139258 0.050000000000000044
      vertex 0.7534862343517652 -11.976320741139258 1
    endloop
  endfacet
  facet normal 0.09410831331851384 -0.9955619646030801 0
    outer loop
      vertex 0.7534862343517652 -11.976320741139258 1
      vertex 1.5039988027716489 -11.905376415773734 0.050000000000000044
      vertex 1.5039988027716489 -11.905376415773734 1
    endloop
  endfacet
  facet normal 0.15643446504023234 -0.9876883405951374 0
    outer loop
      vertex 1.5039988027716489 -11.905376415773734 1
      vertex 2.248575775028698 -11.787447008744262 0.050000000000000044
      vertex 2.248575775028698 -11.787447008744262 1
    endloop
  endfacet
  facet normal 0.2181432413965406 -0.9759167619387479 0
    outer loop
      vertex 2.248575775028698 -11.787447008744262 1
      vertex 2.9842786459782533 -11.622997933543575 0.050000000000000044
      vertex 2.9842786459782533 -11.622997933543575 1
    endloop
  endfacet
  facet normal 0 0 1
    outer loop
      vertex 0 -12 1
      vertex 0.7534862343517652 -11.976320741139258 1
      vertex 0.43953363670519635 -6.986187098997901 1
    endloop
  endfacet
  facet normal 0 0 1
    outer loop
      vertex 0.7534862343517652 -11.976320741139258 1
      vertex 1.5039988027716489 -11.905376415773734 1
      vertex 0.43953363670519635 -6.986187098997901 1
    endloop
  endfacet
  facet normal 0 0 1
    outer loop
      vertex 1.5039988027716489 -11.905376415773734 1
      vertex 2.248575775028698 -11.787447008744262 1
      vertex 1.3116692021000738 -6.87601075510082 1
    endloop
  endfacet
  facet normal 0 0 1
    outer loop
      vertex 2.248575775028698 -11.787447008744262 1
      vertex 2.9842786459782533 -11.622997933543575 1
      vertex 2.1631189606246317 -6.657395614066075 1
    endloop
  endfacet
  facet normal 0 0 1
    outer loop
      vertex 0 -12 1
      vertex 0.43953363670519635 -6.986187098997901 1
      vertex 0 -7 1
    endloop
  endfacet
  facet normal 0 0 1
    outer loop
      vertex 1.5039988027716489 -11.905376415773734 1
      vertex 0.8773326349501285 -6.9448029092013455 1
      vertex 0.43953363670519635 -6.986187098997901 1
    endloop
  endfacet
  facet normal 0 0 1
    outer loop
      vertex 1.5039988027716489 -11.905376415773734 1
      vertex 1.3116692021000738 -6.87601075510082 1
      vertex 0.8773326349501285 -6.9448029092013455 1
    endloop
  endfacet
  facet normal 0 0 1
    outer loop
      vertex 2.248575775028698 -11.787447008744262 1
      vertex 1.740829210153981 -6.780082127900418 1
      vertex 1.3116692021000738 -6.87601075510082 1
    endloop
  endfacet
  facet normal 0 0 1
    outer loop
      vertex 2.248575775028698 -11.787447008744262 1
      vertex 2.1631189606246317 -6.657395614066075 1
      vertex 1.740829210153981 -6.780082127900418 1
    endloop
  endfacet
  facet normal 0 0 1
    outer loop
      vertex 2.9842786459782533 -11.622997933543575 1
      vertex 2.5768718687927485 -6.508435401217759 1
      vertex 2.1631189606246317 -6.657395614066075 1
    endloop
  endfacet
  facet normal 0 0 1
    outer loop
      vertex 2.9842786459782533 -11.622997933543575 1
      vertex 2.980455040955507 -6.333789367262137 1
      vertex 2.5768718687927485 -6.508435401217759 1
    endloop
  endfacet
  facet normal 0.27899110603923066 -0.9602936856769427 0
    outer loop
      vertex 2.9842786459782533 -11.622997933543575 1
      vertex 3.7082039324993685 -11.412678195541842 0.050000000000000044
      vertex 3.7082039324993685 -11.412678195541842 1
    endloop
  endfacet
  facet normal 0.33873792024529087 -0.9408807689542257 0
    outer loop
      vertex 3.7082039324993685 -11.412678195541842 1
      vertex 4.41749463221614 -11.157317830659014 0.050000000000000044
      vertex 4.41749463221614 -11.157317830659014 1
    endloop
  endfacet
  facet normal 0.39714789063478073 -0.917754625683981 0
    outer loop
      vertex 4.41749463221614 -11.157317830659014 1
      vertex 5.109351498780869 -10.857924629592235 0.050000000000000044
      vertex 5.109351498780869 -10.857924629592235 1
    endloop
  endfacet
  facet normal 0.453990499739547 -0.8910065241883678 0
    outer loop
      vertex 5.109351498780869 -10.857924629592235 1
      vertex 5.781044089220584 -10.515680160526362 0.050000000000000044
      vertex 5.781044089220584 -10.515680160526362 1
    endloop
  endfacet
  facet normal 0 0 1
    outer loop
      vertex 2.9842786459782533 -11.622997933543575 1
      vertex 3.7082039324993685 -11.412678195541842 1
      vertex 2.980455040955507 -6.333789367262137 1
    endloop
  endfacet
  facet normal 0 0 1
    outer loop
      vertex 3.7082039324993685 -11.412678195541842 1
      vertex 4.41749463221614 -11.157317830659014 1
      vertex 3.372275718712008 -6.134146760307044 1
    endloop
  endfacet
  facet normal 0 0 1
    outer loop
      vertex 4.41749463221614 -11.157317830659014 1
      vertex 5.109351498780869 -10.857924629592235 1
      vertex 4.114496766047312 -5.663118960624632 1
    endloop
  endfacet
  facet normal 0 0 1
    outer loop
      vertex 3.7082039324993685 -11.412678195541842 1
      vertex 3.372275718712008 -6.134146760307044 1
      vertex 2.980455040955507 -6.333789367262137 1
    endloop
  endfacet
  facet normal 0 0 1
    outer loop
      vertex 4.41749463221614 -11.157317830659014 1
      vertex 3.7507875648529736 -5.910295478514107 1
      vertex 3.372275718712008 -6.134146760307044 1
    endloop
  endfacet
  facet normal 0 0 1
    outer loop
      vertex 4.41749463221614 -11.157317830659014 1
      vertex 4.114496766047312 -5.663118960624632 1
      vertex 3.7507875648529736 -5.910295478514107 1
    endloop
  endfacet
  facet normal 0 0 1
    outer loop
      vertex 5.109351498780869 -10.857924629592235 1
      vertex 5.781044089220584 -10.515680160526362 1
      vertex 5.1027803919498815 -4.79182974150082 1
    endloop
  endfacet
  facet normal 0 0 1
    outer loop
      vertex 5.781044089220584 -10.515680160526362 1
      vertex 6.429921539747955 -10.131935106024184 1
      vertex 5.663118960624632 -4.114496766047312 1
    endloop
  endfacet
  facet normal 0 0 1
    outer loop
      vertex 5.109351498780869 -10.857924629592235 1
      vertex 4.4619679282408296 -5.393592699430523 1
      vertex 4.114496766047312 -5.663118960624632 1
    endloop
  endfacet
  facet normal 0 0 1
    outer loop
      vertex 5.109351498780869 -10.857924629592235 1
      vertex 4.79182974150082 -5.1027803919498815 1
      vertex 4.4619679282408296 -5.393592699430523 1
    endloop
  endfacet
  facet normal 0 0 1
    outer loop
      vertex 5.109351498780869 -10.857924629592235 1
      vertex 5.1027803919498815 -4.79182974150082 1
      vertex 4.79182974150082 -5.1027803919498815 1
    endloop
  endfacet
  facet normal 0 0 1
    outer loop
      vertex 5.781044089220584 -10.515680160526362 1
      vertex 5.393592699430523 -4.4619679282408296 1
      vertex 5.1027803919498815 -4.79182974150082 1
    endloop
  endfacet
  facet normal 0 0 1
    outer loop
      vertex 5.781044089220584 -10.515680160526362 1
      vertex 5.663118960624632 -4.114496766047312 1
      vertex 5.393592699430523 -4.4619679282408296 1
    endloop
  endfacet
  facet normal -0.509041415750371 0.8607420270039439 0
    outer loop
      vertex 3.372275718712008 -6.134146760307044 1
      vertex 3.7507875648529736 -5.910295478514107 1
      vertex 3.7507875648529736 -5.910295478514107 -1
    endloop
  endfacet
  facet normal -0.5620833778521299 0.8270805742745622 0
    outer loop
      vertex 4.114496766047312 -5.663118960624632 -1
      vertex 3.7507875648529736 -5.910295478514107 1
      vertex 4.114496766047312 -5.663118960624632 1
    endloop
  endfacet
  facet normal -0.6129070536529768 0.7901550123756901 0
    outer loop
      vertex 4.114496766047312 -5.663118960624632 1
      vertex 4.4619679282408296 -5.393592699430523 1
      vertex 4.4619679282408296 -5.393592699430523 -1
    endloop
  endfacet
  facet normal -0.6613118653236518 0.7501110696304596 0
    outer loop
      vertex 4.79182974150082 -5.1027803919498815 -1
      vertex 4.4619679282408296 -5.393592699430523 1
      vertex 4.79182974150082 -5.1027803919498815 1
    endloop
  endfacet
  facet normal -0.7071067811865476 0.7071067811865476 0
    outer loop
      vertex 4.79182974150082 -5.1027803919498815 1
      vertex 5.1027803919498815 -4.79182974150082 1
      vertex 5.1027803919498815 -4.79182974150082 -1
    endloop
  endfacet
  facet normal -0.7501110696304596 0.6613118653236518 0
    outer loop
      vertex 5.393592699430523 -4.4619679282408296 -1
      vertex 5.1027803919498815 -4.79182974150082 1
      vertex 5.393592699430523 -4.4619679282408296 1
    endloop
  endfacet
  facet normal -0.7901550123756901 0.6129070536529768 0
    outer loop
      vertex 5.393592699430523 -4.4619679282408296 1
      vertex 5.663118960624632 -4.114496766047312 1
      vertex 5.663118960624632 -4.114496766047312 -1
    endloop
  endfacet
  facet normal -0.8270805742745622 0.5620833778521299 0
    outer loop
      vertex 5.663118960624632 -4.114496766047312 1
      vertex 5.910295478514107 -3.7507875648529736 1
      vertex 5.910295478514107 -3.7507875648529736 -1
    endloop
  endfacet
  facet normal 0 0 -1
    outer loop
      vertex 5.8940947447689584 -9.28760718052217 0.050000000000000044
      vertex 7.053423027509678 -9.70820393249937 0.050000000000000044
      vertex 6.429921539747955 -10.131935106024184 0.050000000000000044
    endloop
  endfacet
  facet normal 0 0 -1
    outer loop
      vertex 5.8940947447689584 -9.28760718052217 0.050000000000000044
      vertex 6.465637775217204 -8.899186938124423 0.050000000000000044
      vertex 7.053423027509678 -9.70820393249937 0.050000000000000044
    endloop
  endfacet
  facet normal 0 0 -1
    outer loop
      vertex 6.465637775217204 -8.899186938124423 0.050000000000000044
      vertex 7.64908787698428 -9.246158913309468 0.050000000000000044
      vertex 7.053423027509678 -9.70820393249937 0.050000000000000044
    endloop
  endfacet
  facet normal 0.5620833778521298 -0.8270805742745623 0
    outer loop
      vertex 6.429921539747955 -10.131935106024184 1
      vertex 6.429921539747955 -10.131935106024184 0.050000000000000044
      vertex 7.053423027509678 -9.70820393249937 0.050000000000000044
    endloop
  endfacet
  facet normal 0.6129070536529768 -0.7901550123756902 0
    outer loop
      vertex 7.053423027509678 -9.70820393249937 1
      vertex 7.053423027509678 -9.70820393249937 0.050000000000000044
      vertex 7.64908787698428 -9.246158913309468 0.050000000000000044
    endloop
  endfacet
  facet normal 0.6613118653236519 -0.7501110696304595 0
    outer loop
      vertex 7.64908787698428 -9.246158913309468 1
      vertex 7.64908787698428 -9.246158913309468 0.050000000000000044
      vertex 8.214565271144263 -8.74762352905694 0.050000000000000044
    endloop
  endfacet
  facet normal 0 0 -1
    outer loop
      vertex 6.465637775217204 -8.899186938124423 0.050000000000000044
      vertex 7.011663887235589 -8.47564567053368 0.050000000000000044
      vertex 7.64908787698428 -9.246158913309468 0.050000000000000044
    endloop
  endfacet
  facet normal 0 0 -1
    outer loop
      vertex 7.011663887235589 -8.47564567053368 0.050000000000000044
      vertex 8.214565271144263 -8.74762352905694 0.050000000000000044
      vertex 7.64908787698428 -9.246158913309468 0.050000000000000044
    endloop
  endfacet
  facet normal 0 0 -1
    outer loop
      vertex 7.011663887235589 -8.47564567053368 0.050000000000000044
      vertex 7.530018165215574 -8.018654901635529 0.050000000000000044
      vertex 8.214565271144263 -8.74762352905694 0.050000000000000044
    endloop
  endfacet
  facet normal 0 0 -1
    outer loop
      vertex 7.530018165215574 -8.018654901635529 0.050000000000000044
      vertex 8.74762352905694 -8.214565271144263 0.050000000000000044
      vertex 8.214565271144263 -8.74762352905694 0.050000000000000044
    endloop
  endfacet
  facet normal 0 0 -1
    outer loop
      vertex 7.530018165215574 -8.018654901635529 0.050000000000000044
      vertex 8.018654901635529 -7.530018165215574 0.050000000000000044
      vertex 8.74762352905694 -8.214565271144263 0.050000000000000044
    endloop
  endfacet
  facet normal 0 0 -1
    outer loop
      vertex 8.018654901635529 -7.530018165215574 0.050000000000000044
      vertex 8.47564567053368 -7.011663887235589 0.050000000000000044
      vertex 8.74762352905694 -8.214565271144263 0.050000000000000044
    endloop
  endfacet
  facet normal 0 0 -1
    outer loop
      vertex 8.47564567053368 -7.011663887235589 0.050000000000000044
      vertex 9.246158913309468 -7.64908787698428 0.050000000000000044
      vertex 8.74762352905694 -8.214565271144263 0.050000000000000044
    endloop
  endfacet
  facet normal 0 0 -1
    outer loop
      vertex 8.47564567053368 -7.011663887235589 0.050000000000000044
      vertex 8.899186938124423 -6.465637775217204 0.050000000000000044
      vertex 9.246158913309468 -7.64908787698428 0.050000000000000044
    endloop
  endfacet
  facet normal 0.7071067811865475 -0.7071067811865475 0
    outer loop
      vertex 8.214565271144263 -8.74762352905694 1
      vertex 8.214565271144263 -8.74762352905694 0.050000000000000044
      vertex 8.74762352905694 -8.214565271144263 0.050000000000000044
    endloop
  endfacet
  facet normal 0.7501110696304595 -0.6613118653236519 0
    outer loop
      vertex 8.74762352905694 -8.214565271144263 1
      vertex 8.74762352905694 -8.214565271144263 0.050000000000000044
      vertex 9.246158913309468 -7.64908787698428 0.050000000000000044
    endloop
  endfacet
  facet normal 0 0 -1
    outer loop
      vertex 8.899186938124423 -6.465637775217204 0.050000000000000044
      vertex 9.70820393249937 -7.053423027509678 0.050000000000000044
      vertex 9.246158913309468 -7.64908787698428 0.050000000000000044
    endloop
  endfacet
  facet normal 0 0 -1
    outer loop
      vertex 8.899186938124423 -6.465637775217204 0.050000000000000044
      vertex 9.28760718052217 -5.8940947447689584 0.050000000000000044
      vertex 9.70820393249937 -7.053423027509678 0.050000000000000044
    endloop
  endfacet
  facet normal 0 0 -1
    outer loop
      vertex 9.28760718052217 -5.8940947447689584 0.050000000000000044
      vertex 10.131935106024184 -6.429921539747955 0.050000000000000044
      vertex 9.70820393249937 -7.053423027509678 0.050000000000000044
    endloop
  endfacet
  facet normal 0.7901550123756902 -0.6129070536529768 0
    outer loop
      vertex 9.246158913309468 -7.64908787698428 1
      vertex 9.246158913309468 -7.64908787698428 0.050000000000000044
      vertex 9.70820393249937 -7.053423027509678 0.050000000000000044
    endloop
  endfacet
  facet normal 0.8270805742745623 -0.5620833778521298 0
    outer loop
      vertex 9.70820393249937 -7.053423027509678 1
      vertex 9.70820393249937 -7.053423027509678 0.050000000000000044
      vertex 10.131935106024184 -6.429921539747955 0.050000000000000044
    endloop
  endfacet
  facet normal 0.8607420270039441 -0.5090414157503705 0
    outer loop
      vertex 10.131935106024184 -6.429921539747955 1
      vertex 10.131935106024184 -6.429921539747955 0.050000000000000044
      vertex 10.515680160526362 -5.781044089220584 0.050000000000000044
    endloop
  endfacet
  facet normal 0.5090414157503705 -0.8607420270039441 0
    outer loop
      vertex 5.781044089220584 -10.515680160526362 1
      vertex 6.429921539747955 -10.131935106024184 0.050000000000000044
      vertex 6.429921539747955 -10.131935106024184 1
    endloop
  endfacet
  facet normal 0.5620833778521298 -0.8270805742745623 0
    outer loop
      vertex 6.429921539747955 -10.131935106024184 1
      vertex 7.053423027509678 -9.70820393249937 0.050000000000000044
      vertex 7.053423027509678 -9.70820393249937 1
    endloop
  endfacet
  facet normal 0.6129070536529768 -0.7901550123756902 0
    outer loop
      vertex 7.053423027509678 -9.70820393249937 1
      vertex 7.64908787698428 -9.246158913309468 0.050000000000000044
      vertex 7.64908787698428 -9.246158913309468 1
    endloop
  endfacet
  facet normal 0.6613118653236519 -0.7501110696304595 0
    outer loop
      vertex 7.64908787698428 -9.246158913309468 1
      vertex 8.214565271144263 -8.74762352905694 0.050000000000000044
      vertex 8.214565271144263 -8.74762352905694 1
    endloop
  endfacet
  facet normal 0.7071067811865475 -0.7071067811865475 0
    outer loop
      vertex 8.214565271144263 -8.74762352905694 1
      vertex 8.74762352905694 -8.214565271144263 0.050000000000000044
      vertex 8.74762352905694 -8.214565271144263 1
    endloop
  endfacet
  facet normal 0 0 1
    outer loop
      vertex 6.429921539747955 -10.131935106024184 1
      vertex 7.053423027509678 -9.70820393249937 1
      vertex 6.333789367262137 -2.980455040955507 1
    endloop
  endfacet
  facet normal 0.7501110696304595 -0.6613118653236519 0
    outer loop
      vertex 8.74762352905694 -8.214565271144263 1
      vertex 9.246158913309468 -7.64908787698428 0.050000000000000044
      vertex 9.246158913309468 -7.64908787698428 1
    endloop
  endfacet
  facet normal 0.7901550123756902 -0.6129070536529768 0
    outer loop
      vertex 9.246158913309468 -7.64908787698428 1
      vertex 9.70820393249937 -7.053423027509678 0.050000000000000044
      vertex 9.70820393249937 -7.053423027509678 1
    endloop
  endfacet
  facet normal 0.8270805742745623 -0.5620833778521298 0
    outer loop
      vertex 9.70820393249937 -7.053423027509678 1
      vertex 10.131935106024184 -6.429921539747955 0.050000000000000044
      vertex 10.131935106024184 -6.429921539747955 1
    endloop
  endfacet
  facet normal -0.8607420270039439 0.509041415750371 0
    outer loop
      vertex 6.134146760307044 -3.372275718712008 -1
      vertex 5.910295478514107 -3.7507875648529736 1
      vertex 6.134146760307044 -3.372275718712008 1
    endloop
  endfacet
  facet normal -0.8910065241883682 0.4539904997395458 0
    outer loop
      vertex 6.134146760307044 -3.372275718712008 1
      vertex 6.333789367262137 -2.980455040955507 1
      vertex 6.333789367262137 -2.980455040955507 -1
    endloop
  endfacet
  facet normal -0.9177546256839803 0.3971478906347828 0
    outer loop
      vertex 6.333789367262137 -2.980455040955507 1
      vertex 6.508435401217759 -2.5768718687927485 1
      vertex 6.508435401217759 -2.5768718687927485 -1
    endloop
  endfacet
  facet normal -0.940880768954226 0.33873792024529004 0
    outer loop
      vertex 6.508435401217759 -2.5768718687927485 1
      vertex 6.657395614066075 -2.1631189606246317 1
      vertex 6.657395614066075 -2.1631189606246317 -1
    endloop
  endfacet
  facet normal -0.960293685676943 0.27899110603923 0
    outer loop
      vertex 6.780082127900418 -1.740829210153981 -1
      vertex 6.657395614066075 -2.1631189606246317 1
      vertex 6.780082127900418 -1.740829210153981 1
    endloop
  endfacet
  facet normal -0.9759167619387475 0.21814324139654157 0
    outer loop
      vertex 6.780082127900418 -1.740829210153981 1
      vertex 6.87601075510082 -1.3116692021000738 1
      vertex 6.87601075510082 -1.3116692021000738 -1
    endloop
  endfacet
  facet normal -0.9876883405951374 0.156434465040233 0
    outer loop
      vertex 6.9448029092013455 -0.8773326349501285 -1
      vertex 6.87601075510082 -1.3116692021000738 1
      vertex 6.9448029092013455 -0.8773326349501285 1
    endloop
  endfacet
  facet normal -0.9955619646030801 0.09410831331851316 0
    outer loop
      vertex 6.986187098997901 -0.43953363670519635 -1
      vertex 6.9448029092013455 -0.8773326349501285 1
      vertex 6.986187098997901 -0.43953363670519635 1
    endloop
  endfacet
  facet normal -0.9995065603657315 0.03141075907812865 0
    outer loop
      vertex 7 0 -1
      vertex 6.986187098997901 -0.43953363670519635 1
      vertex 7 0 1
    endloop
  endfacet
  facet normal 0 0 -1
    outer loop
      vertex 9.28760718052217 -5.8940947447689584 0.050000000000000044
      vertex 9.639373480482497 -5.299290415118869 0.050000000000000044
      vertex 10.131935106024184 -6.429921539747955 0.050000000000000044
    endloop
  endfacet
  facet normal 0 0 -1
    outer loop
      vertex 9.639373480482497 -5.299290415118869 0.050000000000000044
      vertex 9.953097577126215 -4.683572207215796 0.050000000000000044
      vertex 10.131935106024184 -6.429921539747955 0.050000000000000044
    endloop
  endfacet
  facet normal 0 0 -1
    outer loop
      vertex 9.953097577126215 -4.683572207215796 0.050000000000000044
      vertex 10.515680160526362 -5.781044089220584 0.050000000000000044
      vertex 10.131935106024184 -6.429921539747955 0.050000000000000044
    endloop
  endfacet
  facet normal 0 0 -1
    outer loop
      vertex 9.953097577126215 -4.683572207215796 0.050000000000000044
      vertex 10.227541344770763 -4.049370079531462 0.050000000000000044
      vertex 10.515680160526362 -5.781044089220584 0.050000000000000044
    endloop
  endfacet
  facet normal 0 0 -1
    outer loop
      vertex 10.227541344770763 -4.049370079531462 0.050000000000000044
      vertex 10.857924629592235 -5.109351498780869 0.050000000000000044
      vertex 10.515680160526362 -5.781044089220584 0.050000000000000044
    endloop
  endfacet
  facet normal 0 0 -1
    outer loop
      vertex 10.227541344770763 -4.049370079531462 0.050000000000000044
      vertex 10.461621679246688 -3.3991869381244215 0.050000000000000044
      vertex 10.857924629592235 -5.109351498780869 0.050000000000000044
    endloop
  endfacet
  facet normal 0 0 -1
    outer loop
      vertex 10.461621679246688 -3.3991869381244215 0.050000000000000044
      vertex 11.157317830659014 -4.41749463221614 0.050000000000000044
      vertex 10.857924629592235 -5.109351498780869 0.050000000000000044
    endloop
  endfacet
  facet normal 0 0 -1
    outer loop
      vertex 10.461621679246688 -3.3991869381244215 0.050000000000000044
      vertex 10.654414772414944 -2.7355887588133987 0.050000000000000044
      vertex 11.157317830659014 -4.41749463221614 0.050000000000000044
    endloop
  endfacet
  facet normal 0 0 -1
    outer loop
      vertex 10.654414772414944 -2.7355887588133987 0.050000000000000044
      vertex 10.805159758015575 -2.061194460442973 0.050000000000000044
      vertex 11.157317830659014 -4.41749463221614 0.050000000000000044
    endloop
  endfacet
  facet normal 0 0 -1
    outer loop
      vertex 10.913261714459257 -1.3786655692073446 0.050000000000000044
      vertex 11.412678195541842 -3.7082039324993685 0.050000000000000044
      vertex 11.157317830659014 -4.41749463221614 0.050000000000000044
    endloop
  endfacet
  facet normal 0.8910065241883678 -0.453990499739547 0
    outer loop
      vertex 10.515680160526362 -5.781044089220584 1
      vertex 10.515680160526362 -5.781044089220584 0.050000000000000044
      vertex 10.857924629592235 -5.109351498780869 0.050000000000000044
    endloop
  endfacet
  facet normal 0.917754625683981 -0.39714789063478073 0
    outer loop
      vertex 10.857924629592235 -5.109351498780869 1
      vertex 10.857924629592235 -5.109351498780869 0.050000000000000044
      vertex 11.157317830659014 -4.41749463221614 0.050000000000000044
    endloop
  endfacet
  facet normal 0.9408807689542257 -0.33873792024529087 0
    outer loop
      vertex 11.157317830659014 -4.41749463221614 1
      vertex 11.157317830659014 -4.41749463221614 0.050000000000000044
      vertex 11.412678195541842 -3.7082039324993685 0.050000000000000044
    endloop
  endfacet
  facet normal 0.9602936856769427 -0.27899110603923066 0
    outer loop
      vertex 11.412678195541842 -3.7082039324993685 1
      vertex 11.412678195541842 -3.7082039324993685 0.050000000000000044
      vertex 11.622997933543575 -2.9842786459782533 0.050000000000000044
    endloop
  endfacet
  facet normal 0 0 -1
    outer loop
      vertex 10.805159758015575 -2.061194460442973 0.050000000000000044
      vertex 10.913261714459257 -1.3786655692073446 0.050000000000000044
      vertex 11.157317830659014 -4.41749463221614 0.050000000000000044
    endloop
  endfacet
  facet normal 0 0 -1
    outer loop
      vertex 10.913261714459257 -1.3786655692073446 0.050000000000000044
      vertex 10.978294012710988 -0.6906957148224514 0.050000000000000044
      vertex 11.412678195541842 -3.7082039324993685 0.050000000000000044
    endloop
  endfacet
  facet normal 0 0 -1
    outer loop
      vertex 10.978294012710988 -0.6906957148224514 0.050000000000000044
      vertex 11 0 0.050000000000000044
      vertex 11.412678195541842 -3.7082039324993685 0.050000000000000044
    endloop
  endfacet
  facet normal 0 0 -1
    outer loop
      vertex 11.622997933543575 -2.9842786459782533 0.050000000000000044
      vertex 11.412678195541842 -3.7082039324993685 0.050000000000000044
      vertex 11.157317830659016 4.417494632216136 0.050000000000000044
    endloop
  endfacet
  facet normal 0 0 -1
    outer loop
      vertex 11.787447008744262 -2.248575775028698 0.050000000000000044
      vertex 11.622997933543575 -2.9842786459782533 0.050000000000000044
      vertex 11.412678195541842 3.7082039324993685 0.050000000000000044
    endloop
  endfacet
  facet normal 0 0 -1
    outer loop
      vertex 11.787447008744262 -2.248575775028698 0.050000000000000044
      vertex 11.622997933543573 2.9842786459782573 0.050000000000000044
      vertex 11.905376415773734 -1.5039988027716489 0.050000000000000044
    endloop
  endfacet
  facet normal 0 0 -1
    outer loop
      vertex 11.976320741139258 -0.7534862343517652 0.050000000000000044
      vertex 11.905376415773734 -1.5039988027716489 0.050000000000000044
      vertex 11.787447008744264 2.2485757750286957 0.050000000000000044
    endloop
  endfacet
  facet normal 0 0 -1
    outer loop
      vertex 11.976320741139258 -0.7534862343517652 0.050000000000000044
      vertex 11.976320741139258 0.7534862343517605 0.050000000000000044
      vertex 12 0 0.050000000000000044
    endloop
  endfacet
  facet normal 0.9759167619387479 -0.2181432413965406 0
    outer loop
      vertex 11.622997933543575 -2.9842786459782533 1
      vertex 11.622997933543575 -2.9842786459782533 0.050000000000000044
      vertex 11.787447008744262 -2.248575775028698 0.050000000000000044
    endloop
  endfacet
  facet normal 0.9876883405951374 -0.15643446504023234 0
    outer loop
      vertex 11.787447008744262 -2.248575775028698 1
      vertex 11.787447008744262 -2.248575775028698 0.050000000000000044
      vertex 11.905376415773734 -1.5039988027716489 0.050000000000000044
    endloop
  endfacet
  facet normal 0.9955619646030801 -0.09410831331851384 0
    outer loop
      vertex 11.905376415773734 -1.5039988027716489 1
      vertex 11.905376415773734 -1.5039988027716489 0.050000000000000044
      vertex 11.976320741139258 -0.7534862343517652 0.050000000000000044
    endloop
  endfacet
  facet normal 0.9995065603657314 -0.03141075907812932 0
    outer loop
      vertex 11.976320741139258 -0.7534862343517652 1
      vertex 11.976320741139258 -0.7534862343517652 0.050000000000000044
      vertex 12 0 0.050000000000000044
    endloop
  endfacet
  facet normal 0 0 1
    outer loop
      vertex 6.429921539747955 -10.131935106024184 1
      vertex 5.910295478514107 -3.7507875648529736 1
      vertex 5.663118960624632 -4.114496766047312 1
    endloop
  endfacet
  facet normal 0 0 1
    outer loop
      vertex 6.429921539747955 -10.131935106024184 1
      vertex 6.134146760307044 -3.372275718712008 1
      vertex 5.910295478514107 -3.7507875648529736 1
    endloop
  endfacet
  facet normal 0 0 1
    outer loop
      vertex 6.429921539747955 -10.131935106024184 1
      vertex 6.333789367262137 -2.980455040955507 1
      vertex 6.134146760307044 -3.372275718712008 1
    endloop
  endfacet
  facet normal 0 0 1
    outer loop
      vertex 7.053423027509678 -9.70820393249937 1
      vertex 6.508435401217759 -2.5768718687927485 1
      vertex 6.333789367262137 -2.980455040955507 1
    endloop
  endfacet
  facet normal 0 0 1
    outer loop
      vertex 7.053423027509678 -9.70820393249937 1
      vertex 6.657395614066075 -2.1631189606246317 1
      vertex 6.508435401217759 -2.5768718687927485 1
    endloop
  endfacet
  facet normal 0 0 1
    outer loop
      vertex 7.053423027509678 -9.70820393249937 1
      vertex 6.780082127900418 -1.740829210153981 1
      vertex 6.657395614066075 -2.1631189606246317 1
    endloop
  endfacet
  facet normal 0 0 1
    outer loop
      vertex 7.053423027509678 -9.70820393249937 1
      vertex 6.87601075510082 -1.3116692021000738 1
      vertex 6.780082127900418 -1.740829210153981 1
    endloop
  endfacet
  facet normal 0 0 1
    outer loop
      vertex 7.053423027509678 -9.70820393249937 1
      vertex 6.9448029092013455 -0.8773326349501285 1
      vertex 6.87601075510082 -1.3116692021000738 1
    endloop
  endfacet
  facet normal 0 0 1
    outer loop
      vertex 7.053423027509678 -9.70820393249937 1
      vertex 6.986187098997901 -0.43953363670519635 1
      vertex 6.9448029092013455 -0.8773326349501285 1
    endloop
  endfacet
  facet normal 0 0 1
    outer loop
      vertex 7.053423027509678 -9.70820393249937 1
      vertex 7 0 1
      vertex 6.986187098997901 -0.43953363670519635 1
    endloop
  endfacet
  facet normal 0 0 1
    outer loop
      vertex 7.053423027509678 -9.70820393249937 1
      vertex 7.64908787698428 -9.246158913309468 1
      vertex 7.053423027509678 9.70820393249937 1
    endloop
  endfacet
  facet normal 0 0 1
    outer loop
      vertex 7.64908787698428 -9.246158913309468 1
      vertex 8.214565271144263 -8.74762352905694 1
      vertex 7.649087876984277 9.24615891330947 1
    endloop
  endfacet
  facet normal 0 0 1
    outer loop
      vertex 8.214565271144263 -8.74762352905694 1
      vertex 8.74762352905694 -8.214565271144263 1
      vertex 8.214565271144265 8.747623529056938 1
    endloop
  endfacet
  facet normal 0 0 1
    outer loop
      vertex 8.74762352905694 -8.214565271144263 1
      vertex 9.246158913309468 -7.64908787698428 1
      vertex 8.747623529056938 8.214565271144265 1
    endloop
  endfacet
  facet normal 0.8607420270039441 -0.5090414157503705 0
    outer loop
      vertex 10.131935106024184 -6.429921539747955 1
      vertex 10.515680160526362 -5.781044089220584 0.050000000000000044
      vertex 10.515680160526362 -5.781044089220584 1
    endloop
  endfacet
  facet normal 0.8910065241883678 -0.453990499739547 0
    outer loop
      vertex 10.515680160526362 -5.781044089220584 1
      vertex 10.857924629592235 -5.109351498780869 0.050000000000000044
      vertex 10.857924629592235 -5.109351498780869 1
    endloop
  endfacet
  facet normal 0.917754625683981 -0.39714789063478073 0
    outer loop
      vertex 10.857924629592235 -5.109351498780869 1
      vertex 11.157317830659014 -4.41749463221614 0.050000000000000044
      vertex 11.157317830659014 -4.41749463221614 1
    endloop
  endfacet
  facet normal 0.9408807689542257 -0.33873792024529087 0
    outer loop
      vertex 11.157317830659014 -4.41749463221614 1
      vertex 11.412678195541842 -3.7082039324993685 0.050000000000000044
      vertex 11.412678195541842 -3.7082039324993685 1
    endloop
  endfacet
  facet normal 0.9602936856769427 -0.27899110603923066 0
    outer loop
      vertex 11.412678195541842 -3.7082039324993685 1
      vertex 11.622997933543575 -2.9842786459782533 0.050000000000000044
      vertex 11.622997933543575 -2.9842786459782533 1
    endloop
  endfacet
  facet normal 0.9759167619387479 -0.2181432413965406 0
    outer loop
      vertex 11.622997933543575 -2.9842786459782533 1
      vertex 11.787447008744262 -2.248575775028698 0.050000000000000044
      vertex 11.787447008744262 -2.248575775028698 1
    endloop
  endfacet
  facet normal 0.9876883405951374 -0.15643446504023234 0
    outer loop
      vertex 11.787447008744262 -2.248575775028698 1
      vertex 11.905376415773734 -1.5039988027716489 0.050000000000000044
      vertex 11.905376415773734 -1.5039988027716489 1
    endloop
  endfacet
  facet normal 0.9955619646030801 -0.09410831331851384 0
    outer loop
      vertex 11.905376415773734 -1.5039988027716489 1
      vertex 11.976320741139258 -0.7534862343517652 0.050000000000000044
      vertex 11.976320741139258 -0.7534862343517652 1
    endloop
  endfacet
  facet normal 0.9995065603657314 -0.03141075907812932 0
    outer loop
      vertex 11.976320741139258 -0.7534862343517652 1
      vertex 12 0 0.050000000000000044
      vertex 12 0 1
    endloop
  endfacet
  facet normal 0 0 1
    outer loop
      vertex 9.246158913309468 -7.64908787698428 1
      vertex 9.70820393249937 -7.053423027509678 1
      vertex 9.24615891330947 7.649087876984277 1
    endloop
  endfacet
  facet normal 0 0 1
    outer loop
      vertex 9.70820393249937 -7.053423027509678 1
      vertex 10.131935106024184 -6.429921539747955 1
      vertex 9.70820393249937 7.053423027509678 1
    endloop
  endfacet
  facet normal 0 0 1
    outer loop
      vertex 10.131935106024184 -6.429921539747955 1
      vertex 10.515680160526362 -5.781044089220584 1
      vertex 10.13193510602418 6.42992153974796 1
    endloop
  endfacet
  facet normal 0 0 1
    outer loop
      vertex 10.515680160526362 -5.781044089220584 1
      vertex 10.857924629592235 -5.109351498780869 1
      vertex 10.515680160526363 5.781044089220584 1
    endloop
  endfacet
  facet normal 0 0 1
    outer loop
      vertex 10.857924629592235 -5.109351498780869 1
      vertex 11.157317830659014 -4.41749463221614 1
      vertex 10.857924629592235 5.109351498780872 1
    endloop
  endfacet
  facet normal 0 0 1
    outer loop
      vertex 11.157317830659014 -4.41749463221614 1
      vertex 11.412678195541842 -3.7082039324993685 1
      vertex 11.157317830659016 4.417494632216136 1
    endloop
  endfacet
  facet normal 0 0 1
    outer loop
      vertex 11.412678195541842 -3.7082039324993685 1
      vertex 11.622997933543575 -2.9842786459782533 1
      vertex 11.412678195541842 3.7082039324993685 1
    endloop
  endfacet
  facet normal 0 0 1
    outer loop
      vertex 11.622997933543575 -2.9842786459782533 1
      vertex 11.787447008744262 -2.248575775028698 1
      vertex 11.622997933543573 2.9842786459782573 1
    endloop
  endfacet
  facet normal 0 0 1
    outer loop
      vertex 11.787447008744262 -2.248575775028698 1
      vertex 11.905376415773734 -1.5039988027716489 1
      vertex 11.787447008744264 2.2485757750286957 1
    endloop
  endfacet
  facet normal 0 0 1
    outer loop
      vertex 11.905376415773734 -1.5039988027716489 1
      vertex 11.976320741139258 -0.7534862343517652 1
      vertex 11.905376415773734 1.503998802771651 1
    endloop
  endfacet
  facet normal 0 0 1
    outer loop
      vertex 11.976320741139258 -0.7534862343517652 1
      vertex 12 0 1
      vertex 11.976320741139258 0.7534862343517605 1
    endloop
  endfacet
  facet normal 0 0 -1
    outer loop
      vertex 5.393592699430524 4.461967928240828 -1
      vertex 5.894094744768963 9.287607180522166 -1
      vertex 5.663118960624632 4.114496766047312 -1
    endloop
  endfacet
  facet normal -0.5090414157503711 -0.8607420270039438 0
    outer loop
      vertex 3.3722757187120065 6.134146760307045 -1
      vertex 3.7507875648529767 5.910295478514105 -1
      vertex 3.7507875648529767 5.910295478514105 1
    endloop
  endfacet
  facet normal -0.5620833778521305 -0.8270805742745618 0
    outer loop
      vertex 4.114496766047312 5.663118960624632 -1
      vertex 4.114496766047312 5.663118960624632 1
      vertex 3.7507875648529767 5.910295478514105 -1
    endloop
  endfacet
  facet normal -0.6129070536529775 -0.7901550123756895 0
    outer loop
      vertex 4.114496766047312 5.663118960624632 -1
      vertex 4.461967928240828 5.393592699430524 -1
      vertex 4.461967928240828 5.393592699430524 1
    endloop
  endfacet
  facet normal -0.7901550123756895 -0.6129070536529775 0
    outer loop
      vertex 5.393592699430524 4.461967928240828 -1
      vertex 5.663118960624632 4.114496766047312 -1
      vertex 5.663118960624632 4.114496766047312 1
    endloop
  endfacet
  facet normal -0.8270805742745618 -0.5620833778521305 0
    outer loop
      vertex 5.663118960624632 4.114496766047312 -1
      vertex 5.910295478514105 3.7507875648529767 -1
      vertex 5.910295478514105 3.7507875648529767 1
    endloop
  endfacet
  facet normal -0.6613118653236502 -0.7501110696304611 0
    outer loop
      vertex 4.461967928240828 5.393592699430524 -1
      vertex 4.7918297415008215 5.102780391949881 -1
      vertex 4.7918297415008215 5.102780391949881 1
    endloop
  endfacet
  facet normal -0.7071067811865476 -0.7071067811865476 0
    outer loop
      vertex 4.7918297415008215 5.102780391949881 -1
      vertex 5.102780391949881 4.7918297415008215 -1
      vertex 5.102780391949881 4.7918297415008215 1
    endloop
  endfacet
  facet normal -0.7501110696304611 -0.6613118653236502 0
    outer loop
      vertex 5.102780391949881 4.7918297415008215 -1
      vertex 5.393592699430524 4.461967928240828 -1
      vertex 5.393592699430524 4.461967928240828 1
    endloop
  endfacet
  facet normal 0 0 -1
    outer loop
      vertex 0.43953363670519296 6.986187098997901 -1
      vertex 0 7 -1
      vertex 0.6906957148224461 10.978294012710988 -1
    endloop
  endfacet
  facet normal 0 0 -1
    outer loop
      vertex 2.0611944604429704 10.805159758015575 -1
      vertex 1.311669202100072 6.876010755100821 -1
      vertex 0.87733263495013 6.9448029092013455 -1
    endloop
  endfacet
  facet normal 0 0 -1
    outer loop
      vertex 0.87733263495013 6.9448029092013455 -1
      vertex 0.43953363670519296 6.986187098997901 -1
      vertex 1.378665569207347 10.913261714459257 -1
    endloop
  endfacet
  facet normal 0 0 -1
    outer loop
      vertex 2.735588758813403 10.654414772414942 -1
      vertex 1.740829210153984 6.7800821279004175 -1
      vertex 1.311669202100072 6.876010755100821 -1
    endloop
  endfacet
  facet normal 0 0 -1
    outer loop
      vertex 2.735588758813403 10.654414772414942 -1
      vertex 2.1631189606246317 6.657395614066075 -1
      vertex 1.740829210153984 6.7800821279004175 -1
    endloop
  endfacet
  facet normal 0 0 -1
    outer loop
      vertex 3.3991869381244215 10.461621679246688 -1
      vertex 2.980455040955509 6.333789367262137 -1
      vertex 2.576871868792745 6.50843540121776 -1
    endloop
  endfacet
  facet normal 0 0 -1
    outer loop
      vertex 3.3991869381244215 10.461621679246688 -1
      vertex 2.576871868792745 6.50843540121776 -1
      vertex 2.1631189606246317 6.657395614066075 -1
    endloop
  endfacet
  facet normal 0 0 -1
    outer loop
      vertex 0 7 -1
      vertex 0 11 -1
      vertex 0.6906957148224461 10.978294012710988 -1
    endloop
  endfacet
  facet normal 0 0 -1
    outer loop
      vertex 0.43953363670519296 6.986187098997901 -1
      vertex 0.6906957148224461 10.978294012710988 -1
      vertex 1.378665569207347 10.913261714459257 -1
    endloop
  endfacet
  facet normal 0 0 -1
    outer loop
      vertex 0.87733263495013 6.9448029092013455 -1
      vertex 1.378665569207347 10.913261714459257 -1
      vertex 2.0611944604429704 10.805159758015575 -1
    endloop
  endfacet
  facet normal 0 0 -1
    outer loop
      vertex 1.311669202100072 6.876010755100821 -1
      vertex 2.0611944604429704 10.805159758015575 -1
      vertex 2.735588758813403 10.654414772414942 -1
    endloop
  endfacet
  facet normal 0 0 -1
    outer loop
      vertex 2.1631189606246317 6.657395614066075 -1
      vertex 2.735588758813403 10.654414772414942 -1
      vertex 3.3991869381244215 10.461621679246688 -1
    endloop
  endfacet
  facet normal 0.031410759078127425 0.9995065603657316 0
    outer loop
      vertex 0 11 0.050000000000000044
      vertex 0.6906957148224461 10.978294012710988 -1
      vertex 0 11 -1
    endloop
  endfacet
  facet normal 0.09410831331851448 0.99556196460308 0
    outer loop
      vertex 0.6906957148224461 10.978294012710988 0.050000000000000044
      vertex 1.378665569207347 10.913261714459257 -1
      vertex 0.6906957148224461 10.978294012710988 -1
    endloop
  endfacet
  facet normal 0.15643446504023178 0.9876883405951375 0
    outer loop
      vertex 1.378665569207347 10.913261714459257 0.050000000000000044
      vertex 2.0611944604429704 10.805159758015575 -1
      vertex 1.378665569207347 10.913261714459257 -1
    endloop
  endfacet
  facet normal 0.21814324139654276 0.9759167619387474 0
    outer loop
      vertex 2.0611944604429704 10.805159758015575 0.050000000000000044
      vertex 2.735588758813403 10.654414772414942 -1
      vertex 2.0611944604429704 10.805159758015575 -1
    endloop
  endfacet
  facet normal 0.2789911060392302 0.9602936856769427 0
    outer loop
      vertex 2.735588758813403 10.654414772414942 0.050000000000000044
      vertex 3.3991869381244215 10.461621679246688 -1
      vertex 2.735588758813403 10.654414772414942 -1
    endloop
  endfacet
  facet normal 0 0 -1
    outer loop
      vertex 4.6835722072158 9.953097577126215 -1
      vertex 3.7507875648529767 5.910295478514105 -1
      vertex 3.3722757187120065 6.134146760307045 -1
    endloop
  endfacet
  facet normal 0 0 -1
    outer loop
      vertex 4.6835722072158 9.953097577126215 -1
      vertex 4.114496766047312 5.663118960624632 -1
      vertex 3.7507875648529767 5.910295478514105 -1
    endloop
  endfacet
  facet normal 0 0 -1
    outer loop
      vertex 4.049370079531457 10.227541344770765 -1
      vertex 3.3722757187120065 6.134146760307045 -1
      vertex 2.980455040955509 6.333789367262137 -1
    endloop
  endfacet
  facet normal 0 0 -1
    outer loop
      vertex 3.3722757187120065 6.134146760307045 -1
      vertex 4.049370079531457 10.227541344770765 -1
      vertex 4.6835722072158 9.953097577126215 -1
    endloop
  endfacet
  facet normal 0 0 -1
    outer loop
      vertex 5.299290415118867 9.639373480482499 -1
      vertex 4.7918297415008215 5.102780391949881 -1
      vertex 4.461967928240828 5.393592699430524 -1
    endloop
  endfacet
  facet normal 0 0 -1
    outer loop
      vertex 4.7918297415008215 5.102780391949881 -1
      vertex 5.299290415118867 9.639373480482499 -1
      vertex 5.102780391949881 4.7918297415008215 -1
    endloop
  endfacet
  facet normal 0 0 -1
    outer loop
      vertex 5.299290415118867 9.639373480482499 -1
      vertex 4.461967928240828 5.393592699430524 -1
      vertex 4.114496766047312 5.663118960624632 -1
    endloop
  endfacet
  facet normal 0 0 -1
    outer loop
      vertex 5.894094744768963 9.287607180522166 -1
      vertex 5.393592699430524 4.461967928240828 -1
      vertex 5.102780391949881 4.7918297415008215 -1
    endloop
  endfacet
  facet normal 0 0 -1
    outer loop
      vertex 4.114496766047312 5.663118960624632 -1
      vertex 4.6835722072158 9.953097577126215 -1
      vertex 5.299290415118867 9.639373480482499 -1
    endloop
  endfacet
  facet normal 0 0 -1
    outer loop
      vertex 5.102780391949881 4.7918297415008215 -1
      vertex 5.299290415118867 9.639373480482499 -1
      vertex 5.894094744768963 9.287607180522166 -1
    endloop
  endfacet
  facet normal 0 0 -1
    outer loop
      vertex 2.980455040955509 6.333789367262137 -1
      vertex 3.3991869381244215 10.461621679246688 -1
      vertex 4.049370079531457 10.227541344770765 -1
    endloop
  endfacet
  facet normal 0.3387379202452907 0.9408807689542257 0
    outer loop
      vertex 3.3991869381244215 10.461621679246688 0.050000000000000044
      vertex 4.049370079531457 10.227541344770765 -1
      vertex 3.3991869381244215 10.461621679246688 -1
    endloop
  endfacet
  facet normal 0.3971478906347794 0.9177546256839817 0
    outer loop
      vertex 4.049370079531457 10.227541344770765 0.050000000000000044
      vertex 4.6835722072158 9.953097577126215 -1
      vertex 4.049370079531457 10.227541344770765 -1
    endloop
  endfacet
  facet normal 0.4539904997395482 0.8910065241883672 0
    outer loop
      vertex 4.6835722072158 9.953097577126215 0.050000000000000044
      vertex 5.299290415118867 9.639373480482499 -1
      vertex 4.6835722072158 9.953097577126215 -1
    endloop
  endfacet
  facet normal 0.5090414157503707 0.860742027003944 0
    outer loop
      vertex 5.299290415118867 9.639373480482499 0.050000000000000044
      vertex 5.894094744768963 9.287607180522166 -1
      vertex 5.299290415118867 9.639373480482499 -1
    endloop
  endfacet
  facet normal -0.031410759078128896 -0.9995065603657316 0
    outer loop
      vertex 0.43953363670519296 6.986187098997901 -1
      vertex 0.43953363670519296 6.986187098997901 1
      vertex 0 7 -1
    endloop
  endfacet
  facet normal -0.0941083133185121 -0.9955619646030802 0
    outer loop
      vertex 0.87733263495013 6.9448029092013455 1
      vertex 0.43953363670519296 6.986187098997901 -1
      vertex 0.87733263495013 6.9448029092013455 -1
    endloop
  endfacet
  facet normal -0.15643446504023217 -0.9876883405951374 0
    outer loop
      vertex 1.311669202100072 6.876010755100821 -1
      vertex 1.311669202100072 6.876010755100821 1
      vertex 0.87733263495013 6.9448029092013455 -1
    endloop
  endfacet
  facet normal -0.2789911060392299 -0.9602936856769428 0
    outer loop
      vertex 2.1631189606246317 6.657395614066075 -1
      vertex 2.1631189606246317 6.657395614066075 1
      vertex 1.740829210153984 6.7800821279004175 -1
    endloop
  endfacet
  facet normal -0.21814324139654315 -0.9759167619387472 0
    outer loop
      vertex 1.740829210153984 6.7800821279004175 -1
      vertex 1.740829210153984 6.7800821279004175 1
      vertex 1.311669202100072 6.876010755100821 -1
    endloop
  endfacet
  facet normal -0.3387379202452908 -0.9408807689542257 0
    outer loop
      vertex 2.576871868792745 6.50843540121776 -1
      vertex 2.576871868792745 6.50843540121776 1
      vertex 2.1631189606246317 6.657395614066075 -1
    endloop
  endfacet
  facet normal -0.39714789063478007 -0.9177546256839815 0
    outer loop
      vertex 2.980455040955509 6.333789367262137 -1
      vertex 2.980455040955509 6.333789367262137 1
      vertex 2.576871868792745 6.50843540121776 -1
    endloop
  endfacet
  facet normal 0.031410759078127425 0.9995065603657316 0
    outer loop
      vertex 0 11 0.050000000000000044
      vertex 0.6906957148224461 10.978294012710988 0.050000000000000044
      vertex 0.6906957148224461 10.978294012710988 -1
    endloop
  endfacet
  facet normal 0.09410831331851448 0.99556196460308 0
    outer loop
      vertex 1.378665569207347 10.913261714459257 0.050000000000000044
      vertex 1.378665569207347 10.913261714459257 -1
      vertex 0.6906957148224461 10.978294012710988 0.050000000000000044
    endloop
  endfacet
  facet normal 0.15643446504023178 0.9876883405951375 0
    outer loop
      vertex 1.378665569207347 10.913261714459257 0.050000000000000044
      vertex 2.0611944604429704 10.805159758015575 0.050000000000000044
      vertex 2.0611944604429704 10.805159758015575 -1
    endloop
  endfacet
  facet normal 0.21814324139654276 0.9759167619387474 0
    outer loop
      vertex 2.0611944604429704 10.805159758015575 0.050000000000000044
      vertex 2.735588758813403 10.654414772414942 0.050000000000000044
      vertex 2.735588758813403 10.654414772414942 -1
    endloop
  endfacet
  facet normal -0.45399049973954714 -0.8910065241883677 0
    outer loop
      vertex 3.3722757187120065 6.134146760307045 -1
      vertex 3.3722757187120065 6.134146760307045 1
      vertex 2.980455040955509 6.333789367262137 -1
    endloop
  endfacet
  facet normal 0.3387379202452907 0.9408807689542257 0
    outer loop
      vertex 3.3991869381244215 10.461621679246688 0.050000000000000044
      vertex 4.049370079531457 10.227541344770765 0.050000000000000044
      vertex 4.049370079531457 10.227541344770765 -1
    endloop
  endfacet
  facet normal 0.3971478906347794 0.9177546256839817 0
    outer loop
      vertex 4.6835722072158 9.953097577126215 0.050000000000000044
      vertex 4.6835722072158 9.953097577126215 -1
      vertex 4.049370079531457 10.227541344770765 0.050000000000000044
    endloop
  endfacet
  facet normal 0.2789911060392302 0.9602936856769427 0
    outer loop
      vertex 2.735588758813403 10.654414772414942 0.050000000000000044
      vertex 3.3991869381244215 10.461621679246688 0.050000000000000044
      vertex 3.3991869381244215 10.461621679246688 -1
    endloop
  endfacet
  facet normal 0.4539904997395482 0.8910065241883672 0
    outer loop
      vertex 4.6835722072158 9.953097577126215 0.050000000000000044
      vertex 5.299290415118867 9.639373480482499 0.050000000000000044
      vertex 5.299290415118867 9.639373480482499 -1
    endloop
  endfacet
  facet normal 0.5090414157503707 0.860742027003944 0
    outer loop
      vertex 5.894094744768963 9.287607180522166 0.050000000000000044
      vertex 5.894094744768963 9.287607180522166 -1
      vertex 5.299290415118867 9.639373480482499 0.050000000000000044
    endloop
  endfacet
  facet normal 0 0 -1
    outer loop
      vertex 7.530018165215576 8.018654901635527 -1
      vertex 7 0 -1
      vertex 6.986187098997901 0.43953363670519363 -1
    endloop
  endfacet
  facet normal 0 0 -1
    outer loop
      vertex 7.530018165215574 -8.018654901635529 -1
      vertex 8.018654901635527 7.530018165215576 -1
      vertex 8.47564567053368 7.011663887235587 -1
    endloop
  endfacet
  facet normal 0 0 -1
    outer loop
      vertex 7.011663887235589 -8.47564567053368 -1
      vertex 7.530018165215576 8.018654901635527 -1
      vertex 8.018654901635527 7.530018165215576 -1
    endloop
  endfacet
  facet normal 0 0 -1
    outer loop
      vertex 8.018654901635529 -7.530018165215574 -1
      vertex 8.47564567053368 7.011663887235587 -1
      vertex 8.899186938124423 6.465637775217204 -1
    endloop
  endfacet
  facet normal 0 0 -1
    outer loop
      vertex 8.47564567053368 -7.011663887235589 -1
      vertex 8.899186938124423 6.465637775217204 -1
      vertex 9.287607180522166 5.894094744768963 -1
    endloop
  endfacet
  facet normal 0 0 -1
    outer loop
      vertex 7.530018165215576 8.018654901635527 -1
      vertex 6.9448029092013455 0.8773326349501298 -1
      vertex 6.876010755100821 1.3116692021000724 -1
    endloop
  endfacet
  facet normal 0 0 -1
    outer loop
      vertex 6.7800821279004175 1.7408292101539835 -1
      vertex 7.530018165215576 8.018654901635527 -1
      vertex 6.876010755100821 1.3116692021000724 -1
    endloop
  endfacet
  facet normal 0 0 -1
    outer loop
      vertex 7.530018165215576 8.018654901635527 -1
      vertex 6.986187098997901 0.43953363670519363 -1
      vertex 6.9448029092013455 0.8773326349501298 -1
    endloop
  endfacet
  facet normal 0 0 -1
    outer loop
      vertex 7.530018165215576 8.018654901635527 -1
      vertex 6.7800821279004175 1.7408292101539835 -1
      vertex 6.657395614066075 2.1631189606246317 -1
    endloop
  endfacet
  facet normal 0 0 -1
    outer loop
      vertex 7.530018165215576 8.018654901635527 -1
      vertex 6.657395614066075 2.1631189606246317 -1
      vertex 6.50843540121776 2.576871868792746 -1
    endloop
  endfacet
  facet normal 0 0 -1
    outer loop
      vertex 6.134146760307045 3.3722757187120074 -1
      vertex 6.465637775217204 8.899186938124423 -1
      vertex 6.333789367262137 2.9804550409555084 -1
    endloop
  endfacet
  facet normal 0 0 -1
    outer loop
      vertex 6.465637775217204 8.899186938124423 -1
      vertex 6.134146760307045 3.3722757187120074 -1
      vertex 5.910295478514105 3.7507875648529767 -1
    endloop
  endfacet
  facet normal 0 0 -1
    outer loop
      vertex 6.465637775217204 8.899186938124423 -1
      vertex 5.910295478514105 3.7507875648529767 -1
      vertex 5.663118960624632 4.114496766047312 -1
    endloop
  endfacet
  facet normal 0 0 -1
    outer loop
      vertex 7.530018165215576 8.018654901635527 -1
      vertex 6.50843540121776 2.576871868792746 -1
      vertex 6.333789367262137 2.9804550409555084 -1
    endloop
  endfacet
  facet normal 0 0 -1
    outer loop
      vertex 9.953097577126215 4.683572207215799 -1
      vertex 9.28760718052217 -5.8940947447689584 -1
      vertex 9.639373480482499 5.299290415118868 -1
    endloop
  endfacet
  facet normal 0 0 -1
    outer loop
      vertex 9.639373480482497 -5.299290415118869 -1
      vertex 9.953097577126215 4.683572207215799 -1
      vertex 10.227541344770765 4.0493700795314576 -1
    endloop
  endfacet
  facet normal 0 0 -1
    outer loop
      vertex 9.953097577126215 -4.683572207215796 -1
      vertex 10.227541344770765 4.0493700795314576 -1
      vertex 10.461621679246688 3.3991869381244215 -1
    endloop
  endfacet
  facet normal 0 0 -1
    outer loop
      vertex 8.899186938124423 -6.465637775217204 -1
      vertex 9.287607180522166 5.894094744768963 -1
      vertex 9.639373480482499 5.299290415118868 -1
    endloop
  endfacet
  facet normal 0 0 -1
    outer loop
      vertex 10.461621679246688 -3.3991869381244215 -1
      vertex 10.654414772414942 2.7355887588134027 -1
      vertex 10.805159758015575 2.061194460442971 -1
    endloop
  endfacet
  facet normal 0 0 -1
    outer loop
      vertex 10.805159758015575 -2.061194460442973 -1
      vertex 10.805159758015575 2.061194460442971 -1
      vertex 10.913261714459257 1.3786655692073468 -1
    endloop
  endfacet
  facet normal 0 0 -1
    outer loop
      vertex 10.913261714459257 -1.3786655692073446 -1
      vertex 10.913261714459257 1.3786655692073468 -1
      vertex 10.978294012710988 0.6906957148224471 -1
    endloop
  endfacet
  facet normal 0 0 -1
    outer loop
      vertex 10.461621679246688 -3.3991869381244215 -1
      vertex 10.461621679246688 3.3991869381244215 -1
      vertex 10.654414772414942 2.7355887588134027 -1
    endloop
  endfacet
  facet normal 0.9995065603657316 0.03141075907812738 0
    outer loop
      vertex 10.978294012710988 0.6906957148224471 0.050000000000000044
      vertex 11 0 -1
      vertex 10.978294012710988 0.6906957148224471 -1
    endloop
  endfacet
  facet normal 0.99556196460308 0.09410831331851464 0
    outer loop
      vertex 10.913261714459257 1.3786655692073468 0.050000000000000044
      vertex 10.978294012710988 0.6906957148224471 -1
      vertex 10.913261714459257 1.3786655692073468 -1
    endloop
  endfacet
  facet normal 0.9876883405951377 0.15643446504023162 0
    outer loop
      vertex 10.805159758015575 2.061194460442971 0.050000000000000044
      vertex 10.913261714459257 1.3786655692073468 -1
      vertex 10.805159758015575 2.061194460442971 -1
    endloop
  endfacet
  facet normal 0.9759167619387473 0.21814324139654304 0
    outer loop
      vertex 10.654414772414942 2.7355887588134027 0.050000000000000044
      vertex 10.805159758015575 2.061194460442971 -1
      vertex 10.654414772414942 2.7355887588134027 -1
    endloop
  endfacet
  facet normal 0.9177546256839811 0.39714789063478034 0
    outer loop
      vertex 9.953097577126215 4.683572207215799 0.050000000000000044
      vertex 10.227541344770765 4.0493700795314576 -1
      vertex 9.953097577126215 4.683572207215799 -1
    endloop
  endfacet
  facet normal 0.9408807689542259 0.33873792024529026 0
    outer loop
      vertex 10.227541344770765 4.0493700795314576 0.050000000000000044
      vertex 10.461621679246688 3.3991869381244215 -1
      vertex 10.227541344770765 4.0493700795314576 -1
    endloop
  endfacet
  facet normal 0.8910065241883676 0.45399049973954714 0
    outer loop
      vertex 9.639373480482499 5.299290415118868 0.050000000000000044
      vertex 9.953097577126215 4.683572207215799 -1
      vertex 9.639373480482499 5.299290415118868 -1
    endloop
  endfacet
  facet normal 0.8607420270039438 0.5090414157503712 0
    outer loop
      vertex 9.287607180522166 5.894094744768963 0.050000000000000044
      vertex 9.639373480482499 5.299290415118868 -1
      vertex 9.287607180522166 5.894094744768963 -1
    endloop
  endfacet
  facet normal 0.960293685676943 0.27899110603923 0
    outer loop
      vertex 10.461621679246688 3.3991869381244215 0.050000000000000044
      vertex 10.654414772414942 2.7355887588134027 -1
      vertex 10.461621679246688 3.3991869381244215 -1
    endloop
  endfacet
  facet normal -0.9995065603657315 -0.03141075907812885 0
    outer loop
      vertex 7 0 -1
      vertex 7 0 1
      vertex 6.986187098997901 0.43953363670519363 -1
    endloop
  endfacet
  facet normal -0.9955619646030801 -0.09410831331851228 0
    outer loop
      vertex 6.9448029092013455 0.8773326349501298 -1
      vertex 6.986187098997901 0.43953363670519363 -1
      vertex 6.986187098997901 0.43953363670519363 1
    endloop
  endfacet
  facet normal -0.9876883405951377 -0.15643446504023195 0
    outer loop
      vertex 6.876010755100821 1.3116692021000724 -1
      vertex 6.9448029092013455 0.8773326349501298 -1
      vertex 6.9448029092013455 0.8773326349501298 1
    endloop
  endfacet
  facet normal -0.9759167619387471 -0.2181432413965436 0
    outer loop
      vertex 6.7800821279004175 1.7408292101539835 -1
      vertex 6.876010755100821 1.3116692021000724 -1
      vertex 6.876010755100821 1.3116692021000724 1
    endloop
  endfacet
  facet normal -0.960293685676943 -0.2789911060392296 0
    outer loop
      vertex 6.657395614066075 2.1631189606246317 -1
      vertex 6.7800821279004175 1.7408292101539835 -1
      vertex 6.7800821279004175 1.7408292101539835 1
    endloop
  endfacet
  facet normal -0.9408807689542259 -0.33873792024529015 0
    outer loop
      vertex 6.657395614066075 2.1631189606246317 1
      vertex 6.50843540121776 2.576871868792746 -1
      vertex 6.657395614066075 2.1631189606246317 -1
    endloop
  endfacet
  facet normal -0.9177546256839809 -0.3971478906347812 0
    outer loop
      vertex 6.333789367262137 2.9804550409555084 -1
      vertex 6.50843540121776 2.576871868792746 -1
      vertex 6.50843540121776 2.576871868792746 1
    endloop
  endfacet
  facet normal -0.8910065241883682 -0.45399049973954586 0
    outer loop
      vertex 6.134146760307045 3.3722757187120074 -1
      vertex 6.333789367262137 2.9804550409555084 -1
      vertex 6.333789367262137 2.9804550409555084 1
    endloop
  endfacet
  facet normal -0.8607420270039433 -0.509041415750372 0
    outer loop
      vertex 5.910295478514105 3.7507875648529767 -1
      vertex 6.134146760307045 3.3722757187120074 -1
      vertex 6.134146760307045 3.3722757187120074 1
    endloop
  endfacet
  facet normal 0.9995065603657316 0.03141075907812738 0
    outer loop
      vertex 11 0 0.050000000000000044
      vertex 11 0 -1
      vertex 10.978294012710988 0.6906957148224471 0.050000000000000044
    endloop
  endfacet
  facet normal 0.99556196460308 0.09410831331851464 0
    outer loop
      vertex 10.913261714459257 1.3786655692073468 0.050000000000000044
      vertex 10.978294012710988 0.6906957148224471 0.050000000000000044
      vertex 10.978294012710988 0.6906957148224471 -1
    endloop
  endfacet
  facet normal 0.9876883405951377 0.15643446504023162 0
    outer loop
      vertex 10.913261714459257 1.3786655692073468 0.050000000000000044
      vertex 10.913261714459257 1.3786655692073468 -1
      vertex 10.805159758015575 2.061194460442971 0.050000000000000044
    endloop
  endfacet
  facet normal 0.9759167619387473 0.21814324139654304 0
    outer loop
      vertex 10.805159758015575 2.061194460442971 0.050000000000000044
      vertex 10.805159758015575 2.061194460442971 -1
      vertex 10.654414772414942 2.7355887588134027 0.050000000000000044
    endloop
  endfacet
  facet normal 0.960293685676943 0.27899110603923 0
    outer loop
      vertex 10.654414772414942 2.7355887588134027 0.050000000000000044
      vertex 10.654414772414942 2.7355887588134027 -1
      vertex 10.461621679246688 3.3991869381244215 0.050000000000000044
    endloop
  endfacet
  facet normal 0.9408807689542259 0.33873792024529026 0
    outer loop
      vertex 10.461621679246688 3.3991869381244215 0.050000000000000044
      vertex 10.461621679246688 3.3991869381244215 -1
      vertex 10.227541344770765 4.0493700795314576 0.050000000000000044
    endloop
  endfacet
  facet normal 0.9177546256839811 0.39714789063478034 0
    outer loop
      vertex 9.953097577126215 4.683572207215799 0.050000000000000044
      vertex 10.227541344770765 4.0493700795314576 0.050000000000000044
      vertex 10.227541344770765 4.0493700795314576 -1
    endloop
  endfacet
  facet normal 0.8607420270039438 0.5090414157503712 0
    outer loop
      vertex 9.287607180522166 5.894094744768963 0.050000000000000044
      vertex 9.639373480482499 5.299290415118868 0.050000000000000044
      vertex 9.639373480482499 5.299290415118868 -1
    endloop
  endfacet
  facet normal 0.8910065241883676 0.45399049973954714 0
    outer loop
      vertex 9.953097577126215 4.683572207215799 0.050000000000000044
      vertex 9.953097577126215 4.683572207215799 -1
      vertex 9.639373480482499 5.299290415118868 0.050000000000000044
    endloop
  endfacet
  facet normal 0 0 -1
    outer loop
      vertex 5.663118960624632 4.114496766047312 -1
      vertex 5.894094744768963 9.287607180522166 -1
      vertex 6.465637775217204 8.899186938124423 -1
    endloop
  endfacet
  facet normal 0 0 -1
    outer loop
      vertex 6.333789367262137 2.9804550409555084 -1
      vertex 6.465637775217204 8.899186938124423 -1
      vertex 7.011663887235587 8.47564567053368 -1
    endloop
  endfacet
  facet normal 0 0 -1
    outer loop
      vertex 7.530018165215576 8.018654901635527 -1
      vertex 6.333789367262137 2.9804550409555084 -1
      vertex 7.011663887235587 8.47564567053368 -1
    endloop
  endfacet
  facet normal 0.6129070536529787 0.7901550123756885 0
    outer loop
      vertex 6.465637775217204 8.899186938124423 0.050000000000000044
      vertex 7.011663887235587 8.47564567053368 -1
      vertex 6.465637775217204 8.899186938124423 -1
    endloop
  endfacet
  facet normal 0.6613118653236499 0.7501110696304613 0
    outer loop
      vertex 7.011663887235587 8.47564567053368 0.050000000000000044
      vertex 7.530018165215576 8.018654901635527 -1
      vertex 7.011663887235587 8.47564567053368 -1
    endloop
  endfacet
  facet normal 0.7501110696304613 0.6613118653236499 0
    outer loop
      vertex 8.018654901635527 7.530018165215576 0.050000000000000044
      vertex 8.47564567053368 7.011663887235587 -1
      vertex 8.018654901635527 7.530018165215576 -1
    endloop
  endfacet
  facet normal 0.7901550123756885 0.6129070536529787 0
    outer loop
      vertex 8.47564567053368 7.011663887235587 0.050000000000000044
      vertex 8.899186938124423 6.465637775217204 -1
      vertex 8.47564567053368 7.011663887235587 -1
    endloop
  endfacet
  facet normal 0.7071067811865475 0.7071067811865475 0
    outer loop
      vertex 7.530018165215576 8.018654901635527 0.050000000000000044
      vertex 8.018654901635527 7.530018165215576 -1
      vertex 7.530018165215576 8.018654901635527 -1
    endloop
  endfacet
  facet normal 0.5620833778521294 0.8270805742745627 0
    outer loop
      vertex 5.894094744768963 9.287607180522166 0.050000000000000044
      vertex 6.465637775217204 8.899186938124423 -1
      vertex 5.894094744768963 9.287607180522166 -1
    endloop
  endfacet
  facet normal 0.8270805742745627 0.5620833778521294 0
    outer loop
      vertex 8.899186938124423 6.465637775217204 0.050000000000000044
      vertex 9.287607180522166 5.894094744768963 -1
      vertex 8.899186938124423 6.465637775217204 -1
    endloop
  endfacet
  facet normal 0.6613118653236499 0.7501110696304613 0
    outer loop
      vertex 7.011663887235587 8.47564567053368 0.050000000000000044
      vertex 7.530018165215576 8.018654901635527 0.050000000000000044
      vertex 7.530018165215576 8.018654901635527 -1
    endloop
  endfacet
  facet normal 0.6129070536529787 0.7901550123756885 0
    outer loop
      vertex 7.011663887235587 8.47564567053368 0.050000000000000044
      vertex 7.011663887235587 8.47564567053368 -1
      vertex 6.465637775217204 8.899186938124423 0.050000000000000044
    endloop
  endfacet
  facet normal 0.7901550123756885 0.6129070536529787 0
    outer loop
      vertex 8.47564567053368 7.011663887235587 0.050000000000000044
      vertex 8.899186938124423 6.465637775217204 0.050000000000000044
      vertex 8.899186938124423 6.465637775217204 -1
    endloop
  endfacet
  facet normal 0.7501110696304613 0.6613118653236499 0
    outer loop
      vertex 8.47564567053368 7.011663887235587 0.050000000000000044
      vertex 8.47564567053368 7.011663887235587 -1
      vertex 8.018654901635527 7.530018165215576 0.050000000000000044
    endloop
  endfacet
  facet normal 0.7071067811865475 0.7071067811865475 0
    outer loop
      vertex 7.530018165215576 8.018654901635527 0.050000000000000044
      vertex 8.018654901635527 7.530018165215576 0.050000000000000044
      vertex 8.018654901635527 7.530018165215576 -1
    endloop
  endfacet
  facet normal 0.5620833778521294 0.8270805742745627 0
    outer loop
      vertex 5.894094744768963 9.287607180522166 0.050000000000000044
      vertex 6.465637775217204 8.899186938124423 0.050000000000000044
      vertex 6.465637775217204 8.899186938124423 -1
    endloop
  endfacet
  facet normal 0.8270805742745627 0.5620833778521294 0
    outer loop
      vertex 9.287607180522166 5.894094744768963 0.050000000000000044
      vertex 9.287607180522166 5.894094744768963 -1
      vertex 8.899186938124423 6.465637775217204 0.050000000000000044
    endloop
  endfacet
  facet normal -0.5620833778521305 -0.8270805742745618 0
    outer loop
      vertex 3.7507875648529767 5.910295478514105 1
      vertex 3.7507875648529767 5.910295478514105 -1
      vertex 4.114496766047312 5.663118960624632 1
    endloop
  endfacet
  facet normal -0.6129070536529775 -0.7901550123756895 0
    outer loop
      vertex 4.114496766047312 5.663118960624632 -1
      vertex 4.461967928240828 5.393592699430524 1
      vertex 4.114496766047312 5.663118960624632 1
    endloop
  endfacet
  facet normal -0.8607420270039433 -0.509041415750372 0
    outer loop
      vertex 6.134146760307045 3.3722757187120074 1
      vertex 5.910295478514105 3.7507875648529767 1
      vertex 5.910295478514105 3.7507875648529767 -1
    endloop
  endfacet
  facet normal -0.7901550123756895 -0.6129070536529775 0
    outer loop
      vertex 5.393592699430524 4.461967928240828 -1
      vertex 5.663118960624632 4.114496766047312 1
      vertex 5.393592699430524 4.461967928240828 1
    endloop
  endfacet
  facet normal -0.8270805742745618 -0.5620833778521305 0
    outer loop
      vertex 5.910295478514105 3.7507875648529767 1
      vertex 5.663118960624632 4.114496766047312 1
      vertex 5.663118960624632 4.114496766047312 -1
    endloop
  endfacet
  facet normal -0.7501110696304611 -0.6613118653236502 0
    outer loop
      vertex 5.393592699430524 4.461967928240828 1
      vertex 5.102780391949881 4.7918297415008215 1
      vertex 5.102780391949881 4.7918297415008215 -1
    endloop
  endfacet
  facet normal -0.7071067811865476 -0.7071067811865476 0
    outer loop
      vertex 4.7918297415008215 5.102780391949881 -1
      vertex 5.102780391949881 4.7918297415008215 1
      vertex 4.7918297415008215 5.102780391949881 1
    endloop
  endfacet
  facet normal -0.6613118653236502 -0.7501110696304611 0
    outer loop
      vertex 4.461967928240828 5.393592699430524 1
      vertex 4.461967928240828 5.393592699430524 -1
      vertex 4.7918297415008215 5.102780391949881 1
    endloop
  endfacet
  facet normal 0 0 1
    outer loop
      vertex 5.7810440892205825 10.515680160526363 1
      vertex 5.910295478514105 3.7507875648529767 1
      vertex 6.134146760307045 3.3722757187120074 1
    endloop
  endfacet
  facet normal -0.031410759078128896 -0.9995065603657316 0
    outer loop
      vertex 0 7 -1
      vertex 0.43953363670519296 6.986187098997901 1
      vertex 0 7 1
    endloop
  endfacet
  facet normal -0.0941083133185121 -0.9955619646030802 0
    outer loop
      vertex 0.43953363670519296 6.986187098997901 -1
      vertex 0.87733263495013 6.9448029092013455 1
      vertex 0.43953363670519296 6.986187098997901 1
    endloop
  endfacet
  facet normal -0.15643446504023217 -0.9876883405951374 0
    outer loop
      vertex 1.311669202100072 6.876010755100821 1
      vertex 0.87733263495013 6.9448029092013455 1
      vertex 0.87733263495013 6.9448029092013455 -1
    endloop
  endfacet
  facet normal -0.21814324139654315 -0.9759167619387472 0
    outer loop
      vertex 1.311669202100072 6.876010755100821 -1
      vertex 1.740829210153984 6.7800821279004175 1
      vertex 1.311669202100072 6.876010755100821 1
    endloop
  endfacet
  facet normal -0.2789911060392299 -0.9602936856769428 0
    outer loop
      vertex 1.740829210153984 6.7800821279004175 -1
      vertex 2.1631189606246317 6.657395614066075 1
      vertex 1.740829210153984 6.7800821279004175 1
    endloop
  endfacet
  facet normal -0.3387379202452908 -0.9408807689542257 0
    outer loop
      vertex 2.1631189606246317 6.657395614066075 -1
      vertex 2.576871868792745 6.50843540121776 1
      vertex 2.1631189606246317 6.657395614066075 1
    endloop
  endfacet
  facet normal -0.39714789063478007 -0.9177546256839815 0
    outer loop
      vertex 2.576871868792745 6.50843540121776 -1
      vertex 2.980455040955509 6.333789367262137 1
      vertex 2.576871868792745 6.50843540121776 1
    endloop
  endfacet
  facet normal 0 0 -1
    outer loop
      vertex 0 11 0.050000000000000044
      vertex 0 12 0.050000000000000044
      vertex 0.6906957148224461 10.978294012710988 0.050000000000000044
    endloop
  endfacet
  facet normal 0 0 -1
    outer loop
      vertex 0.6906957148224461 10.978294012710988 0.050000000000000044
      vertex 0 12 0.050000000000000044
      vertex 0.7534862343517593 11.976320741139258 0.050000000000000044
    endloop
  endfacet
  facet normal 0 0 -1
    outer loop
      vertex 1.378665569207347 10.913261714459257 0.050000000000000044
      vertex 0.6906957148224461 10.978294012710988 0.050000000000000044
      vertex 0.7534862343517593 11.976320741139258 0.050000000000000044
    endloop
  endfacet
  facet normal 0 0 -1
    outer loop
      vertex 1.378665569207347 10.913261714459257 0.050000000000000044
      vertex 0.7534862343517593 11.976320741139258 0.050000000000000044
      vertex 1.5039988027716515 11.905376415773734 0.050000000000000044
    endloop
  endfacet
  facet normal 0 0 -1
    outer loop
      vertex 1.378665569207347 10.913261714459257 0.050000000000000044
      vertex 1.5039988027716515 11.905376415773734 0.050000000000000044
      vertex 2.0611944604429704 10.805159758015575 0.050000000000000044
    endloop
  endfacet
  facet normal 0 0 -1
    outer loop
      vertex 2.0611944604429704 10.805159758015575 0.050000000000000044
      vertex 1.5039988027716515 11.905376415773734 0.050000000000000044
      vertex 2.2485757750286948 11.787447008744264 0.050000000000000044
    endloop
  endfacet
  facet normal 0 0 -1
    outer loop
      vertex 2.0611944604429704 10.805159758015575 0.050000000000000044
      vertex 2.2485757750286948 11.787447008744264 0.050000000000000044
      vertex 2.735588758813403 10.654414772414942 0.050000000000000044
    endloop
  endfacet
  facet normal 0 0 -1
    outer loop
      vertex 2.735588758813403 10.654414772414942 0.050000000000000044
      vertex 2.2485757750286948 11.787447008744264 0.050000000000000044
      vertex 2.984278645978258 11.622997933543573 0.050000000000000044
    endloop
  endfacet
  facet normal 0.03141075907812957 0.9995065603657316 0
    outer loop
      vertex 0.7534862343517593 11.976320741139258 1
      vertex 0.7534862343517593 11.976320741139258 0.050000000000000044
      vertex 0 12 0.050000000000000044
    endloop
  endfacet
  facet normal 0.09410831331851276 0.9955619646030801 0
    outer loop
      vertex 1.5039988027716515 11.905376415773734 1
      vertex 1.5039988027716515 11.905376415773734 0.050000000000000044
      vertex 0.7534862343517593 11.976320741139258 0.050000000000000044
    endloop
  endfacet
  facet normal 0.15643446504023123 0.9876883405951378 0
    outer loop
      vertex 2.2485757750286948 11.787447008744264 1
      vertex 2.2485757750286948 11.787447008744264 0.050000000000000044
      vertex 1.5039988027716515 11.905376415773734 0.050000000000000044
    endloop
  endfacet
  facet normal 0.21814324139654281 0.9759167619387473 0
    outer loop
      vertex 2.984278645978258 11.622997933543573 1
      vertex 2.984278645978258 11.622997933543573 0.050000000000000044
      vertex 2.2485757750286948 11.787447008744264 0.050000000000000044
    endloop
  endfacet
  facet normal -0.45399049973954714 -0.8910065241883677 0
    outer loop
      vertex 3.3722757187120065 6.134146760307045 1
      vertex 2.980455040955509 6.333789367262137 1
      vertex 2.980455040955509 6.333789367262137 -1
    endloop
  endfacet
  facet normal -0.5090414157503711 -0.8607420270039438 0
    outer loop
      vertex 3.3722757187120065 6.134146760307045 -1
      vertex 3.7507875648529767 5.910295478514105 1
      vertex 3.3722757187120065 6.134146760307045 1
    endloop
  endfacet
  facet normal 0 0 -1
    outer loop
      vertex 4.6835722072158 9.953097577126215 0.050000000000000044
      vertex 4.049370079531457 10.227541344770765 0.050000000000000044
      vertex 4.417494632216134 11.157317830659018 0.050000000000000044
    endloop
  endfacet
  facet normal 0 0 -1
    outer loop
      vertex 2.735588758813403 10.654414772414942 0.050000000000000044
      vertex 2.984278645978258 11.622997933543573 0.050000000000000044
      vertex 3.3991869381244215 10.461621679246688 0.050000000000000044
    endloop
  endfacet
  facet normal 0 0 -1
    outer loop
      vertex 3.3991869381244215 10.461621679246688 0.050000000000000044
      vertex 2.984278645978258 11.622997933543573 0.050000000000000044
      vertex 3.7082039324993685 11.412678195541842 0.050000000000000044
    endloop
  endfacet
  facet normal 0 0 -1
    outer loop
      vertex 3.3991869381244215 10.461621679246688 0.050000000000000044
      vertex 3.7082039324993685 11.412678195541842 0.050000000000000044
      vertex 4.049370079531457 10.227541344770765 0.050000000000000044
    endloop
  endfacet
  facet normal 0 0 -1
    outer loop
      vertex 4.049370079531457 10.227541344770765 0.050000000000000044
      vertex 3.7082039324993685 11.412678195541842 0.050000000000000044
      vertex 4.417494632216134 11.157317830659018 0.050000000000000044
    endloop
  endfacet
  facet normal 0 0 -1
    outer loop
      vertex 4.6835722072158 9.953097577126215 0.050000000000000044
      vertex 5.109351498780872 10.857924629592233 0.050000000000000044
      vertex 5.299290415118867 9.639373480482499 0.050000000000000044
    endloop
  endfacet
  facet normal 0 0 -1
    outer loop
      vertex 5.894094744768963 9.287607180522166 0.050000000000000044
      vertex 5.299290415118867 9.639373480482499 0.050000000000000044
      vertex 5.109351498780872 10.857924629592233 0.050000000000000044
    endloop
  endfacet
  facet normal 0 0 -1
    outer loop
      vertex 5.894094744768963 9.287607180522166 0.050000000000000044
      vertex 5.109351498780872 10.857924629592233 0.050000000000000044
      vertex 5.7810440892205825 10.515680160526363 0.050000000000000044
    endloop
  endfacet
  facet normal 0 0 -1
    outer loop
      vertex 4.6835722072158 9.953097577126215 0.050000000000000044
      vertex 4.417494632216134 11.157317830659018 0.050000000000000044
      vertex 5.109351498780872 10.857924629592233 0.050000000000000044
    endloop
  endfacet
  facet normal 0.2789911060392302 0.9602936856769428 0
    outer loop
      vertex 3.7082039324993685 11.412678195541842 1
      vertex 3.7082039324993685 11.412678195541842 0.050000000000000044
      vertex 2.984278645978258 11.622997933543573 0.050000000000000044
    endloop
  endfacet
  facet normal 0.33873792024528937 0.9408807689542262 0
    outer loop
      vertex 4.417494632216134 11.157317830659018 1
      vertex 4.417494632216134 11.157317830659018 0.050000000000000044
      vertex 3.7082039324993685 11.412678195541842 0.050000000000000044
    endloop
  endfacet
  facet normal 0.39714789063478245 0.9177546256839804 -3.7130335356972554e-16
    outer loop
      vertex 5.109351498780873 10.857924629592233 1
      vertex 5.109351498780872 10.857924629592233 0.050000000000000044
      vertex 4.417494632216134 11.157317830659018 0.050000000000000044
    endloop
  endfacet
  facet normal 0.4539904997395456 0.8910065241883685 0
    outer loop
      vertex 5.7810440892205825 10.515680160526363 1
      vertex 5.7810440892205825 10.515680160526363 0.050000000000000044
      vertex 5.109351498780872 10.857924629592233 0.050000000000000044
    endloop
  endfacet
  facet normal 0 0 1
    outer loop
      vertex 0 12 1
      vertex 0 7 1
      vertex 0.43953363670519296 6.986187098997901 1
    endloop
  endfacet
  facet normal 0 0 1
    outer loop
      vertex 0.7534862343517593 11.976320741139258 1
      vertex 0.43953363670519296 6.986187098997901 1
      vertex 0.87733263495013 6.9448029092013455 1
    endloop
  endfacet
  facet normal 0 0 1
    outer loop
      vertex 0.7534862343517593 11.976320741139258 1
      vertex 0.87733263495013 6.9448029092013455 1
      vertex 1.311669202100072 6.876010755100821 1
    endloop
  endfacet
  facet normal 0 0 1
    outer loop
      vertex 1.5039988027716515 11.905376415773734 1
      vertex 1.311669202100072 6.876010755100821 1
      vertex 1.740829210153984 6.7800821279004175 1
    endloop
  endfacet
  facet normal 0 0 1
    outer loop
      vertex 2.2485757750286948 11.787447008744264 1
      vertex 1.740829210153984 6.7800821279004175 1
      vertex 2.1631189606246317 6.657395614066075 1
    endloop
  endfacet
  facet normal 0 0 1
    outer loop
      vertex 2.984278645978258 11.622997933543573 1
      vertex 2.576871868792745 6.50843540121776 1
      vertex 2.980455040955509 6.333789367262137 1
    endloop
  endfacet
  facet normal 0 0 1
    outer loop
      vertex 2.2485757750286948 11.787447008744264 1
      vertex 2.1631189606246317 6.657395614066075 1
      vertex 2.576871868792745 6.50843540121776 1
    endloop
  endfacet
  facet normal 0.03141075907812957 0.9995065603657316 0
    outer loop
      vertex 0 12 1
      vertex 0.7534862343517593 11.976320741139258 1
      vertex 0 12 0.050000000000000044
    endloop
  endfacet
  facet normal 0.09410831331851276 0.9955619646030801 0
    outer loop
      vertex 0.7534862343517593 11.976320741139258 1
      vertex 1.5039988027716515 11.905376415773734 1
      vertex 0.7534862343517593 11.976320741139258 0.050000000000000044
    endloop
  endfacet
  facet normal 0.15643446504023123 0.9876883405951378 0
    outer loop
      vertex 1.5039988027716515 11.905376415773734 1
      vertex 2.2485757750286948 11.787447008744264 1
      vertex 1.5039988027716515 11.905376415773734 0.050000000000000044
    endloop
  endfacet
  facet normal 0.21814324139654281 0.9759167619387473 0
    outer loop
      vertex 2.2485757750286948 11.787447008744264 1
      vertex 2.984278645978258 11.622997933543573 1
      vertex 2.2485757750286948 11.787447008744264 0.050000000000000044
    endloop
  endfacet
  facet normal 0 0 1
    outer loop
      vertex 0 12 1
      vertex 0.43953363670519296 6.986187098997901 1
      vertex 0.7534862343517593 11.976320741139258 1
    endloop
  endfacet
  facet normal 0 0 1
    outer loop
      vertex 0.7534862343517593 11.976320741139258 1
      vertex 1.311669202100072 6.876010755100821 1
      vertex 1.5039988027716515 11.905376415773734 1
    endloop
  endfacet
  facet normal 0 0 1
    outer loop
      vertex 1.5039988027716515 11.905376415773734 1
      vertex 1.740829210153984 6.7800821279004175 1
      vertex 2.2485757750286948 11.787447008744264 1
    endloop
  endfacet
  facet normal 0 0 1
    outer loop
      vertex 2.2485757750286948 11.787447008744264 1
      vertex 2.576871868792745 6.50843540121776 1
      vertex 2.984278645978258 11.622997933543573 1
    endloop
  endfacet
  facet normal 0 0 1
    outer loop
      vertex 4.417494632216134 11.157317830659018 1
      vertex 4.114496766047312 5.663118960624632 1
      vertex 4.461967928240828 5.393592699430524 1
    endloop
  endfacet
  facet normal 0 0 1
    outer loop
      vertex 2.984278645978258 11.622997933543573 1
      vertex 2.980455040955509 6.333789367262137 1
      vertex 3.3722757187120065 6.134146760307045 1
    endloop
  endfacet
  facet normal 0 0 1
    outer loop
      vertex 3.7082039324993685 11.412678195541842 1
      vertex 3.3722757187120065 6.134146760307045 1
      vertex 3.7507875648529767 5.910295478514105 1
    endloop
  endfacet
  facet normal 0 0 1
    outer loop
      vertex 3.7082039324993685 11.412678195541842 1
      vertex 3.7507875648529767 5.910295478514105 1
      vertex 4.114496766047312 5.663118960624632 1
    endloop
  endfacet
  facet normal 0 0 1
    outer loop
      vertex 5.109351498780873 10.857924629592233 1
      vertex 5.102780391949881 4.7918297415008215 1
      vertex 5.393592699430524 4.461967928240828 1
    endloop
  endfacet
  facet normal 0 0 1
    outer loop
      vertex 4.417494632216134 11.157317830659018 1
      vertex 4.461967928240828 5.393592699430524 1
      vertex 4.7918297415008215 5.102780391949881 1
    endloop
  endfacet
  facet normal 0 0 1
    outer loop
      vertex 5.109351498780873 10.857924629592233 1
      vertex 4.7918297415008215 5.102780391949881 1
      vertex 5.102780391949881 4.7918297415008215 1
    endloop
  endfacet
  facet normal 0 0 1
    outer loop
      vertex 5.7810440892205825 10.515680160526363 1
      vertex 5.393592699430524 4.461967928240828 1
      vertex 5.663118960624632 4.114496766047312 1
    endloop
  endfacet
  facet normal 0 0 1
    outer loop
      vertex 5.7810440892205825 10.515680160526363 1
      vertex 5.663118960624632 4.114496766047312 1
      vertex 5.910295478514105 3.7507875648529767 1
    endloop
  endfacet
  facet normal 0 0 1
    outer loop
      vertex 5.109351498780873 10.857924629592233 1
      vertex 5.393592699430524 4.461967928240828 1
      vertex 5.7810440892205825 10.515680160526363 1
    endloop
  endfacet
  facet normal 0.2789911060392302 0.9602936856769428 0
    outer loop
      vertex 2.984278645978258 11.622997933543573 1
      vertex 3.7082039324993685 11.412678195541842 1
      vertex 2.984278645978258 11.622997933543573 0.050000000000000044
    endloop
  endfacet
  facet normal 0.33873792024528937 0.9408807689542262 0
    outer loop
      vertex 3.7082039324993685 11.412678195541842 1
      vertex 4.417494632216134 11.157317830659018 1
      vertex 3.7082039324993685 11.412678195541842 0.050000000000000044
    endloop
  endfacet
  facet normal 0.5090414157503717 0.8607420270039434 0
    outer loop
      vertex 5.7810440892205825 10.515680160526363 1
      vertex 6.42992153974796 10.13193510602418 1
      vertex 5.7810440892205825 10.515680160526363 0.050000000000000044
    endloop
  endfacet
  facet normal 0.397147890634782 0.9177546256839806 0
    outer loop
      vertex 4.417494632216134 11.157317830659018 1
      vertex 5.109351498780873 10.857924629592233 1
      vertex 4.417494632216134 11.157317830659018 0.050000000000000044
    endloop
  endfacet
  facet normal 0.453990499739546 0.8910065241883681 -4.244469101237264e-16
    outer loop
      vertex 5.109351498780873 10.857924629592233 1
      vertex 5.7810440892205825 10.515680160526363 1
      vertex 5.109351498780872 10.857924629592233 0.050000000000000044
    endloop
  endfacet
  facet normal 0 0 1
    outer loop
      vertex 2.984278645978258 11.622997933543573 1
      vertex 3.3722757187120065 6.134146760307045 1
      vertex 3.7082039324993685 11.412678195541842 1
    endloop
  endfacet
  facet normal 0 0 1
    outer loop
      vertex 3.7082039324993685 11.412678195541842 1
      vertex 4.114496766047312 5.663118960624632 1
      vertex 4.417494632216134 11.157317830659018 1
    endloop
  endfacet
  facet normal 0 0 1
    outer loop
      vertex 4.417494632216134 11.157317830659018 1
      vertex 4.7918297415008215 5.102780391949881 1
      vertex 5.109351498780873 10.857924629592233 1
    endloop
  endfacet
  facet normal -0.9995065603657315 -0.03141075907812885 0
    outer loop
      vertex 6.986187098997901 0.43953363670519363 -1
      vertex 7 0 1
      vertex 6.986187098997901 0.43953363670519363 1
    endloop
  endfacet
  facet normal -0.9955619646030801 -0.09410831331851228 0
    outer loop
      vertex 6.9448029092013455 0.8773326349501298 -1
      vertex 6.986187098997901 0.43953363670519363 1
      vertex 6.9448029092013455 0.8773326349501298 1
    endloop
  endfacet
  facet normal -0.9876883405951377 -0.15643446504023195 0
    outer loop
      vertex 6.876010755100821 1.3116692021000724 -1
      vertex 6.9448029092013455 0.8773326349501298 1
      vertex 6.876010755100821 1.3116692021000724 1
    endloop
  endfacet
  facet normal -0.960293685676943 -0.2789911060392296 0
    outer loop
      vertex 6.7800821279004175 1.7408292101539835 1
      vertex 6.657395614066075 2.1631189606246317 1
      vertex 6.657395614066075 2.1631189606246317 -1
    endloop
  endfacet
  facet normal -0.9408807689542259 -0.33873792024529015 0
    outer loop
      vertex 6.657395614066075 2.1631189606246317 1
      vertex 6.50843540121776 2.576871868792746 1
      vertex 6.50843540121776 2.576871868792746 -1
    endloop
  endfacet
  facet normal -0.9177546256839809 -0.3971478906347812 0
    outer loop
      vertex 6.50843540121776 2.576871868792746 1
      vertex 6.333789367262137 2.9804550409555084 1
      vertex 6.333789367262137 2.9804550409555084 -1
    endloop
  endfacet
  facet normal -0.9759167619387471 -0.2181432413965436 0
    outer loop
      vertex 6.7800821279004175 1.7408292101539835 -1
      vertex 6.876010755100821 1.3116692021000724 1
      vertex 6.7800821279004175 1.7408292101539835 1
    endloop
  endfacet
  facet normal -0.8910065241883682 -0.45399049973954586 0
    outer loop
      vertex 6.134146760307045 3.3722757187120074 -1
      vertex 6.333789367262137 2.9804550409555084 1
      vertex 6.134146760307045 3.3722757187120074 1
    endloop
  endfacet
  facet normal 0 0 -1
    outer loop
      vertex 11 0 0.050000000000000044
      vertex 10.857924629592235 5.109351498780872 0.050000000000000044
      vertex 11.412678195541842 -3.7082039324993685 0.050000000000000044
    endloop
  endfacet
  facet normal 0 0 -1
    outer loop
      vertex 11.976320741139258 -0.7534862343517652 0.050000000000000044
      vertex 11.905376415773734 1.503998802771651 0.050000000000000044
      vertex 11.976320741139258 0.7534862343517605 0.050000000000000044
    endloop
  endfacet
  facet normal 0 0 -1
    outer loop
      vertex 11.787447008744262 -2.248575775028698 0.050000000000000044
      vertex 11.412678195541842 3.7082039324993685 0.050000000000000044
      vertex 11.622997933543573 2.9842786459782573 0.050000000000000044
    endloop
  endfacet
  facet normal 0 0 -1
    outer loop
      vertex 11.976320741139258 -0.7534862343517652 0.050000000000000044
      vertex 11.787447008744264 2.2485757750286957 0.050000000000000044
      vertex 11.905376415773734 1.503998802771651 0.050000000000000044
    endloop
  endfacet
  facet normal 0 0 -1
    outer loop
      vertex 11.622997933543573 2.9842786459782573 0.050000000000000044
      vertex 11.787447008744264 2.2485757750286957 0.050000000000000044
      vertex 11.905376415773734 -1.5039988027716489 0.050000000000000044
    endloop
  endfacet
  facet normal 0 0 -1
    outer loop
      vertex 11 0 0.050000000000000044
      vertex 10.978294012710988 0.6906957148224471 0.050000000000000044
      vertex 10.857924629592235 5.109351498780872 0.050000000000000044
    endloop
  endfacet
  facet normal 0 0 -1
    outer loop
      vertex 10.857924629592235 5.109351498780872 0.050000000000000044
      vertex 11.157317830659016 4.417494632216136 0.050000000000000044
      vertex 11.412678195541842 -3.7082039324993685 0.050000000000000044
    endloop
  endfacet
  facet normal 0 0 -1
    outer loop
      vertex 10.913261714459257 1.3786655692073468 0.050000000000000044
      vertex 10.805159758015575 2.061194460442971 0.050000000000000044
      vertex 10.857924629592235 5.109351498780872 0.050000000000000044
    endloop
  endfacet
  facet normal 0 0 -1
    outer loop
      vertex 10.913261714459257 1.3786655692073468 0.050000000000000044
      vertex 10.857924629592235 5.109351498780872 0.050000000000000044
      vertex 10.978294012710988 0.6906957148224471 0.050000000000000044
    endloop
  endfacet
  facet normal 0 0 -1
    outer loop
      vertex 11.412678195541842 3.7082039324993685 0.050000000000000044
      vertex 11.622997933543575 -2.9842786459782533 0.050000000000000044
      vertex 11.157317830659016 4.417494632216136 0.050000000000000044
    endloop
  endfacet
  facet normal 0.9995065603657316 0.03141075907812952 0
    outer loop
      vertex 12 0 1
      vertex 12 0 0.050000000000000044
      vertex 11.976320741139258 0.7534862343517605 0.050000000000000044
    endloop
  endfacet
  facet normal 0.9955619646030801 0.09410831331851298 0
    outer loop
      vertex 11.976320741139258 0.7534862343517605 1
      vertex 11.976320741139258 0.7534862343517605 0.050000000000000044
      vertex 11.905376415773734 1.503998802771651 0.050000000000000044
    endloop
  endfacet
  facet normal 0.9876883405951378 0.15643446504023095 0
    outer loop
      vertex 11.905376415773734 1.503998802771651 1
      vertex 11.905376415773734 1.503998802771651 0.050000000000000044
      vertex 11.787447008744264 2.2485757750286957 0.050000000000000044
    endloop
  endfacet
  facet normal 0.9759167619387473 0.2181432413965433 0
    outer loop
      vertex 11.787447008744264 2.2485757750286957 1
      vertex 11.787447008744264 2.2485757750286957 0.050000000000000044
      vertex 11.622997933543573 2.9842786459782573 0.050000000000000044
    endloop
  endfacet
  facet normal 0 0 -1
    outer loop
      vertex 10.461621679246688 3.3991869381244215 0.050000000000000044
      vertex 10.227541344770765 4.0493700795314576 0.050000000000000044
      vertex 10.515680160526363 5.781044089220584 0.050000000000000044
    endloop
  endfacet
  facet normal 0 0 -1
    outer loop
      vertex 9.953097577126215 4.683572207215799 0.050000000000000044
      vertex 10.13193510602418 6.42992153974796 0.050000000000000044
      vertex 10.227541344770765 4.0493700795314576 0.050000000000000044
    endloop
  endfacet
  facet normal 0 0 -1
    outer loop
      vertex 9.953097577126215 4.683572207215799 0.050000000000000044
      vertex 9.639373480482499 5.299290415118868 0.050000000000000044
      vertex 9.70820393249937 7.053423027509678 0.050000000000000044
    endloop
  endfacet
  facet normal 0 0 -1
    outer loop
      vertex 10.227541344770765 4.0493700795314576 0.050000000000000044
      vertex 10.13193510602418 6.42992153974796 0.050000000000000044
      vertex 10.515680160526363 5.781044089220584 0.050000000000000044
    endloop
  endfacet
  facet normal 0 0 -1
    outer loop
      vertex 10.805159758015575 2.061194460442971 0.050000000000000044
      vertex 10.654414772414942 2.7355887588134027 0.050000000000000044
      vertex 10.515680160526363 5.781044089220584 0.050000000000000044
    endloop
  endfacet
  facet normal 0 0 -1
    outer loop
      vertex 10.654414772414942 2.7355887588134027 0.050000000000000044
      vertex 10.461621679246688 3.3991869381244215 0.050000000000000044
      vertex 10.515680160526363 5.781044089220584 0.050000000000000044
    endloop
  endfacet
  facet normal 0 0 -1
    outer loop
      vertex 10.805159758015575 2.061194460442971 0.050000000000000044
      vertex 10.515680160526363 5.781044089220584 0.050000000000000044
      vertex 10.857924629592235 5.109351498780872 0.050000000000000044
    endloop
  endfacet
  facet normal 0.8607420270039428 0.5090414157503726 0
    outer loop
      vertex 10.515680160526363 5.781044089220584 1
      vertex 10.515680160526363 5.781044089220584 0.050000000000000044
      vertex 10.13193510602418 6.42992153974796 0.050000000000000044
    endloop
  endfacet
  facet normal 0.960293685676943 0.27899110603922994 0
    outer loop
      vertex 11.622997933543573 2.9842786459782573 1
      vertex 11.622997933543573 2.9842786459782573 0.050000000000000044
      vertex 11.412678195541842 3.7082039324993685 0.050000000000000044
    endloop
  endfacet
  facet normal 0.9408807689542258 0.33873792024529065 0
    outer loop
      vertex 11.412678195541842 3.7082039324993685 1
      vertex 11.412678195541842 3.7082039324993685 0.050000000000000044
      vertex 11.157317830659016 4.417494632216136 0.050000000000000044
    endloop
  endfacet
  facet normal 0.9177546256839817 0.3971478906347794 0
    outer loop
      vertex 11.157317830659016 4.417494632216136 1
      vertex 11.157317830659016 4.417494632216136 0.050000000000000044
      vertex 10.857924629592235 5.109351498780872 0.050000000000000044
    endloop
  endfacet
  facet normal 0.891006524188368 0.4539904997395464 0
    outer loop
      vertex 10.857924629592235 5.109351498780872 1
      vertex 10.857924629592235 5.109351498780872 0.050000000000000044
      vertex 10.515680160526363 5.781044089220584 0.050000000000000044
    endloop
  endfacet
  facet normal 0 0 1
    outer loop
      vertex 7.053423027509678 -9.70820393249937 1
      vertex 7.053423027509678 9.70820393249937 1
      vertex 7 0 1
    endloop
  endfacet
  facet normal 0 0 1
    outer loop
      vertex 8.74762352905694 -8.214565271144263 1
      vertex 8.747623529056938 8.214565271144265 1
      vertex 8.214565271144265 8.747623529056938 1
    endloop
  endfacet
  facet normal 0 0 1
    outer loop
      vertex 7.053423027509678 9.70820393249937 1
      vertex 6.986187098997901 0.43953363670519363 1
      vertex 7 0 1
    endloop
  endfacet
  facet normal 0 0 1
    outer loop
      vertex 7.053423027509678 9.70820393249937 1
      vertex 6.9448029092013455 0.8773326349501298 1
      vertex 6.986187098997901 0.43953363670519363 1
    endloop
  endfacet
  facet normal 0 0 1
    outer loop
      vertex 7.64908787698428 -9.246158913309468 1
      vertex 7.649087876984277 9.24615891330947 1
      vertex 7.053423027509678 9.70820393249937 1
    endloop
  endfacet
  facet normal 0 0 1
    outer loop
      vertex 7.053423027509678 9.70820393249937 1
      vertex 6.876010755100821 1.3116692021000724 1
      vertex 6.9448029092013455 0.8773326349501298 1
    endloop
  endfacet
  facet normal 0 0 1
    outer loop
      vertex 7.053423027509678 9.70820393249937 1
      vertex 6.7800821279004175 1.7408292101539835 1
      vertex 6.876010755100821 1.3116692021000724 1
    endloop
  endfacet
  facet normal 0 0 1
    outer loop
      vertex 6.42992153974796 10.13193510602418 1
      vertex 6.657395614066075 2.1631189606246317 1
      vertex 6.7800821279004175 1.7408292101539835 1
    endloop
  endfacet
  facet normal 0 0 1
    outer loop
      vertex 6.42992153974796 10.13193510602418 1
      vertex 6.50843540121776 2.576871868792746 1
      vertex 6.657395614066075 2.1631189606246317 1
    endloop
  endfacet
  facet normal 0 0 1
    outer loop
      vertex 6.42992153974796 10.13193510602418 1
      vertex 6.333789367262137 2.9804550409555084 1
      vertex 6.50843540121776 2.576871868792746 1
    endloop
  endfacet
  facet normal 0 0 1
    outer loop
      vertex 6.42992153974796 10.13193510602418 1
      vertex 6.134146760307045 3.3722757187120074 1
      vertex 6.333789367262137 2.9804550409555084 1
    endloop
  endfacet
  facet normal 0 0 1
    outer loop
      vertex 8.214565271144263 -8.74762352905694 1
      vertex 8.214565271144265 8.747623529056938 1
      vertex 7.649087876984277 9.24615891330947 1
    endloop
  endfacet
  facet normal 0.9995065603657316 0.03141075907812952 0
    outer loop
      vertex 12 0 1
      vertex 11.976320741139258 0.7534862343517605 0.050000000000000044
      vertex 11.976320741139258 0.7534862343517605 1
    endloop
  endfacet
  facet normal 0.9955619646030801 0.09410831331851298 0
    outer loop
      vertex 11.976320741139258 0.7534862343517605 1
      vertex 11.905376415773734 1.503998802771651 0.050000000000000044
      vertex 11.905376415773734 1.503998802771651 1
    endloop
  endfacet
  facet normal 0.9876883405951378 0.15643446504023095 0
    outer loop
      vertex 11.905376415773734 1.503998802771651 1
      vertex 11.787447008744264 2.2485757750286957 0.050000000000000044
      vertex 11.787447008744264 2.2485757750286957 1
    endloop
  endfacet
  facet normal 0.9759167619387473 0.2181432413965433 0
    outer loop
      vertex 11.787447008744264 2.2485757750286957 1
      vertex 11.622997933543573 2.9842786459782573 0.050000000000000044
      vertex 11.622997933543573 2.9842786459782573 1
    endloop
  endfacet
  facet normal 0 0 1
    outer loop
      vertex 9.246158913309468 -7.64908787698428 1
      vertex 9.24615891330947 7.649087876984277 1
      vertex 8.747623529056938 8.214565271144265 1
    endloop
  endfacet
  facet normal 0 0 1
    outer loop
      vertex 9.70820393249937 -7.053423027509678 1
      vertex 9.70820393249937 7.053423027509678 1
      vertex 9.24615891330947 7.649087876984277 1
    endloop
  endfacet
  facet normal 0 0 1
    outer loop
      vertex 10.515680160526362 -5.781044089220584 1
      vertex 10.515680160526363 5.781044089220584 1
      vertex 10.13193510602418 6.42992153974796 1
    endloop
  endfacet
  facet normal 0 0 1
    outer loop
      vertex 10.131935106024184 -6.429921539747955 1
      vertex 10.13193510602418 6.42992153974796 1
      vertex 9.70820393249937 7.053423027509678 1
    endloop
  endfacet
  facet normal 0 0 1
    outer loop
      vertex 11.976320741139258 -0.7534862343517652 1
      vertex 11.976320741139258 0.7534862343517605 1
      vertex 11.905376415773734 1.503998802771651 1
    endloop
  endfacet
  facet normal 0 0 1
    outer loop
      vertex 11.905376415773734 -1.5039988027716489 1
      vertex 11.905376415773734 1.503998802771651 1
      vertex 11.787447008744264 2.2485757750286957 1
    endloop
  endfacet
  facet normal 0 0 1
    outer loop
      vertex 11.412678195541842 -3.7082039324993685 1
      vertex 11.412678195541842 3.7082039324993685 1
      vertex 11.157317830659016 4.417494632216136 1
    endloop
  endfacet
  facet normal 0 0 1
    outer loop
      vertex 11.622997933543575 -2.9842786459782533 1
      vertex 11.622997933543573 2.9842786459782573 1
      vertex 11.412678195541842 3.7082039324993685 1
    endloop
  endfacet
  facet normal 0 0 1
    outer loop
      vertex 11.787447008744262 -2.248575775028698 1
      vertex 11.787447008744264 2.2485757750286957 1
      vertex 11.622997933543573 2.9842786459782573 1
    endloop
  endfacet
  facet normal 0 0 1
    outer loop
      vertex 10.857924629592235 -5.109351498780869 1
      vertex 10.857924629592235 5.109351498780872 1
      vertex 10.515680160526363 5.781044089220584 1
    endloop
  endfacet
  facet normal 0 0 1
    outer loop
      vertex 11.157317830659014 -4.41749463221614 1
      vertex 11.157317830659016 4.417494632216136 1
      vertex 10.857924629592235 5.109351498780872 1
    endloop
  endfacet
  facet normal 0.9408807689542258 0.33873792024529065 0
    outer loop
      vertex 11.157317830659016 4.417494632216136 1
      vertex 11.412678195541842 3.7082039324993685 1
      vertex 11.157317830659016 4.417494632216136 0.050000000000000044
    endloop
  endfacet
  facet normal 0.960293685676943 0.27899110603922994 0
    outer loop
      vertex 11.622997933543573 2.9842786459782573 1
      vertex 11.412678195541842 3.7082039324993685 0.050000000000000044
      vertex 11.412678195541842 3.7082039324993685 1
    endloop
  endfacet
  facet normal 0.9177546256839817 0.3971478906347794 0
    outer loop
      vertex 11.157317830659016 4.417494632216136 1
      vertex 10.857924629592235 5.109351498780872 0.050000000000000044
      vertex 10.857924629592235 5.109351498780872 1
    endloop
  endfacet
  facet normal 0.891006524188368 0.4539904997395464 0
    outer loop
      vertex 10.857924629592235 5.109351498780872 1
      vertex 10.515680160526363 5.781044089220584 0.050000000000000044
      vertex 10.515680160526363 5.781044089220584 1
    endloop
  endfacet
  facet normal 0 0 -1
    outer loop
      vertex 7.011663887235587 8.47564567053368 0.050000000000000044
      vertex 7.053423027509678 9.70820393249937 0.050000000000000044
      vertex 7.530018165215576 8.018654901635527 0.050000000000000044
    endloop
  endfacet
  facet normal 0 0 -1
    outer loop
      vertex 7.530018165215576 8.018654901635527 0.050000000000000044
      vertex 7.053423027509678 9.70820393249937 0.050000000000000044
      vertex 7.649087876984277 9.24615891330947 0.050000000000000044
    endloop
  endfacet
  facet normal 0 0 -1
    outer loop
      vertex 8.47564567053368 7.011663887235587 0.050000000000000044
      vertex 8.214565271144265 8.747623529056938 0.050000000000000044
      vertex 8.899186938124423 6.465637775217204 0.050000000000000044
    endloop
  endfacet
  facet normal 0 0 -1
    outer loop
      vertex 9.287607180522166 5.894094744768963 0.050000000000000044
      vertex 8.899186938124423 6.465637775217204 0.050000000000000044
      vertex 8.747623529056938 8.214565271144265 0.050000000000000044
    endloop
  endfacet
  facet normal 0 0 -1
    outer loop
      vertex 8.47564567053368 7.011663887235587 0.050000000000000044
      vertex 8.018654901635527 7.530018165215576 0.050000000000000044
      vertex 7.649087876984277 9.24615891330947 0.050000000000000044
    endloop
  endfacet
  facet normal 0 0 -1
    outer loop
      vertex 7.530018165215576 8.018654901635527 0.050000000000000044
      vertex 7.649087876984277 9.24615891330947 0.050000000000000044
      vertex 8.018654901635527 7.530018165215576 0.050000000000000044
    endloop
  endfacet
  facet normal 0 0 -1
    outer loop
      vertex 8.47564567053368 7.011663887235587 0.050000000000000044
      vertex 7.649087876984277 9.24615891330947 0.050000000000000044
      vertex 8.214565271144265 8.747623529056938 0.050000000000000044
    endloop
  endfacet
  facet normal 0 0 -1
    outer loop
      vertex 8.899186938124423 6.465637775217204 0.050000000000000044
      vertex 8.214565271144265 8.747623529056938 0.050000000000000044
      vertex 8.747623529056938 8.214565271144265 0.050000000000000044
    endloop
  endfacet
  facet normal 0.6613118653236516 0.7501110696304597 0
    outer loop
      vertex 8.214565271144265 8.747623529056938 1
      vertex 8.214565271144265 8.747623529056938 0.050000000000000044
      vertex 7.649087876984277 9.24615891330947 0.050000000000000044
    endloop
  endfacet
  facet normal 0.7071067811865476 0.7071067811865476 0
    outer loop
      vertex 8.747623529056938 8.214565271144265 1
      vertex 8.747623529056938 8.214565271144265 0.050000000000000044
      vertex 8.214565271144265 8.747623529056938 0.050000000000000044
    endloop
  endfacet
  facet normal 0 0 -1
    outer loop
      vertex 5.894094744768963 9.287607180522166 0.050000000000000044
      vertex 5.7810440892205825 10.515680160526363 0.050000000000000044
      vertex 6.465637775217204 8.899186938124423 0.050000000000000044
    endloop
  endfacet
  facet normal 0 0 -1
    outer loop
      vertex 7.011663887235587 8.47564567053368 0.050000000000000044
      vertex 6.465637775217204 8.899186938124423 0.050000000000000044
      vertex 6.42992153974796 10.13193510602418 0.050000000000000044
    endloop
  endfacet
  facet normal 0 0 -1
    outer loop
      vertex 6.465637775217204 8.899186938124423 0.050000000000000044
      vertex 5.7810440892205825 10.515680160526363 0.050000000000000044
      vertex 6.42992153974796 10.13193510602418 0.050000000000000044
    endloop
  endfacet
  facet normal 0 0 -1
    outer loop
      vertex 7.011663887235587 8.47564567053368 0.050000000000000044
      vertex 6.42992153974796 10.13193510602418 0.050000000000000044
      vertex 7.053423027509678 9.70820393249937 0.050000000000000044
    endloop
  endfacet
  facet normal 0.5090414157503717 0.8607420270039434 0
    outer loop
      vertex 6.42992153974796 10.13193510602418 1
      vertex 6.42992153974796 10.13193510602418 0.050000000000000044
      vertex 5.7810440892205825 10.515680160526363 0.050000000000000044
    endloop
  endfacet
  facet normal 0.612907053652977 0.79015501237569 0
    outer loop
      vertex 7.649087876984277 9.24615891330947 1
      vertex 7.649087876984277 9.24615891330947 0.050000000000000044
      vertex 7.053423027509678 9.70820393249937 0.050000000000000044
    endloop
  endfacet
  facet normal 0.56208337785213 0.8270805742745623 0
    outer loop
      vertex 7.053423027509678 9.70820393249937 1
      vertex 7.053423027509678 9.70820393249937 0.050000000000000044
      vertex 6.42992153974796 10.13193510602418 0.050000000000000044
    endloop
  endfacet
  facet normal 0 0 -1
    outer loop
      vertex 9.287607180522166 5.894094744768963 0.050000000000000044
      vertex 9.24615891330947 7.649087876984277 0.050000000000000044
      vertex 9.639373480482499 5.299290415118868 0.050000000000000044
    endloop
  endfacet
  facet normal 0 0 -1
    outer loop
      vertex 9.639373480482499 5.299290415118868 0.050000000000000044
      vertex 9.24615891330947 7.649087876984277 0.050000000000000044
      vertex 9.70820393249937 7.053423027509678 0.050000000000000044
    endloop
  endfacet
  facet normal 0 0 -1
    outer loop
      vertex 9.287607180522166 5.894094744768963 0.050000000000000044
      vertex 8.747623529056938 8.214565271144265 0.050000000000000044
      vertex 9.24615891330947 7.649087876984277 0.050000000000000044
    endloop
  endfacet
  facet normal 0 0 -1
    outer loop
      vertex 9.953097577126215 4.683572207215799 0.050000000000000044
      vertex 9.70820393249937 7.053423027509678 0.050000000000000044
      vertex 10.13193510602418 6.42992153974796 0.050000000000000044
    endloop
  endfacet
  facet normal 0.79015501237569 0.612907053652977 0
    outer loop
      vertex 9.70820393249937 7.053423027509678 1
      vertex 9.70820393249937 7.053423027509678 0.050000000000000044
      vertex 9.24615891330947 7.649087876984277 0.050000000000000044
    endloop
  endfacet
  facet normal 0.8270805742745623 0.56208337785213 0
    outer loop
      vertex 10.13193510602418 6.42992153974796 1
      vertex 10.13193510602418 6.42992153974796 0.050000000000000044
      vertex 9.70820393249937 7.053423027509678 0.050000000000000044
    endloop
  endfacet
  facet normal 0.7501110696304597 0.6613118653236516 0
    outer loop
      vertex 9.24615891330947 7.649087876984277 1
      vertex 9.24615891330947 7.649087876984277 0.050000000000000044
      vertex 8.747623529056938 8.214565271144265 0.050000000000000044
    endloop
  endfacet
  facet normal 0.7501110696304597 0.6613118653236516 0
    outer loop
      vertex 8.747623529056938 8.214565271144265 1
      vertex 9.24615891330947 7.649087876984277 1
      vertex 8.747623529056938 8.214565271144265 0.050000000000000044
    endloop
  endfacet
  facet normal 0.7071067811865476 0.7071067811865476 0
    outer loop
      vertex 8.214565271144265 8.747623529056938 1
      vertex 8.747623529056938 8.214565271144265 1
      vertex 8.214565271144265 8.747623529056938 0.050000000000000044
    endloop
  endfacet
  facet normal 0 0 1
    outer loop
      vertex 6.42992153974796 10.13193510602418 1
      vertex 6.7800821279004175 1.7408292101539835 1
      vertex 7.053423027509678 9.70820393249937 1
    endloop
  endfacet
  facet normal 0 0 1
    outer loop
      vertex 5.7810440892205825 10.515680160526363 1
      vertex 6.134146760307045 3.3722757187120074 1
      vertex 6.42992153974796 10.13193510602418 1
    endloop
  endfacet
  facet normal 0.56208337785213 0.8270805742745623 0
    outer loop
      vertex 6.42992153974796 10.13193510602418 1
      vertex 7.053423027509678 9.70820393249937 1
      vertex 6.42992153974796 10.13193510602418 0.050000000000000044
    endloop
  endfacet
  facet normal 0.612907053652977 0.79015501237569 0
    outer loop
      vertex 7.053423027509678 9.70820393249937 1
      vertex 7.649087876984277 9.24615891330947 1
      vertex 7.053423027509678 9.70820393249937 0.050000000000000044
    endloop
  endfacet
  facet normal 0.6613118653236516 0.7501110696304597 0
    outer loop
      vertex 8.214565271144265 8.747623529056938 1
      vertex 7.649087876984277 9.24615891330947 0.050000000000000044
      vertex 7.649087876984277 9.24615891330947 1
    endloop
  endfacet
  facet normal 0.79015501237569 0.612907053652977 0
    outer loop
      vertex 9.70820393249937 7.053423027509678 1
      vertex 9.24615891330947 7.649087876984277 0.050000000000000044
      vertex 9.24615891330947 7.649087876984277 1
    endloop
  endfacet
  facet normal 0.8607420270039428 0.5090414157503726 0
    outer loop
      vertex 10.515680160526363 5.781044089220584 1
      vertex 10.13193510602418 6.42992153974796 0.050000000000000044
      vertex 10.13193510602418 6.42992153974796 1
    endloop
  endfacet
  facet normal 0.8270805742745623 0.56208337785213 0
    outer loop
      vertex 9.70820393249937 7.053423027509678 1
      vertex 10.13193510602418 6.42992153974796 1
      vertex 9.70820393249937 7.053423027509678 0.050000000000000044
    endloop
  endfacet
endsolid OpenSCAD_Model
